raw_id,text,sentiment_label,sentiment_confidence,mentions_candidate_probability,intensity_score,lga_relevance_label,lga_confidence,opposition_signal_probability,language_label,language_confidence,schema_version,model,reviewer_label,reviewer_reasoning,final_label,reviewed_by,reviewed_at
nairaland-b39a96f4b224,"So, what is his own proposed solution? Or, should the country continue in a state of insecurity because you don’t agree with a proposal but current solution has also failed. All developed countries that have a sizeable population, even less than Nigeria have Federal, State & Municipal police departments. If your state does not want state police or improve the security of your state, then don’t implement it but let states serious about their people and their security implement it for their own states.",not_about_candidate,0.4,0.04,strong,unclear,1.0,0.22,english,1.0,v3,jev-1.13.0,confirmed,Post argues state-police policy generally with no Adamu/APM content and no LGA named; model's not_about/unclear/mentions-false match my read.,"{""sentiment"":""not_about_candidate"",""intensity"":""strong"",""lga"":""unclear"",""mentions"":false,""opposition"":false,""language"":""english""}",mimo-v2.6-ai-reviewer,2026-09-23
nairaland-e4b3475db501,"Kukutente23 : Stop deceiving yourselves How will state police succeed where federal police failed Are you saying state police will be better trained and equipped Stop building castle in the air The fact that in your state and your region, your failed leaders cannot manage law enforcement and administration of justice does not mean others suffer the same misfortune. Go and check the effectiveness of KAROTA vs FRSC in Kano, LASTMA vs FRSC in Lagos and TRACE vs FRSC in Ogun.",not_about_candidate,0.51,0.02,strong,unclear,1.0,0.18,english,0.83,v3,jev-1.13.0,confirmed,"Heated state-police reply with no candidate or LGA reference, so the model's gate fields all stand.","{""sentiment"":""not_about_candidate"",""intensity"":""strong"",""lga"":""unclear"",""mentions"":false,""opposition"":false,""language"":""english""}",mimo-v2.6-ai-reviewer,2026-09-23
nairaland-b464652176be,"omenka : Since this man started associating with Gringori and the Mob, he's been misfiring from all cylinders. Find out why state police was abolished in your country. It was enforced before, find out why it failed and with the crop of politicians we have now, I'm most sure of this would change what happened in the past.",not_about_candidate,0.7,0.02,strong,unclear,0.99,0.18,english,0.91,v3,jev-1.13.0,confirmed,"Criticises an unnamed politician's state-police stance rather than Adamu/APM, and names no LGA.","{""sentiment"":""not_about_candidate"",""intensity"":""strong"",""lga"":""unclear"",""mentions"":false,""opposition"":false,""language"":""english""}",mimo-v2.6-ai-reviewer,2026-09-23
nairaland-14b9f0d9d40a,Those of you in support of state police will eventually know what a police state is like. Brace up! A wicked hurricane in coming!,not_about_candidate,0.74,0.02,strong,unclear,1.0,0.16,english,1.0,v3,jev-1.13.0,confirmed,"Hyperbolic warning about state police only, nothing on Adamu/APM or any Bauchi LGA, so model labels stand.","{""sentiment"":""not_about_candidate"",""intensity"":""strong"",""lga"":""unclear"",""mentions"":false,""opposition"":false,""language"":""english""}",mimo-v2.6-ai-reviewer,2026-09-23
nairaland-401a1629778c,"Jakpon : Kwankwanso was the Governor of Kano who introduced Sharia Law and Hisbah(Islamic Police) to the State. This same Kwankwanso is opposed to State Police whereas his principal, Peter Obi once said he is in support of it. . You this man, that bleached AdaObi picture wey you post, shey you go enter Heaven like this? AdaObi come be like Uzodinma wey Wike go beat up anytime the two of them meet for road",not_about_candidate,0.63,0.03,strong,unclear,0.97,0.6,mixed,0.91,v3,jev-1.13.0,confirmed,"Kwankwaso/Obi/Wike banter with no Adamu/APM and no LGA, confirming the model's not_about/unclear.","{""sentiment"":""not_about_candidate"",""intensity"":""strong"",""lga"":""unclear"",""mentions"":false,""opposition"":false,""language"":""english""}",mimo-v2.6-ai-reviewer,2026-09-23
nairaland-296102de44af,"Wickedfacts : The fact that in your state and your region, your failed leaders cannot manage law enforcement and administration of justice does not mean others suffer the same misfortune. Go and check the effectiveness of KAROTA vs FRSC in Kano, LASTMA vs FRSC in Lagos and TRACE vs FRSC in Ogun. It is a testament to you intelligence level that you're comparing traffic management with insecurity",not_about_candidate,0.78,0.02,strong,unclear,1.0,0.3,english,0.92,v3,jev-1.13.0,confirmed,Traffic-agency comparisons inside a state-police argument with no candidate or LGA content.,"{""sentiment"":""not_about_candidate"",""intensity"":""strong"",""lga"":""unclear"",""mentions"":false,""opposition"":false,""language"":""english""}",mimo-v2.6-ai-reviewer,2026-09-23
nairaland-2083a1d44a1b,[ baba dey cap dust abeg. This one na make e no be like say him no talk anything. At all at all na him bad pass. Anywaysss..... he's asking for reconciliation with abba gida gida of kano and so far the kano indigenes I've interviewed don't think he has as much relevance again compared to abbaquote author=tishbite41 post=140717148]Kwankwaso just dey cap anyhow o [/quote],not_about_candidate,0.45,0.03,strong,unclear,0.9,0.41,mixed,0.97,v3,jev-1.13.0,confirmed,"Pidgin mockery of Kwankwaso's state-police stance is not about Adamu/APM and names no LGA, so confirmed.","{""sentiment"":""not_about_candidate"",""intensity"":""mild"",""lga"":""unclear"",""mentions"":false,""opposition"":false,""language"":""english""}",mimo-v2.6-ai-reviewer,2026-09-23
nairaland-af13e65b8dbd,Obedient and Obi supporters see your life They are exposing themselves .... Another psuedo Buhari in the making,negative,0.71,0.04,strong,unclear,0.98,0.57,english,0.82,v3,jev-1.13.0,corrected,"Model marked negative but the text only mocks Obedient/Obi supporters, which is not about Yakubu Adamu or APM.","{""sentiment"":""not_about_candidate"",""intensity"":""strong"",""lga"":""unclear"",""mentions"":false,""opposition"":false,""language"":""english""}",mimo-v2.6-ai-reviewer,2026-09-23
nairaland-e4d31619f3ad,Re: I Am Against State Police — Kwankwaso by GUNITGuy : 12:01am mastermaestro : Those of you in support of state police will eventually know what a police state is like. Brace up! A wicked hurricane in coming! Better a stats police were you can control your security and relinquishing your security to strangers who are accomplice to crime as it's done in Benue and Jos ....Just imagined it just 2percent of Berom men or idoma  are armed to secure their Territory let me see which Fulani supporter of APC would fly,not_about_candidate,0.73,0.02,very_strong,unclear,0.99,0.49,english,0.95,v3,jev-1.13.0,confirmed,"State-police debate that touches APC only in passing, with no Adamu/APM or LGA reference.","{""sentiment"":""not_about_candidate"",""intensity"":""strong"",""lga"":""unclear"",""mentions"":false,""opposition"":false,""language"":""english""}",mimo-v2.6-ai-reviewer,2026-09-23
nairaland-180b94b8c2bf,"Re: I Am Against State Police — Kwankwaso by vRendoh ( m ): 12:18am The dog and pig were never made to be friends if not for desperacy. The ideologies completely opposite. No to state police?! Ahh, na wao",negative,0.49,0.05,moderate,unclear,0.97,0.38,mixed,0.88,v3,jev-1.13.0,corrected,Model scored negative but this is a 'dog and pig' state-police quip unrelated to Yakubu Adamu or APM.,"{""sentiment"":""not_about_candidate"",""intensity"":""moderate"",""lga"":""unclear"",""mentions"":false,""opposition"":false,""language"":""english""}",mimo-v2.6-ai-reviewer,2026-09-23
nairaland-d85ae9cc96d7,"The dog and pig were never made to be friends if not for desperacy. The ideologies completely opposite. No to state police?! Ahh, na wao",not_about_candidate,0.38,0.04,moderate,unclear,0.99,0.22,mixed,0.83,v3,jev-1.13.0,confirmed,Same state-police remark without the thread header; not about candidate/APM and no LGA named.,"{""sentiment"":""not_about_candidate"",""intensity"":""moderate"",""lga"":""unclear"",""mentions"":false,""opposition"":false,""language"":""english""}",mimo-v2.6-ai-reviewer,2026-09-23
nairaland-0909c4b9dea4,Re: I Am Against State Police — Kwankwaso by LordIsaac ( m ): 12:58am One Nijeriya has spoken!,not_about_candidate,0.51,0.05,strong,unclear,0.98,0.31,english,0.77,v3,jev-1.13.0,confirmed,Sarcastic 'One Nijeriya has spoken' in a Kwankwaso thread names no candidate or LGA.,"{""sentiment"":""not_about_candidate"",""intensity"":""mild"",""lga"":""unclear"",""mentions"":false,""opposition"":false,""language"":""english""}",mimo-v2.6-ai-reviewer,2026-09-23
nairaland-c9a1652a3eea,One Nijeriya has spoken!,not_about_candidate,0.42,0.07,strong,unclear,0.99,0.27,english,0.78,v3,jev-1.13.0,confirmed,"Isolated sarcasm aimed at the thread's author, with nothing on Adamu/APM or an LGA.","{""sentiment"":""not_about_candidate"",""intensity"":""mild"",""lga"":""unclear"",""mentions"":false,""opposition"":false,""language"":""english""}",mimo-v2.6-ai-reviewer,2026-09-23
nairaland-821719cd4f61,"Re: I Am Against State Police — Kwankwaso by Greattha : 3:49am * . Modified: 4:25am Pseudo-intellectuals-Na wa o...someone gave his personal opinion,  you twisted it to be his party's opinion... Aside from storming the forest (which we all know is a lie...much like your oga promised security, cheap fuel and steady power supply only for killings to skyrocket, nigerians buying fuel at 1.4k+/L etc by the way) ....what has this one you support done differently on this your list...but nooooo...na gringory be una problem.🤡.. O boy, una no suppose dey campaign at all cos y'all have nufin to offer. Not a fan of the guy but It seems gringory is and will always be your worst nightmare omenka : I won't be surprised if Obidients begin to accuse him of working for Tinubu. Here are what the NDC candidates have promised to do so far: 1. Gringori says he'd personally storm any forest in the country and rescue kidnap victims, commando style, within three days of their abduction. He says he doesn't care if there are casualties, but some would be rescued nonetheless. 2. Gringori said he'd negotiate with terrorists to bring an end to insecurity. 3. Kwankwaso says the party is against state police. Ladies and gentlemen, behold one of the presidential contestants. 👏",not_about_candidate,0.79,0.02,strong,unclear,0.99,0.44,mixed,0.91,v3,jev-1.13.0,confirmed,Long mockery of NDC hopefuls and Kwankwaso's state-police stance never reaches Adamu/APM or a LGA.,"{""sentiment"":""not_about_candidate"",""intensity"":""strong"",""lga"":""unclear"",""mentions"":false,""opposition"":false,""language"":""english""}",mimo-v2.6-ai-reviewer,2026-09-23
nairaland-4b67fc2ef0cc,"Re: I Am Against State Police — Kwankwaso by TokoEkambi : 4:19am This is from a clown that had hisbah working under him. These lot are never serious. But he's deputising their messiah, so he's a hero (to them).",negative,0.53,0.05,strong,unclear,0.92,0.39,english,0.72,v3,jev-1.13.0,corrected,"Model said negative but the 'clown with hisbah' insult targets Kwankwaso, not Yakubu Adamu or APM.","{""sentiment"":""not_about_candidate"",""intensity"":""strong"",""lga"":""unclear"",""mentions"":false,""opposition"":false,""language"":""english""}",mimo-v2.6-ai-reviewer,2026-09-23
nairaland-731e95579276,Re: I Am Against State Police — Kwankwaso by zoedew : 5:41am * . Modified: 6:05am omenka : https://www.instagram.com/p/DdmP-0ns7Dv/?stkn=aa2h2bXlycjN3bjA5. But this is what he said in 2023- “ https://www.nairaland.com/7431968/2023-open-restructuring-state-police#118369324 ”. Now very clear that Kwaks is very unstable and lacks capacity to rule Nigeria. He cannot appreciate that Nigeria cannot be effectively policed by a Unitary police force. He just blew 2031!,not_about_candidate,0.66,0.03,strong,unclear,0.99,0.45,english,0.92,v3,jev-1.13.0,confirmed,"Calls Kwankwaso unstable over state police - not Adamu/APM and no LGA, confirming the model.","{""sentiment"":""not_about_candidate"",""intensity"":""strong"",""lga"":""unclear"",""mentions"":false,""opposition"":false,""language"":""english""}",mimo-v2.6-ai-reviewer,2026-09-23
nairaland-61a50d40d6fc,omenka : https://www.instagram.com/p/DdmP-0ns7Dv/?stkn=aa2h2bXlycjN3bjA5. But this is what he said in 2023- “ https://www.nairaland.com/7431968/2023-open-restructuring-state-police#118369324 ”. Now very clear that Kwaks is very unstable and lacks capacity to rule Nigeria. He cannot appreciate that Nigeria cannot be effectively policed by a Unitary police force. He just blew 2031!,not_about_candidate,0.52,0.04,strong,unclear,1.0,0.36,english,0.94,v3,jev-1.13.0,confirmed,Quote-only version of the same anti-Kwankwaso criticism with no candidate/APM or LGA content.,"{""sentiment"":""not_about_candidate"",""intensity"":""strong"",""lga"":""unclear"",""mentions"":false,""opposition"":false,""language"":""english""}",mimo-v2.6-ai-reviewer,2026-09-23
nairaland-bd2cd417b4e1,omenka : https://www.instagram.com/p/DdmP-0ns7Dv/?stkn=aa2h2bXlycjN3bjA5. Hmn... Hoebeedients in dilemma They will now struggle to justify the contradictions between obi and Kwankwanso. This is wonderful 😊 Tinubu till 2031.,not_about_candidate,0.4,0.04,moderate,unclear,0.95,0.75,mixed,0.81,v3,jev-1.13.0,confirmed,Mocking Obidients and closing 'Tinubu till 2031' keeps it off candidate/APM while signalling clear APC sympathy.,"{""sentiment"":""not_about_candidate"",""intensity"":""moderate"",""lga"":""unclear"",""mentions"":false,""opposition"":true,""language"":""english""}",mimo-v2.6-ai-reviewer,2026-09-23
nairaland-301fdbfa4072,Re: I Am Against State Police — Kwankwaso by Codes151 ( m ): 6:07am Because they know they are part of the terrorists,negative,0.38,0.04,strong,unclear,0.98,0.38,english,0.98,v3,jev-1.13.0,corrected,Model called it negative but 'part of the terrorists' is generic thread abuse with no Adamu/APM reference.,"{""sentiment"":""not_about_candidate"",""intensity"":""strong"",""lga"":""unclear"",""mentions"":false,""opposition"":false,""language"":""english""}",mimo-v2.6-ai-reviewer,2026-09-23
nairaland-2ceb2603f6b3,Because they know they are part of the terrorists,negative,0.41,0.06,strong,unclear,1.0,0.22,english,1.0,v3,jev-1.13.0,corrected,"Standalone 'part of the terrorists' accusation never names the candidate, APM, or an LGA.","{""sentiment"":""not_about_candidate"",""intensity"":""strong"",""lga"":""unclear"",""mentions"":false,""opposition"":false,""language"":""english""}",mimo-v2.6-ai-reviewer,2026-09-23
nairaland-c080cfcaff74,Re: I Am Against State Police — Kwankwaso by Parachoko : 6:23am Greattha : So Shetima that you support and buhari you supported aren't  advocating fulani supremacy right? 🤡🤡🤡...Oloorun 🤡 Is Shettima a Fulani Man? Una go just dey disgrace unaself with Una ignorant comment,not_about_candidate,0.65,0.03,strong,unclear,0.94,0.61,mixed,0.91,v3,jev-1.13.0,confirmed,"Shettima/Buhari fulani-supremacy squabble with no Adamu/APM or Bauchi LGA, confirming not_about/unclear.","{""sentiment"":""not_about_candidate"",""intensity"":""strong"",""lga"":""unclear"",""mentions"":false,""opposition"":false,""language"":""english""}",mimo-v2.6-ai-reviewer,2026-09-23
nairaland-f46e3b9f0531,Greattha : So Shetima that you support and buhari you supported aren't  advocating fulani supremacy right? 🤡🤡🤡...Oloorun 🤡 Is Shettima a Fulani Man? Una go just dey disgrace unaself with Una ignorant comment,not_about_candidate,0.7,0.02,strong,unclear,0.94,0.46,mixed,0.89,v3,jev-1.13.0,confirmed,"Quote-only Shettima remark contains no candidate/APM or LGA content, so the model matches.","{""sentiment"":""not_about_candidate"",""intensity"":""strong"",""lga"":""unclear"",""mentions"":false,""opposition"":false,""language"":""english""}",mimo-v2.6-ai-reviewer,2026-09-23
nairaland-4906abc815f2,"Re: I Am Against State Police — Kwankwaso by Hellisreal70 : 6:27am With this statement it is like this man is a weapon fashioned against our man. Well,  just speaking as a southern Christian.",negative,0.17,0.04,strong,unclear,0.98,0.46,english,0.99,v3,jev-1.13.0,corrected,"Model marked negative but 'weapon fashioned against our man' concerns Obi/Kwankwaso camp politics, not Adamu/APM.","{""sentiment"":""not_about_candidate"",""intensity"":""strong"",""lga"":""unclear"",""mentions"":false,""opposition"":false,""language"":""english""}",mimo-v2.6-ai-reviewer,2026-09-23
nairaland-da5f7ae2fff7,"With this statement it is like this man is a weapon fashioned against our man. Well,  just speaking as a southern Christian.",negative,0.78,0.04,strong,unclear,1.0,0.25,english,1.0,v3,jev-1.13.0,corrected,"Same phrase without header refers to an unnamed 'our man', never Yakubu Adamu or APM.","{""sentiment"":""not_about_candidate"",""intensity"":""strong"",""lga"":""unclear"",""mentions"":false,""opposition"":false,""language"":""english""}",mimo-v2.6-ai-reviewer,2026-09-23
nairaland-6fde09a33dfa,Re: I Am Against State Police — Kwankwaso by Raf4 : 6:32am But you support hisbah police with full chest..... we're taking notes 📝,negative,0.4,0.04,strong,unclear,0.96,0.38,english,0.75,v3,jev-1.13.0,corrected,"Mocking a hisbah defender in the state-police thread; no Adamu/APM or LGA, so the model's negative is off-target.","{""sentiment"":""not_about_candidate"",""intensity"":""mild"",""lga"":""unclear"",""mentions"":false,""opposition"":false,""language"":""english""}",mimo-v2.6-ai-reviewer,2026-09-23
nairaland-ef20976ca1dc,But you support hisbah police with full chest..... we're taking notes 📝,negative,0.51,0.05,strong,unclear,0.98,0.29,english,0.68,v3,jev-1.13.0,corrected,"Standalone 'hisbah with full chest' jab does not touch Adamu/APM or any LGA, so not_about corrects the model.","{""sentiment"":""not_about_candidate"",""intensity"":""mild"",""lga"":""unclear"",""mentions"":false,""opposition"":false,""language"":""english""}",mimo-v2.6-ai-reviewer,2026-09-23
nairaland-073e20f99975,Re: I Am Against State Police — Kwankwaso by zoedew : 6:40am Parachoko : Is Shettima a Fulani Man? Una go just dey disgrace unaself with Una ignorant comment You are correct!! Too many Nigerians for comfort who  do not read!,not_about_candidate,0.62,0.04,strong,unclear,0.94,0.4,mixed,0.88,v3,jev-1.13.0,confirmed,"Agreement that Shettima is not Fulani stays on APC figures only, with no candidate/APM or LGA content.","{""sentiment"":""not_about_candidate"",""intensity"":""moderate"",""lga"":""unclear"",""mentions"":false,""opposition"":false,""language"":""english""}",mimo-v2.6-ai-reviewer,2026-09-23
nairaland-bd97d706b127,Parachoko : Is Shettima a Fulani Man? Una go just dey disgrace unaself with Una ignorant comment You are correct!! Too many Nigerians for comfort who  do not read!,not_about_candidate,0.69,0.03,strong,unclear,0.92,0.2,mixed,0.82,v3,jev-1.13.0,confirmed,"Quote-only exchange on Shettima's ethnicity names no candidate/APM or LGA, confirming the model.","{""sentiment"":""not_about_candidate"",""intensity"":""moderate"",""lga"":""unclear"",""mentions"":false,""opposition"":false,""language"":""english""}",mimo-v2.6-ai-reviewer,2026-09-23
nairaland-1596c932df68,"Re: I Am Against State Police — Kwankwaso by dederocs ( m ): 6:41am Abokii na aboki, bad",negative,0.34,0.04,mild,unclear,0.96,0.32,mixed,0.69,v3,jev-1.13.0,corrected,"Model scored negative but 'Abokii na aboki, bad' is a brief Hausa-English insult with no candidate or LGA.","{""sentiment"":""not_about_candidate"",""intensity"":""mild"",""lga"":""unclear"",""mentions"":false,""opposition"":false,""language"":""mixed""}",mimo-v2.6-ai-reviewer,2026-09-23
nairaland-05196cdb60aa,"Abokii na aboki, bad",negative,0.38,0.04,mild,unclear,0.98,0.26,mixed,0.54,v3,jev-1.13.0,corrected,The same three-word Hausa-English insult alone is not about candidate/APM and names no LGA.,"{""sentiment"":""not_about_candidate"",""intensity"":""mild"",""lga"":""unclear"",""mentions"":false,""opposition"":false,""language"":""mixed""}",mimo-v2.6-ai-reviewer,2026-09-23
nairaland-ca6854cb5a12,"Hellisreal70 : With this statement it is like this man is a weapon fashioned against our man. Well,  just speaking as a southern Christian. Peter Obi is his own worst enemy not Kwaks! Peter Obi, out of desperation, for the Presidency is in bed with an alleged terrorist who, on one hand stands for Hisbah Police for the advancement of Islam while on the other hand now opposes State Police meant to assure security for the ordinary Nigerian.",not_about_candidate,0.59,0.03,strong,unclear,0.98,0.75,english,0.94,v3,jev-1.13.0,confirmed,"Attacks Peter Obi's Kwankwaso alignment rather than Adamu/APM, and names no LGA.","{""sentiment"":""not_about_candidate"",""intensity"":""strong"",""lga"":""unclear"",""mentions"":false,""opposition"":false,""language"":""english""}",mimo-v2.6-ai-reviewer,2026-09-23
nairaland-0a36e6644196,"Re: I Am Against State Police — Kwankwaso by greatiyk4u ( m ): 6:46am Wickedfacts : You wey police nearly jail a few years ago? Police dey slap you and you dey beg, you dey beg police offline. But online, you dey make mouth. That was 11 years ago as an undergraduate,......thanks for reminding me, going forward it's my time to revenge",not_about_candidate,0.38,0.04,strong,unclear,0.98,0.34,mixed,0.95,v3,jev-1.13.0,confirmed,"Pidgin banter about an old arrest attempt carries no candidate/APM or LGA content, so model agrees.","{""sentiment"":""not_about_candidate"",""intensity"":""moderate"",""lga"":""unclear"",""mentions"":false,""opposition"":false,""language"":""english""}",mimo-v2.6-ai-reviewer,2026-09-23
nairaland-fcc8db60f2b1,"Wickedfacts : You wey police nearly jail a few years ago? Police dey slap you and you dey beg, you dey beg police offline. But online, you dey make mouth. That was 11 years ago as an undergraduate,......thanks for reminding me, going forward it's my time to revenge",not_about_candidate,0.46,0.04,strong,unclear,1.0,0.09,mixed,0.77,v3,jev-1.13.0,confirmed,"Quote-only police-slapping anecdote never mentions the candidate, APM, or an LGA.","{""sentiment"":""not_about_candidate"",""intensity"":""moderate"",""lga"":""unclear"",""mentions"":false,""opposition"":false,""language"":""english""}",mimo-v2.6-ai-reviewer,2026-09-23
nairaland-dd72a8cf9e62,Re: I Am Against State Police — Kwankwaso by Tilewizy : 6:51am omenka : https://www.instagram.com/p/DdmP-0ns7Dv/?stkn=aa2h2bXlycjN3bjA5. I'm not sure he is reasoning well,negative,0.52,0.06,mild,unclear,0.98,0.33,english,0.63,v3,jev-1.13.0,corrected,"Model called it negative but 'not sure he is reasoning well' targets the linked Kwankwaso poster, not Adamu/APM.","{""sentiment"":""not_about_candidate"",""intensity"":""mild"",""lga"":""unclear"",""mentions"":false,""opposition"":false,""language"":""english""}",mimo-v2.6-ai-reviewer,2026-09-23
nairaland-22082798f22e,omenka : https://www.instagram.com/p/DdmP-0ns7Dv/?stkn=aa2h2bXlycjN3bjA5. I'm not sure he is reasoning well,negative,0.67,0.1,mild,unclear,1.0,0.3,english,0.91,v3,jev-1.13.0,corrected,The same single-line doubt about someone's reasoning names no candidate or LGA.,"{""sentiment"":""not_about_candidate"",""intensity"":""mild"",""lga"":""unclear"",""mentions"":false,""opposition"":false,""language"":""english""}",mimo-v2.6-ai-reviewer,2026-09-23
nairaland-b0acb632da00,"Re: I Am Against State Police — Kwankwaso by Greattha : 7:11am * . Modified: 7:50am Pele o choko ignorant🤡...Wether Kanuri, werher Yoruba,Igbo or hausa...as long as you're a terrorist apologist, you advocate fulani supremacy. Parachoko : Is Shettima a Fulani Man? Una go just dey disgrace unaself with Una ignorant comment",not_about_candidate,0.59,0.03,strong,unclear,0.97,0.38,mixed,0.93,v3,jev-1.13.0,confirmed,"Insults an interlocutor as a fulani-supremacy apologist in the Shettima debate, with no Adamu/APM or LGA.","{""sentiment"":""not_about_candidate"",""intensity"":""strong"",""lga"":""unclear"",""mentions"":false,""opposition"":false,""language"":""english""}",mimo-v2.6-ai-reviewer,2026-09-23
nairaland-d0a761b360d6,"Pele o choko ignorant🤡...Wether Kanuri, werher Yoruba,Igbo or hausa...as long as you're a terrorist apologist, you advocate fulani supremacy. Parachoko : Is Shettima a Fulani Man? Una go just dey disgrace unaself with Una ignorant comment",not_about_candidate,0.55,0.03,very_strong,unclear,0.93,0.21,mixed,0.91,v3,jev-1.13.0,confirmed,"Quote body of the same insult still has no candidate/APM or LGA reference, so the model matches.","{""sentiment"":""not_about_candidate"",""intensity"":""strong"",""lga"":""unclear"",""mentions"":false,""opposition"":false,""language"":""english""}",mimo-v2.6-ai-reviewer,2026-09-23
nairaland-8946bf3461fe,"Re: I Am Against State Police — Kwankwaso by Mrexcell ( m ): 7:16am seunmsg : It would have been a wonder of the world if a major backer of fulani supremacy and insurgency is in support of a policing system that will stop violent Islamic and land grabbing terrorists from killing and displacing Christian farmers and families in the north central. Sadly, this is the character Peter Obi has decided to align with against the Northern Christian people who voted for him in 2023. The betrayal couldn't even be louder. What about ur tinibu that choosed a known bokoharam supporter as his vice?",not_about_candidate,0.69,0.03,very_strong,unclear,0.99,0.57,english,0.44,v3,jev-1.13.0,confirmed,Obi-Kwankwaso betrayal argument with a Tinubu jab never reaches Adamu/APM or a LGA.,"{""sentiment"":""not_about_candidate"",""intensity"":""very_strong"",""lga"":""unclear"",""mentions"":false,""opposition"":false,""language"":""english""}",mimo-v2.6-ai-reviewer,2026-09-23
nairaland-04455abcc1b8,"seunmsg : It would have been a wonder of the world if a major backer of fulani supremacy and insurgency is in support of a policing system that will stop violent Islamic and land grabbing terrorists from killing and displacing Christian farmers and families in the north central. Sadly, this is the character Peter Obi has decided to align with against the Northern Christian people who voted for him in 2023. The betrayal couldn't even be louder. What about ur tinibu that choosed a known bokoharam supporter as his vice?",not_about_candidate,0.73,0.02,very_strong,unclear,0.99,0.53,english,0.67,v3,jev-1.13.0,confirmed,Quote-only fulani-supremacy/Buhari-VP argument contains no candidate/APM or LGA content.,"{""sentiment"":""not_about_candidate"",""intensity"":""very_strong"",""lga"":""unclear"",""mentions"":false,""opposition"":false,""language"":""english""}",mimo-v2.6-ai-reviewer,2026-09-23
nairaland-114d1984d37b,"Re: I Am Against State Police — Kwankwaso by commoditiesnig ( m ): 7:19am What a ridiculous comment omenka : Since this man started associating with Gringori and the Mob, he's been misfiring from all cylinders. Lol 😂 I tire o",negative,0.41,0.03,strong,unclear,0.97,0.46,english,0.55,v3,jev-1.13.0,corrected,"Model scored negative but 'What a ridiculous comment... I tire' mocks an Obi/Kwankwaso take, not Adamu/APM.","{""sentiment"":""not_about_candidate"",""intensity"":""mild"",""lga"":""unclear"",""mentions"":false,""opposition"":false,""language"":""english""}",mimo-v2.6-ai-reviewer,2026-09-23
nairaland-386bd8c6334b,"Re: I Am Against State Police — Kwankwaso by Jd10k ( m ): 7:59am Lastmankc : What about your drug lord that is an acting president in France what a great achievement for a Nigeria president to be acting president in France. for your information China president, Russian president, south Africa and Egypt president are not in the disUNITED NATION MEETING.",not_about_candidate,0.6,0.03,strong,unclear,0.99,0.48,english,0.95,v3,jev-1.13.0,confirmed,Anti-Tinubu 'drug lord in France' jibe in a state-police thread names no candidate/APM or LGA.,"{""sentiment"":""not_about_candidate"",""intensity"":""strong"",""lga"":""unclear"",""mentions"":false,""opposition"":false,""language"":""english""}",mimo-v2.6-ai-reviewer,2026-09-23
nairaland-6b430f50e6be,"Lastmankc : What about your drug lord that is an acting president in France what a great achievement for a Nigeria president to be acting president in France. for your information China president, Russian president, south Africa and Egypt president are not in the disUNITED NATION MEETING.",not_about_candidate,0.52,0.02,strong,unclear,1.0,0.44,english,0.97,v3,jev-1.13.0,confirmed,"Quote-only insult against the president never mentions Yakubu Adamu, APM, or an LGA.","{""sentiment"":""not_about_candidate"",""intensity"":""strong"",""lga"":""unclear"",""mentions"":false,""opposition"":false,""language"":""english""}",mimo-v2.6-ai-reviewer,2026-09-23
nairaland-d0682e412598,"Akpakomiza2 : Omar Suleiman is not going anywhere in Adamawa, Haske has left to apm Haske leaving APC to defect to APM is a big problem for the APC gubernatorial candidate.",not_about_candidate,0.15,0.93,moderate,unclear,0.99,0.59,english,0.33,v3,jev-1.13.0,corrected,"Model said not_about but the text explicitly discusses Haske defecting to APM, so mentions is true and sentiment is neutral reporting of APM politics.","{""sentiment"":""neutral"",""intensity"":""moderate"",""lga"":""unclear"",""mentions"":true,""opposition"":false,""language"":""english""}",mimo-v2.6-ai-reviewer,2026-09-23
nairaland-0e04f85ac8bf,"Penguin2 : Or maybe new facts are now available to him that has nullified his previous position which is what informed his current decision. You like to doubt it, but Obi is Nigeria’s next president. A circus stage performer you are",not_about_candidate,0.47,0.03,strong,unclear,0.99,0.49,english,0.99,v3,jev-1.13.0,confirmed,"Pro-Obi line plus a 'circus performer' insult, with no Adamu/APM or LGA content, confirming not_about/unclear.","{""sentiment"":""not_about_candidate"",""intensity"":""strong"",""lga"":""unclear"",""mentions"":false,""opposition"":false,""language"":""english""}",mimo-v2.6-ai-reviewer,2026-09-23
nairaland-a528b9bb73e2,"Re: NDC delegates Babachir Lawal to oversee activities in NE & NC zones (vid) by Akpakomiza2 : 12:14am AMINDA : Haske leaving APC to defect to APM is a big problem for the APC gubernatorial candidate. Which problem? APC is overloaded. ADC in Adamawa is empty, they where begging for Haske",not_about_candidate,0.24,0.89,moderate,unclear,0.96,0.65,mixed,0.48,v3,jev-1.13.0,corrected,"Quote and reply debate an APC-to-APM defection - about APM politics with mentions true, and the 'APC is overloaded' defence reads APC-sympathetic, which the model's not_about missed.","{""sentiment"":""neutral"",""intensity"":""moderate"",""lga"":""unclear"",""mentions"":true,""opposition"":true,""language"":""english""}",mimo-v2.6-ai-reviewer,2026-09-23
nairaland-e9b731d7d23b,"AMINDA : Haske leaving APC to defect to APM is a big problem for the APC gubernatorial candidate. Which problem? APC is overloaded. ADC in Adamawa is empty, they where begging for Haske",positive,0.12,0.91,moderate,unclear,0.99,0.56,english,0.46,v3,jev-1.13.0,corrected,"Model marked positive but the reply only shrugs off the APC-to-APM defection story, so this is neutral APM politics with mentions true, not positive praise.","{""sentiment"":""neutral"",""intensity"":""moderate"",""lga"":""unclear"",""mentions"":true,""opposition"":true,""language"":""english""}",mimo-v2.6-ai-reviewer,2026-09-23
nairaland-304748d840b7,"Re: NDC delegates Babachir Lawal to oversee activities in NE & NC zones (vid) by Moneybadger : 1:54am Exousiang01 : Person wer just enter. Someone just entered and you hand over the structures of two Geopolitical zones to him in less than 24hrs. Na wa oh Na script them dey play na, obi go learn for the last episode",not_about_candidate,0.47,0.02,strong,unclear,0.96,0.31,mixed,0.9,v3,jev-1.13.0,confirmed,"Pidgin mockery of NDC zone handovers and Obi, not Adamu/APM and no LGA, confirming the model.","{""sentiment"":""not_about_candidate"",""intensity"":""moderate"",""lga"":""unclear"",""mentions"":false,""opposition"":false,""language"":""english""}",mimo-v2.6-ai-reviewer,2026-09-23
nairaland-d6df81769ace,"Exousiang01 : Person wer just enter. Someone just entered and you hand over the structures of two Geopolitical zones to him in less than 24hrs. Na wa oh Na script them dey play na, obi go learn for the last episode",negative,0.37,0.03,strong,unclear,1.0,0.29,mixed,0.88,v3,jev-1.13.0,corrected,"Model called it negative but the text is NDC-structure gossip about Obi learning a lesson, unrelated to Adamu/APM.","{""sentiment"":""not_about_candidate"",""intensity"":""moderate"",""lga"":""unclear"",""mentions"":false,""opposition"":false,""language"":""english""}",mimo-v2.6-ai-reviewer,2026-09-23
nairaland-697987e6db34,Re: NDC delegates Babachir Lawal to oversee activities in NE & NC zones (vid) by georgeakins : 5:23am Basic123 : JUST LIKE THAT KWANKWASO AND BABACHIR LAWAL are now Obidients heroes There was a time when MALAMI and EL RUFAI were there pillars of support That movement represents nothing! Obidence represents CONFUSION! and DELUSION!,not_about_candidate,0.77,0.02,very_strong,unclear,0.97,0.51,english,0.94,v3,jev-1.13.0,confirmed,"Anti-Obidient rant about shifting heroes never names Yakubu Adamu, APM, or a Bauchi LGA.","{""sentiment"":""not_about_candidate"",""intensity"":""very_strong"",""lga"":""unclear"",""mentions"":false,""opposition"":false,""language"":""english""}",mimo-v2.6-ai-reviewer,2026-09-23
nairaland-fc5365c30028,Basic123 : JUST LIKE THAT KWANKWASO AND BABACHIR LAWAL are now Obidients heroes There was a time when MALAMI and EL RUFAI were there pillars of support That movement represents nothing! Obidence represents CONFUSION! and DELUSION!,not_about_candidate,0.59,0.02,very_strong,unclear,0.91,0.5,english,0.79,v3,jev-1.13.0,confirmed,"Quote-only 'Obidence represents CONFUSION' attack has no candidate/APM or LGA content, so model agrees.","{""sentiment"":""not_about_candidate"",""intensity"":""very_strong"",""lga"":""unclear"",""mentions"":false,""opposition"":false,""language"":""english""}",mimo-v2.6-ai-reviewer,2026-09-23
nairaland-27b4883df635,"Re: NDC delegates Babachir Lawal to oversee activities in NE & NC zones (vid) by Penguin2 ( op ): 6:22am Tareq1105 : Obidients are celebrating Babachir lawal, a man that has never contested any election in his life talk less of winning. What's the electoral value of babachir lawal? What is the electoral value of the Isaac Balami that you lots were celebrating the other day?",not_about_candidate,0.68,0.02,moderate,unclear,0.95,0.4,english,0.95,v3,jev-1.13.0,confirmed,Electoral-value debate about Babachir Lawal versus Balami names no Adamu/APM or LGA.,"{""sentiment"":""not_about_candidate"",""intensity"":""moderate"",""lga"":""unclear"",""mentions"":false,""opposition"":false,""language"":""english""}",mimo-v2.6-ai-reviewer,2026-09-23
nairaland-989fecfe4aeb,"Tareq1105 : Obidients are celebrating Babachir lawal, a man that has never contested any election in his life talk less of winning. What's the electoral value of babachir lawal? What is the electoral value of the Isaac Balami that you lots were celebrating the other day?",not_about_candidate,0.57,0.02,strong,unclear,0.82,0.44,english,0.93,v3,jev-1.13.0,confirmed,Quote-only electoral-value question about Obidient heroes says nothing on candidate/APM or an LGA.,"{""sentiment"":""not_about_candidate"",""intensity"":""moderate"",""lga"":""unclear"",""mentions"":false,""opposition"":false,""language"":""english""}",mimo-v2.6-ai-reviewer,2026-09-23
nairaland-e63a8787db6d,Re: NDC delegates Babachir Lawal to oversee activities in NE & NC zones (vid) by silibaba : 6:49am Why are you not talking about Akitu who came 2nd in last election. Rather you all are scared of a man you claimed came distant third. Im am beginningto believe Obi won previous election. . Akerele44 : Did u want to hear the bitter truth Dickson and babachir lawal knew obi can’t win so they want to gv Tinubu soft landing 😂 that’s just the bitter truth,not_about_candidate,0.74,0.02,strong,unclear,0.97,0.71,english,0.94,v3,jev-1.13.0,confirmed,"Obi election-denial thread mentions Tinubu only in passing, not Adamu/APM, and names no LGA.","{""sentiment"":""not_about_candidate"",""intensity"":""strong"",""lga"":""unclear"",""mentions"":false,""opposition"":false,""language"":""english""}",mimo-v2.6-ai-reviewer,2026-09-23
nairaland-ed96e31993a1,Why are you not talking about Akitu who came 2nd in last election. Rather you all are scared of a man you claimed came distant third. Im am beginningto believe Obi won previous election. . Akerele44 : Did u want to hear the bitter truth Dickson and babachir lawal knew obi can’t win so they want to gv Tinubu soft landing 😂 that’s just the bitter truth,not_about_candidate,0.66,0.03,strong,unclear,0.98,0.68,english,0.93,v3,jev-1.13.0,confirmed,"Quote-only 'bitter truth' about Dickson, babachir and a Tinubu soft-landing contains no candidate/APM or LGA.","{""sentiment"":""not_about_candidate"",""intensity"":""strong"",""lga"":""unclear"",""mentions"":false,""opposition"":false,""language"":""english""}",mimo-v2.6-ai-reviewer,2026-09-23
nairaland-238b54866f7f,"Re: A Generation Born And Raised Under Democracy, Left With No Opportunity by Fiscus105 ( m ): 6:34am * . Modified: 7:48am What pain me most is the people, who currently occupied the highest office today, they said all sorts of bad things against military, and promised heaven and earth for citizens if they ever get to the office. Even after enthronement of democracy, they kept attacking every govt in power from opposition, telling people every sweet story they wanted to hear, just to endear people to themselves. Only to occupy the position and become tyrant and slave Master. Anyway, I warned those who  were his die-hard supporters them, this type of person you are supporting, would come back to hurt you, lo and behold, he started showing his colors from very first day in office.",not_about_candidate,0.39,0.02,strong,unclear,1.0,0.32,english,0.99,v3,jev-1.13.0,confirmed,Generic anti-establishment rant about leaders becoming tyrants references no candidate/APM or LGA.,"{""sentiment"":""not_about_candidate"",""intensity"":""strong"",""lga"":""unclear"",""mentions"":false,""opposition"":false,""language"":""english""}",mimo-v2.6-ai-reviewer,2026-09-23
nairaland-124096ab0e60,"What pain me most is the people, who currently occupied the highest office today, they said all sorts of bad things against military, and promised heaven and earth for citizens if they ever get to the office. Even after enthronement of democracy, they kept attacking every govt in power from opposition, telling people every sweet story they wanted to hear, just to endear people to themselves. Only to occupy the position and become tyrant and slave Master. Anyway, I warned those who  were his die-hard supporters them, this type of person you are supporting, would come back to hurt you, lo and behold, he started showing his colors from very first day in office.",not_about_candidate,0.43,0.03,strong,unclear,1.0,0.28,english,0.99,v3,jev-1.13.0,confirmed,"Quote-only democracy tirade with no candidate/APM or LGA mention, so the model's not_about stands.","{""sentiment"":""not_about_candidate"",""intensity"":""strong"",""lga"":""unclear"",""mentions"":false,""opposition"":false,""language"":""english""}",mimo-v2.6-ai-reviewer,2026-09-23
nairaland-8fae23247498,"Re: A Generation Born And Raised Under Democracy, Left With No Opportunity by greatiyk4u ( m ): 6:43am favor914 : This Obidient, why are u like this na . We trying to inform the public that a better Nigeria is still POssible if we accept to be OK",not_about_candidate,0.72,0.03,strong,unclear,1.0,0.23,english,0.48,v3,jev-1.13.0,confirmed,Cheering a fellow poster's 'POssible' Obi message is not about Adamu/APM or any LGA.,"{""sentiment"":""not_about_candidate"",""intensity"":""mild"",""lga"":""unclear"",""mentions"":false,""opposition"":false,""language"":""english""}",mimo-v2.6-ai-reviewer,2026-09-23
nairaland-7be364bbbc78,"favor914 : This Obidient, why are u like this na . We trying to inform the public that a better Nigeria is still POssible if we accept to be OK",not_about_candidate,0.34,0.05,moderate,unclear,1.0,0.26,mixed,0.61,v3,jev-1.13.0,confirmed,"Quote-only Obi cheer contains no candidate/APM or LGA content, confirming the model.","{""sentiment"":""not_about_candidate"",""intensity"":""mild"",""lga"":""unclear"",""mentions"":false,""opposition"":false,""language"":""english""}",mimo-v2.6-ai-reviewer,2026-09-23
nairaland-979fd133ef16,"Re: A Generation Born And Raised Under Democracy, Left With No Opportunity by Oracleee : 6:55am madridguy : The political elite then convert them into praise singers and data boys, giving them occasional N5,000 to N50,000 after destroying their capacity to earn N200,000 to N1 million regularly, and label it empowerment. You don finally see your standing?  Call helinues hachenoire richtaiwo salewa97 freestuffng yarimo Burop charlescng etc join body.",not_about_candidate,0.79,0.02,very_strong,unclear,1.0,0.19,english,0.6,v3,jev-1.13.0,confirmed,Attacks political elite for making praise-singers but never names candidate/APM or an LGA.,"{""sentiment"":""not_about_candidate"",""intensity"":""strong"",""lga"":""unclear"",""mentions"":false,""opposition"":false,""language"":""english""}",mimo-v2.6-ai-reviewer,2026-09-23
nairaland-dbc75c15285a,"madridguy : The political elite then convert them into praise singers and data boys, giving them occasional N5,000 to N50,000 after destroying their capacity to earn N200,000 to N1 million regularly, and label it empowerment. You don finally see your standing?  Call helinues hachenoire richtaiwo salewa97 freestuffng yarimo Burop charlescng etc join body.",not_about_candidate,0.62,0.02,very_strong,unclear,1.0,0.22,english,0.48,v3,jev-1.13.0,confirmed,"Quote-only praise-singers critique has no Adamu/APM or LGA content, so model agrees.","{""sentiment"":""not_about_candidate"",""intensity"":""strong"",""lga"":""unclear"",""mentions"":false,""opposition"":false,""language"":""english""}",mimo-v2.6-ai-reviewer,2026-09-23
nairaland-67e8da0e6898,"Re: A Generation Born And Raised Under Democracy, Left With No Opportunity by madridguy ( m ): 6:58am I dey boss... You abandoned us on Nairaland TonyeBarcanista : Sadly, this is the reality Boss, longest time",not_about_candidate,0.58,0.03,moderate,unclear,1.0,0.15,mixed,0.58,v3,jev-1.13.0,confirmed,Casual Nairaland housekeeping chat says nothing about candidate/APM or an LGA.,"{""sentiment"":""not_about_candidate"",""intensity"":""mild"",""lga"":""unclear"",""mentions"":false,""opposition"":false,""language"":""english""}",mimo-v2.6-ai-reviewer,2026-09-23
nairaland-abba150a2936,"I dey boss... You abandoned us on Nairaland TonyeBarcanista : Sadly, this is the reality Boss, longest time",not_about_candidate,0.45,0.03,moderate,unclear,1.0,0.12,mixed,0.35,v3,jev-1.13.0,confirmed,Quote-only 'abandoned us on Nairaland' banter names no candidate/APM or LGA.,"{""sentiment"":""not_about_candidate"",""intensity"":""mild"",""lga"":""unclear"",""mentions"":false,""opposition"":false,""language"":""english""}",mimo-v2.6-ai-reviewer,2026-09-23
nairaland-0a02d8632b2e,"Re: A Generation Born And Raised Under Democracy, Left With No Opportunity by Rayjay45 : 7:08am Eba50 : I dey always,talk am sat obasanjo is the only president we ever had You have no idea the atrocities and human rights abuses exhibited by security forces during your beloved OBJ's reign - especially as a military head of state. No let BaeU and his olodo uprising fool you o. Go get some good history books, bro. It would do you a whole world of good.",negative,0.41,0.04,strong,unclear,0.96,0.54,mixed,0.69,v3,jev-1.13.0,corrected,Model said negative but this is an Obasanjo human-rights argument with no Yakubu Adamu or APM content.,"{""sentiment"":""not_about_candidate"",""intensity"":""strong"",""lga"":""unclear"",""mentions"":false,""opposition"":false,""language"":""english""}",mimo-v2.6-ai-reviewer,2026-09-23
nairaland-1bdfff89e7da,"Eba50 : I dey always,talk am sat obasanjo is the only president we ever had You have no idea the atrocities and human rights abuses exhibited by security forces during your beloved OBJ's reign - especially as a military head of state. No let BaeU and his olodo uprising fool you o. Go get some good history books, bro. It would do you a whole world of good.",not_about_candidate,0.36,0.02,strong,unclear,0.91,0.44,mixed,0.34,v3,jev-1.13.0,confirmed,"Quote-only critique of Obasanjo's record mentions no candidate/APM or LGA, confirming the model.","{""sentiment"":""not_about_candidate"",""intensity"":""strong"",""lga"":""unclear"",""mentions"":false,""opposition"":false,""language"":""english""}",mimo-v2.6-ai-reviewer,2026-09-23
nairaland-1fa945d01bde,"My Oga, I no fit abandon Nairaland. It remains my political hub. I’ve just been preoccupied with certain political activities, especially the CDA project. Nigeria needs a viable alternative and a new direction, so I have been jumping from one thing to another in order to actualize the vision. madridguy : I dey boss... You abandoned us on Nairaland",not_about_candidate,0.78,0.04,moderate,unclear,1.0,0.16,mixed,0.65,v3,jev-1.13.0,confirmed,Poster's vague 'viable alternative' politics never names candidate/APM or an LGA.,"{""sentiment"":""not_about_candidate"",""intensity"":""moderate"",""lga"":""unclear"",""mentions"":false,""opposition"":false,""language"":""english""}",mimo-v2.6-ai-reviewer,2026-09-23
nairaland-2983a706ad5d,"Re: A Generation Born And Raised Under Democracy, Left With No Opportunity by Didi2d ( m ): 7:36am Rayjay45 : You have no idea the atrocities and human rights abuses exhibited by security forces during your beloved OBJ's reign - especially as a military head of state. No let BaeU and his olodo uprising fool you o. Go get some good history books, bro. It would do you a whole world of good. Person wey talk for him book, say accept say him steal but him vice steal pass am. Is that not enough evidence",not_about_candidate,0.34,0.02,strong,unclear,0.82,0.4,mixed,0.84,v3,jev-1.13.0,confirmed,Pidgin jibe about a memoir admission of theft carries no Adamu/APM or LGA content.,"{""sentiment"":""not_about_candidate"",""intensity"":""strong"",""lga"":""unclear"",""mentions"":false,""opposition"":false,""language"":""english""}",mimo-v2.6-ai-reviewer,2026-09-23
nairaland-195259b299b5,"Rayjay45 : You have no idea the atrocities and human rights abuses exhibited by security forces during your beloved OBJ's reign - especially as a military head of state. No let BaeU and his olodo uprising fool you o. Go get some good history books, bro. It would do you a whole world of good. Person wey talk for him book, say accept say him steal but him vice steal pass am. Is that not enough evidence",negative,0.46,0.03,strong,unclear,0.77,0.35,mixed,0.8,v3,jev-1.13.0,corrected,"Model called it negative but the row only continues the Obasanjo-book theft insult, with no Adamu/APM reference.","{""sentiment"":""not_about_candidate"",""intensity"":""strong"",""lga"":""unclear"",""mentions"":false,""opposition"":false,""language"":""english""}",mimo-v2.6-ai-reviewer,2026-09-23
nairaland-f6dc8d9e8365,"Re: A Generation Born And Raised Under Democracy, Left With No Opportunity by Ofunaofu : 8:02am Wickedfacts : 20 pounds collectors dey laugh 30k. Wonders shall never end. Chai In trying to mock a certain people, you’ve only succeeded in exposing your own level of ignorance. Who sent you to do this kind of thing? You didn’t even check the exchange rate before coming here to disgrace yourself? 20 pounds is worth more than N30k. So you really thought you were dragging someone, only to drag yourself",not_about_candidate,0.52,0.02,strong,unclear,1.0,0.15,mixed,0.66,v3,jev-1.13.0,confirmed,"Exchange-rate mockery thread has no candidate/APM or LGA content, confirming not_about/unclear.","{""sentiment"":""not_about_candidate"",""intensity"":""strong"",""lga"":""unclear"",""mentions"":false,""opposition"":false,""language"":""english""}",mimo-v2.6-ai-reviewer,2026-09-23
nairaland-bd3a7b269baa,"Wickedfacts : 20 pounds collectors dey laugh 30k. Wonders shall never end. Chai In trying to mock a certain people, you’ve only succeeded in exposing your own level of ignorance. Who sent you to do this kind of thing? You didn’t even check the exchange rate before coming here to disgrace yourself? 20 pounds is worth more than N30k. So you really thought you were dragging someone, only to drag yourself",not_about_candidate,0.5,0.02,strong,unclear,1.0,0.1,mixed,0.52,v3,jev-1.13.0,confirmed,Quote-only pounds-versus-naira mockery says nothing on candidate/APM or an LGA.,"{""sentiment"":""not_about_candidate"",""intensity"":""strong"",""lga"":""unclear"",""mentions"":false,""opposition"":false,""language"":""english""}",mimo-v2.6-ai-reviewer,2026-09-23
nairaland-9e428c85b286,"Re: A Generation Born And Raised Under Democracy, Left With No Opportunity by Wickedfacts : 8:12am Ofunaofu : Chai In trying to mock a certain people, you’ve only succeeded in exposing your own level of ignorance. Who sent you to do this kind of thing? You didn’t even check the exchange rate before coming here to disgrace yourself? 20 pounds is worth more than N30k. So you really thought you were dragging someone, only to drag yourself 30k per month vs 20 pounds for all your life's sweat. That 20 pounds is exactly what your life is worth. Full value for your existence. Personally, I believe you're worth a lot less.",not_about_candidate,0.68,0.02,very_strong,unclear,1.0,0.1,english,0.86,v3,jev-1.13.0,confirmed,Bitter personal insult about someone's worth is unrelated to candidate/APM and names no LGA.,"{""sentiment"":""not_about_candidate"",""intensity"":""strong"",""lga"":""unclear"",""mentions"":false,""opposition"":false,""language"":""english""}",mimo-v2.6-ai-reviewer,2026-09-23
nairaland-ecadb8755629,"Ofunaofu : Chai In trying to mock a certain people, you’ve only succeeded in exposing your own level of ignorance. Who sent you to do this kind of thing? You didn’t even check the exchange rate before coming here to disgrace yourself? 20 pounds is worth more than N30k. So you really thought you were dragging someone, only to drag yourself 30k per month vs 20 pounds for all your life's sweat. That 20 pounds is exactly what your life is worth. Full value for your existence. Personally, I believe you're worth a lot less.",not_about_candidate,0.57,0.02,very_strong,unclear,1.0,0.07,english,0.93,v3,jev-1.13.0,confirmed,Quote-only version of the same life-worth insult has no candidate/APM or LGA content.,"{""sentiment"":""not_about_candidate"",""intensity"":""strong"",""lga"":""unclear"",""mentions"":false,""opposition"":false,""language"":""english""}",mimo-v2.6-ai-reviewer,2026-09-23
nairaland-90be43e21926,", 2012 I think Andy Uba would have done better!",not_about_candidate,0.42,0.03,mild,unclear,0.9,0.5,english,0.99,v3,jev-1.13.0,confirmed,Fleeting wish that Andy Uba had done better names neither candidate/APM nor a Bauchi LGA.,"{""sentiment"":""not_about_candidate"",""intensity"":""mild"",""lga"":""unclear"",""mentions"":false,""opposition"":true,""language"":""english""}",mimo-v2.6-ai-reviewer,2026-09-23
nairaland-05b7289d0b9e,I think Andy Uba would have done better!,not_about_candidate,0.36,0.03,mild,unclear,0.89,0.48,english,1.0,v3,jev-1.13.0,confirmed,"Quote-only Andy Uba remark has no candidate/APM or LGA content, and its Uba praise signals opposition-side lean.","{""sentiment"":""not_about_candidate"",""intensity"":""mild"",""lga"":""unclear"",""mentions"":false,""opposition"":true,""language"":""english""}",mimo-v2.6-ai-reviewer,2026-09-23
nairaland-11e8ba7692a2,", 2012 Probably you are a common tyro on NL, you may not know me, because if I rain curses on you tonight you may not be able to sleep. As I said I don't have time to trade insults with deluded lost petty mind.",not_about_candidate,0.71,0.02,strong,unclear,1.0,0.08,english,1.0,v3,jev-1.13.0,confirmed,"Forum threat to 'rain curses' is personal abuse, not candidate/APM or LGA content.","{""sentiment"":""not_about_candidate"",""intensity"":""strong"",""lga"":""unclear"",""mentions"":false,""opposition"":false,""language"":""english""}",mimo-v2.6-ai-reviewer,2026-09-23
nairaland-ab286016964f,"Probably you are a common tyro on NL, you may not know me, because if I rain curses on you tonight you may not be able to sleep. As I said I don't have time to trade insults with deluded lost petty mind.",not_about_candidate,0.69,0.02,strong,unclear,1.0,0.1,english,0.99,v3,jev-1.13.0,confirmed,"Quote-only NL insult never names candidate/APM or an LGA, so not_about/unclear hold.","{""sentiment"":""not_about_candidate"",""intensity"":""strong"",""lga"":""unclear"",""mentions"":false,""opposition"":false,""language"":""english""}",mimo-v2.6-ai-reviewer,2026-09-23
nairaland-981f5a5b6578,", 2012 dozai: I laugh in swahili. That man na my brother but i no go vote for am lai lai. Chai instead after Peter Obi make Orji Kalu step in . We go take am. ANDY ? Uba!! haba! bros, na so u hate us reach?",not_about_candidate,0.79,0.02,strong,unclear,0.99,0.43,mixed,0.73,v3,jev-1.13.0,confirmed,"Anambra succession banter among Obi, Orji Kalu and Andy Uba contains no Bauchi LGA or Adamu/APM reference.","{""sentiment"":""not_about_candidate"",""intensity"":""moderate"",""lga"":""unclear"",""mentions"":false,""opposition"":false,""language"":""mixed""}",mimo-v2.6-ai-reviewer,2026-09-23
nairaland-4f065acb31bf,", 2022 Wow.. Here's a thread that 99% of Anambrians didn't speak anything good about him. And this was in 2012 when he was still Governor.",negative,0.63,0.06,moderate,unclear,1.0,0.34,english,0.99,v3,jev-1.13.0,corrected,"Model marked negative but the row only notes Anambrians spoke ill of their former governor - about Obi/Anambra, not Adamu/APM.","{""sentiment"":""not_about_candidate"",""intensity"":""moderate"",""lga"":""unclear"",""mentions"":false,""opposition"":false,""language"":""english""}",mimo-v2.6-ai-reviewer,2026-09-23
nairaland-13b51bbfee3c,Wow.. Here's a thread that 99% of Anambrians didn't speak anything good about him. And this was in 2012 when he was still Governor.,negative,0.59,0.06,moderate,unclear,1.0,0.33,english,0.99,v3,jev-1.13.0,corrected,Quote-only observation on an Anambra thread's negativity names no candidate/APM or LGA.,"{""sentiment"":""not_about_candidate"",""intensity"":""moderate"",""lga"":""unclear"",""mentions"":false,""opposition"":false,""language"":""english""}",mimo-v2.6-ai-reviewer,2026-09-23
nairaland-127e81b82af7,", 2022 Afam4eva : Make Chino catch una. Wetin him go do. No be true the guy dey talk. Chino no go fit do anything oga.",not_about_candidate,0.47,0.04,moderate,unclear,0.99,0.25,mixed,0.51,v3,jev-1.13.0,confirmed,Pidgin deflection about someone named Chino says nothing on candidate/APM or a Bauchi LGA.,"{""sentiment"":""not_about_candidate"",""intensity"":""moderate"",""lga"":""unclear"",""mentions"":false,""opposition"":false,""language"":""english""}",mimo-v2.6-ai-reviewer,2026-09-23
nairaland-dbfc1f9ba18d,Afam4eva : Make Chino catch una. Wetin him go do. No be true the guy dey talk. Chino no go fit do anything oga.,not_about_candidate,0.53,0.03,strong,unclear,1.0,0.24,mixed,0.53,v3,jev-1.13.0,confirmed,"Quote-only Chino banter has no candidate/APM or LGA content, confirming the model.","{""sentiment"":""not_about_candidate"",""intensity"":""mild"",""lga"":""unclear"",""mentions"":false,""opposition"":false,""language"":""english""}",mimo-v2.6-ai-reviewer,2026-09-23
nairaland-e9c6cd990bfa,", 2022 If he wasn't good then, how come Anambra is still ruled by APGA, Like they say, You will know how good one is when he leaves office.",not_about_candidate,0.74,0.02,moderate,unclear,1.0,0.25,english,0.96,v3,jev-1.13.0,confirmed,APGA-governance rhetorical question about Anambra names no Adamu/APM or Bauchi LGA.,"{""sentiment"":""not_about_candidate"",""intensity"":""moderate"",""lga"":""unclear"",""mentions"":false,""opposition"":false,""language"":""english""}",mimo-v2.6-ai-reviewer,2026-09-23
nairaland-bf57991789d5,"If he wasn't good then, how come Anambra is still ruled by APGA, Like they say, You will know how good one is when he leaves office.",not_about_candidate,0.72,0.02,moderate,unclear,1.0,0.37,english,0.97,v3,jev-1.13.0,confirmed,Quote-only 'you know how good one is when he leaves' line mentions no candidate/APM or LGA.,"{""sentiment"":""not_about_candidate"",""intensity"":""moderate"",""lga"":""unclear"",""mentions"":false,""opposition"":false,""language"":""english""}",mimo-v2.6-ai-reviewer,2026-09-23
nairaland-057164f437d6,", 2022 Coenvict : Peter is d worst governor n history so far as am conscine, can imagine ANSU payn such ransome as skul fee hw wil even d average man pay such ransome dat man is very wicked nd I can tell him dat his death is comin soon. It going to 8yrs of his tenure yet LGA electn hav not been conducted while he at his campagn n his 1st tenure to conduct dat witin 3months if electd, no road no water no light no infractructure no develpmnt bcus of 1 man been so selfish decievn d peopl wit propaganda. All my hope now is on Ngige wen he wil com 4 d gov seat. Cc: legendhero, , moah247",not_about_candidate,0.72,0.02,very_strong,unclear,0.99,0.59,english,0.74,v3,jev-1.13.0,confirmed,"Death-threat-laced anti-Obi rant hoping on Ngige is vicious but about Anambra figures, not Yakubu Adamu or APM.","{""sentiment"":""not_about_candidate"",""intensity"":""very_strong"",""lga"":""unclear"",""mentions"":false,""opposition"":true,""language"":""english""}",mimo-v2.6-ai-reviewer,2026-09-23
nairaland-b335c28c9467,"Coenvict : Peter is d worst governor n history so far as am conscine, can imagine ANSU payn such ransome as skul fee hw wil even d average man pay such ransome dat man is very wicked nd I can tell him dat his death is comin soon. It going to 8yrs of his tenure yet LGA electn hav not been conducted while he at his campagn n his 1st tenure to conduct dat witin 3months if electd, no road no water no light no infractructure no develpmnt bcus of 1 man been so selfish decievn d peopl wit propaganda. All my hope now is on Ngige wen he wil com 4 d gov seat. Cc: legendhero, , moah247",not_about_candidate,0.63,0.02,very_strong,unclear,0.99,0.58,english,0.76,v3,jev-1.13.0,confirmed,Quote-only anti-Obi governor insult contains no candidate/APM or Bauchi LGA content.,"{""sentiment"":""not_about_candidate"",""intensity"":""very_strong"",""lga"":""unclear"",""mentions"":false,""opposition"":true,""language"":""english""}",mimo-v2.6-ai-reviewer,2026-09-23
nairaland-2d2e7481e6e1,", 2022 Children of hate, Northern slaves, meth addicts, drug dealers, ritualists, nnamdi cownu slaves, hypocrites, vacillators, region of political miscalculators... How market ooo?",negative,0.58,0.03,very_strong,unclear,0.98,0.3,mixed,0.42,v3,jev-1.13.0,corrected,Model scored negative but the row is a regional/ethnic slur list with no Yakubu Adamu or APM reference.,"{""sentiment"":""not_about_candidate"",""intensity"":""very_strong"",""lga"":""unclear"",""mentions"":false,""opposition"":false,""language"":""english""}",mimo-v2.6-ai-reviewer,2026-09-23
nairaland-ac643d3e9e40,"Children of hate, Northern slaves, meth addicts, drug dealers, ritualists, nnamdi cownu slaves, hypocrites, vacillators, region of political miscalculators... How market ooo?",negative,0.59,0.03,very_strong,unclear,0.98,0.29,mixed,0.55,v3,jev-1.13.0,corrected,Quote-only catalog of ethnic insults never names candidate/APM or an LGA.,"{""sentiment"":""not_about_candidate"",""intensity"":""very_strong"",""lga"":""unclear"",""mentions"":false,""opposition"":false,""language"":""english""}",mimo-v2.6-ai-reviewer,2026-09-23
nairaland-8c53115bf35a,", 2022 Kobojunkie : @Poster, he is doing exactly what the people elected him to come do again. I mean for a man with meagre list of accomplishments during his first time, why else would he had been re-elected if not to continue the same?? but d same man wants to become d president now n they are telling us he’s d best",negative,0.7,0.04,moderate,unclear,1.0,0.44,english,0.53,v3,jev-1.13.0,corrected,Model called it negative but the text critiques an Anambra governor's record and presidential bid - not Adamu/APM.,"{""sentiment"":""not_about_candidate"",""intensity"":""moderate"",""lga"":""unclear"",""mentions"":false,""opposition"":false,""language"":""english""}",mimo-v2.6-ai-reviewer,2026-09-23
nairaland-7eaeb5ba5b5e,"Kobojunkie : @Poster, he is doing exactly what the people elected him to come do again. I mean for a man with meagre list of accomplishments during his first time, why else would he had been re-elected if not to continue the same?? but d same man wants to become d president now n they are telling us he’s d best",negative,0.74,0.04,moderate,unclear,1.0,0.44,english,0.62,v3,jev-1.13.0,corrected,Quote-only meagre-accomplishments critique about Obi names no candidate/APM or LGA.,"{""sentiment"":""not_about_candidate"",""intensity"":""moderate"",""lga"":""unclear"",""mentions"":false,""opposition"":false,""language"":""english""}",mimo-v2.6-ai-reviewer,2026-09-23
nairaland-06e7b12a11b0,", 2022 seunmsg : He did little or nothing as governor of Anambra state. He was an unpopular and uninspiring governor like Ikpeazu, Okowa etc during his time. If we are to rank top 29 governors since 1999, he won’t even make it to the list. After leaving office, he rebranded and started talking about China and giving fake statistics. There is a reason is campaign has never been about what he achieved as governor but what China did. He has no record to run on. Propaganda, Peter Obi is the best Governor Nigeria has produced since 1999",not_about_candidate,0.65,0.02,strong,unclear,1.0,0.62,english,0.96,v3,jev-1.13.0,confirmed,"Sarcastic demolition of Obi's governorship record is off-topic for Adamu/APM, but its pile-on of PDP governors reads opposition-aligned.","{""sentiment"":""not_about_candidate"",""intensity"":""strong"",""lga"":""unclear"",""mentions"":false,""opposition"":true,""language"":""english""}",mimo-v2.6-ai-reviewer,2026-09-23
nairaland-8b8e7caa6245,"seunmsg : He did little or nothing as governor of Anambra state. He was an unpopular and uninspiring governor like Ikpeazu, Okowa etc during his time. If we are to rank top 29 governors since 1999, he won’t even make it to the list. After leaving office, he rebranded and started talking about China and giving fake statistics. There is a reason is campaign has never been about what he achieved as governor but what China did. He has no record to run on. Propaganda, Peter Obi is the best Governor Nigeria has produced since 1999",not_about_candidate,0.69,0.02,strong,unclear,1.0,0.56,english,0.92,v3,jev-1.13.0,confirmed,Quote-only 'little or nothing as governor' attack on Obi confirms not_about/unclear while carrying the same anti-PDP/Obi angle.,"{""sentiment"":""not_about_candidate"",""intensity"":""strong"",""lga"":""unclear"",""mentions"":false,""opposition"":true,""language"":""english""}",mimo-v2.6-ai-reviewer,2026-09-23
nairaland-b42997a7a326,", 2022 Reality3080 : but d same man wants to become d president now n they are telling us he’s d best Who amongst all those men vying for the same post are any better than him? None!",positive,0.65,0.04,strong,unclear,1.0,0.4,english,0.77,v3,jev-1.13.0,corrected,"Model marked positive but the praise is for Peter Obi as the best challenger, not Yakubu Adamu or APM.","{""sentiment"":""not_about_candidate"",""intensity"":""strong"",""lga"":""unclear"",""mentions"":false,""opposition"":false,""language"":""english""}",mimo-v2.6-ai-reviewer,2026-09-23
nairaland-7b11e42537d0,Reality3080 : but d same man wants to become d president now n they are telling us he’s d best Who amongst all those men vying for the same post are any better than him? None!,positive,0.51,0.05,strong,unclear,1.0,0.42,english,0.83,v3,jev-1.13.0,corrected,Quote-only defence of Obi against rival candidates names no Adamu/APM or Bauchi LGA.,"{""sentiment"":""not_about_candidate"",""intensity"":""strong"",""lga"":""unclear"",""mentions"":false,""opposition"":false,""language"":""english""}",mimo-v2.6-ai-reviewer,2026-09-23
nairaland-7ec7d706a7bc,", 2022 * . Modified: 3:46pm On Aug 04 , 2022 dominique : Nairalanders can dig out dead threads sha Don't u think u LL need to push this to FP again?? Let's see the fraudulent these people are trying to shove our throat. No wonder wen u ask them what are the Archievement of PO, they turn violent or rather start telling u he left 75B, shared laptop,  shared school bus and some petty local govt type of arxhievement. Chai. Lalasticlala . FP abeg.",negative,0.6,0.04,strong,unclear,0.95,0.44,mixed,0.81,v3,jev-1.13.0,corrected,"Model called it negative but the row only mocks Obidients' recycled achievement list, with no Adamu/APM content.","{""sentiment"":""not_about_candidate"",""intensity"":""strong"",""lga"":""unclear"",""mentions"":false,""opposition"":false,""language"":""english""}",mimo-v2.6-ai-reviewer,2026-09-23
nairaland-1dad344640ce,"dominique : Nairalanders can dig out dead threads sha Don't u think u LL need to push this to FP again?? Let's see the fraudulent these people are trying to shove our throat. No wonder wen u ask them what are the Archievement of PO, they turn violent or rather start telling u he left 75B, shared laptop,  shared school bus and some petty local govt type of arxhievement. Chai. Lalasticlala . FP abeg.",not_about_candidate,0.5,0.02,very_strong,unclear,0.99,0.35,mixed,0.83,v3,jev-1.13.0,confirmed,Quote-only jeer at Obi's laptop/bus achievements has no candidate/APM or LGA content.,"{""sentiment"":""not_about_candidate"",""intensity"":""strong"",""lga"":""unclear"",""mentions"":false,""opposition"":false,""language"":""english""}",mimo-v2.6-ai-reviewer,2026-09-23
nairaland-c0fd2e41d6ab,", 2022 Everywhere red",not_about_candidate,0.49,0.04,mild,unclear,1.0,0.28,english,0.98,v3,jev-1.13.0,confirmed,"Three-word 'Everywhere red' lacks any context, candidate, or LGA, confirming the model's not_about/unclear.","{""sentiment"":""not_about_candidate"",""intensity"":""mild"",""lga"":""unclear"",""mentions"":false,""opposition"":false,""language"":""english""}",mimo-v2.6-ai-reviewer,2026-09-23
nairaland-92d079016ec2,Everywhere red,not_about_candidate,0.52,0.03,calm,unclear,0.99,0.19,english,1.0,v3,jev-1.13.0,confirmed,"Bare 'Everywhere red' mentions neither candidate/APM nor an LGA, so model agrees.","{""sentiment"":""not_about_candidate"",""intensity"":""calm"",""lga"":""unclear"",""mentions"":false,""opposition"":false,""language"":""english""}",mimo-v2.6-ai-reviewer,2026-09-23
nairaland-87f57d44923d,", 2022 The best the Op and his cohorts came up with is his inability to fix federal roads Guess they also forget his intervention on the Asaba bridge/Upper Iweka and the later rehabilitation of the Amansea end coming in from Enugu. If this is what they could dig up, then I applaud their ignorance.",positive,0.3,0.02,strong,unclear,1.0,0.6,english,1.0,v3,jev-1.13.0,corrected,"Model scored positive but the road-record defence concerns an Anambra-area governor, not Yakubu Adamu or APM.","{""sentiment"":""not_about_candidate"",""intensity"":""moderate"",""lga"":""unclear"",""mentions"":false,""opposition"":false,""language"":""english""}",mimo-v2.6-ai-reviewer,2026-09-23
nairaland-60db7a469a31,"The best the Op and his cohorts came up with is his inability to fix federal roads Guess they also forget his intervention on the Asaba bridge/Upper Iweka and the later rehabilitation of the Amansea end coming in from Enugu. If this is what they could dig up, then I applaud their ignorance.",not_about_candidate,0.2,0.02,strong,unclear,1.0,0.54,english,0.99,v3,jev-1.13.0,confirmed,"Quote-only federal-roads defence has no candidate/APM or Bauchi LGA content, so not_about matches.","{""sentiment"":""not_about_candidate"",""intensity"":""moderate"",""lga"":""unclear"",""mentions"":false,""opposition"":false,""language"":""english""}",mimo-v2.6-ai-reviewer,2026-09-23
nairaland-ead49e41ec53,", 2022 dplordx : See this super-mumu I worked in a Anambra for 2 years when he was governor, the state was a real sheeeet hole then. I was almost kidnapped then, the werey na Abuja and Lagos him dey live for that Time. Ppl Dey craze oh, na this scammer dem come Dey come dey shout up and down You really were familiar with his style. He and Anyim hijacked Jonathan's govt, influencing appointments and all sorts.",not_about_candidate,0.76,0.03,strong,unclear,1.0,0.53,mixed,0.71,v3,jev-1.13.0,confirmed,Anambra shithole-and-kidnap anecdote about a former governor names no Adamu/APM or Bauchi LGA.,"{""sentiment"":""not_about_candidate"",""intensity"":""strong"",""lga"":""unclear"",""mentions"":false,""opposition"":false,""language"":""english""}",mimo-v2.6-ai-reviewer,2026-09-23
nairaland-5938b1186cde,"dplordx : See this super-mumu I worked in a Anambra for 2 years when he was governor, the state was a real sheeeet hole then. I was almost kidnapped then, the werey na Abuja and Lagos him dey live for that Time. Ppl Dey craze oh, na this scammer dem come Dey come dey shout up and down You really were familiar with his style. He and Anyim hijacked Jonathan's govt, influencing appointments and all sorts.",not_about_candidate,0.74,0.03,strong,unclear,1.0,0.51,mixed,0.71,v3,jev-1.13.0,confirmed,Quote-only version of the same Anambra-governor insults has no candidate/APM or LGA content.,"{""sentiment"":""not_about_candidate"",""intensity"":""strong"",""lga"":""unclear"",""mentions"":false,""opposition"":false,""language"":""english""}",mimo-v2.6-ai-reviewer,2026-09-23
nairaland-fa30312feb57,", 2022 Kobojunkie : Who amongst all those men vying for the same post are any better than him? None! Lol is even comparable to him. At least this thread is a proof ��",positive,0.54,0.06,strong,unclear,1.0,0.35,english,0.87,v3,jev-1.13.0,corrected,"Model marked positive but the comparative praise is for Peter Obi, not Yakubu Adamu or APM.","{""sentiment"":""not_about_candidate"",""intensity"":""moderate"",""lga"":""unclear"",""mentions"":false,""opposition"":false,""language"":""english""}",mimo-v2.6-ai-reviewer,2026-09-23
nairaland-671234bf9c8b,Kobojunkie : Who amongst all those men vying for the same post are any better than him? None! Lol is even comparable to him. At least this thread is a proof ��,positive,0.62,0.06,strong,unclear,1.0,0.36,english,0.92,v3,jev-1.13.0,corrected,"Quote-only 'None!' defence of Obi names no candidate/APM or LGA, so not_about corrects the model.","{""sentiment"":""not_about_candidate"",""intensity"":""moderate"",""lga"":""unclear"",""mentions"":false,""opposition"":false,""language"":""english""}",mimo-v2.6-ai-reviewer,2026-09-23
nairaland-ff88b45a982c,", 2022 This thread is goated ��",not_about_candidate,0.75,0.03,strong,unclear,1.0,0.1,english,0.99,v3,jev-1.13.0,confirmed,Approval of a 'goated' roast thread says nothing about candidate/APM or an LGA.,"{""sentiment"":""not_about_candidate"",""intensity"":""mild"",""lga"":""unclear"",""mentions"":false,""opposition"":false,""language"":""english""}",mimo-v2.6-ai-reviewer,2026-09-23
nairaland-6304f5673cdd,This thread is goated ��,not_about_candidate,0.61,0.02,strong,unclear,1.0,0.1,english,0.99,v3,jev-1.13.0,confirmed,"Bare 'This thread is goated' names no candidate/APM or LGA, confirming the model.","{""sentiment"":""not_about_candidate"",""intensity"":""mild"",""lga"":""unclear"",""mentions"":false,""opposition"":false,""language"":""english""}",mimo-v2.6-ai-reviewer,2026-09-23
nairaland-798aa1528e1e,", 2022 Baba I just dey but our mission is to continue to expose their lies. The biggest election campaign machinery will soon be rolled out, the sophistication never seen before. ribbit : serious digging. Madridguy are you working for Julius berger?",negative,0.57,0.03,strong,unclear,0.99,0.36,mixed,0.67,v3,jev-1.13.0,corrected,Model called it negative but the text is an unnamed campaign 'expose their lies' teaser that never names Adamu/APM.,"{""sentiment"":""not_about_candidate"",""intensity"":""strong"",""lga"":""unclear"",""mentions"":false,""opposition"":false,""language"":""english""}",mimo-v2.6-ai-reviewer,2026-09-23
nairaland-68f217a5c5cf,"Baba I just dey but our mission is to continue to expose their lies. The biggest election campaign machinery will soon be rolled out, the sophistication never seen before. ribbit : serious digging. Madridguy are you working for Julius berger?",negative,0.55,0.03,strong,unclear,1.0,0.31,mixed,0.72,v3,jev-1.13.0,corrected,Quote-only campaign-machinery tease never names candidate/APM or a Bauchi LGA.,"{""sentiment"":""not_about_candidate"",""intensity"":""strong"",""lga"":""unclear"",""mentions"":false,""opposition"":false,""language"":""english""}",mimo-v2.6-ai-reviewer,2026-09-23
nairaland-e2e3bcba7bac,", 2022 mycar : . Do you have any video  evidence to back it up ? Watch this. https://www.youtube.com/watch?v=XzPgijQhbA0",not_about_candidate,0.56,0.04,mild,unclear,1.0,0.16,english,0.99,v3,jev-1.13.0,confirmed,Plain video-evidence request with a link carries no candidate/APM or LGA content.,"{""sentiment"":""not_about_candidate"",""intensity"":""mild"",""lga"":""unclear"",""mentions"":false,""opposition"":false,""language"":""english""}",mimo-v2.6-ai-reviewer,2026-09-23
nairaland-222aa41af7b4,mycar : . Do you have any video  evidence to back it up ? Watch this. https://www.youtube.com/watch?v=XzPgijQhbA0,not_about_candidate,0.41,0.05,mild,unclear,1.0,0.23,english,0.95,v3,jev-1.13.0,confirmed,"Quote-only request for video proof names no candidate/APM or LGA, so model agrees.","{""sentiment"":""not_about_candidate"",""intensity"":""mild"",""lga"":""unclear"",""mentions"":false,""opposition"":false,""language"":""english""}",mimo-v2.6-ai-reviewer,2026-09-23
nairaland-05b255af0bc5,", 2022 madridguy : Baba I just dey but our mission is to continue to expose their lies. The biggest election campaign machinery will soon be rolled out, the sophistication never seen before. we full ground we're waiting",negative,0.49,0.03,strong,unclear,0.99,0.33,mixed,0.64,v3,jev-1.13.0,corrected,Model scored negative but 'we full ground we're waiting' names no candidate/APM or LGA.,"{""sentiment"":""not_about_candidate"",""intensity"":""mild"",""lga"":""unclear"",""mentions"":false,""opposition"":false,""language"":""english""}",mimo-v2.6-ai-reviewer,2026-09-23
nairaland-0fe97a127678,"madridguy : Baba I just dey but our mission is to continue to expose their lies. The biggest election campaign machinery will soon be rolled out, the sophistication never seen before. we full ground we're waiting",negative,0.69,0.03,strong,unclear,0.98,0.29,mixed,0.68,v3,jev-1.13.0,corrected,Quote-only 'on ground waiting' reply contains no candidate/APM or LGA reference.,"{""sentiment"":""not_about_candidate"",""intensity"":""mild"",""lga"":""unclear"",""mentions"":false,""opposition"":false,""language"":""english""}",mimo-v2.6-ai-reviewer,2026-09-23
nairaland-3a09806c6ecd,", 2022 Have also been asking the same question o. The only thing they can point at is that he pulled out Anambra state university out of ASUU. Not knowing to them the Obi is a big scam",not_about_candidate,0.67,0.03,strong,unclear,1.0,0.43,english,0.92,v3,jev-1.13.0,confirmed,"Calls Obi 'a big scam' over ASUU - an attack on Obi, not Yakubu Adamu or APM, and no Bauchi LGA.","{""sentiment"":""not_about_candidate"",""intensity"":""strong"",""lga"":""unclear"",""mentions"":false,""opposition"":false,""language"":""english""}",mimo-v2.6-ai-reviewer,2026-09-23
nairaland-5c1723137329,Have also been asking the same question o. The only thing they can point at is that he pulled out Anambra state university out of ASUU. Not knowing to them the Obi is a big scam,not_about_candidate,0.63,0.02,strong,unclear,1.0,0.45,english,0.88,v3,jev-1.13.0,confirmed,"Quote-only Obi-scam line has no candidate/APM or LGA content, confirming the model.","{""sentiment"":""not_about_candidate"",""intensity"":""strong"",""lga"":""unclear"",""mentions"":false,""opposition"":false,""language"":""english""}",mimo-v2.6-ai-reviewer,2026-09-23
nairaland-67873f437794,", 2022 [quote author= post=113699171]No governor in history of Nigeria can be compare to Obi[/quote]This is how you want to sell Obi. Lol. We are waiting for caimpaign to start officially. We are bringing all his receipts on Twitter where he seems to be enjoying online polls. The little questions we asked have so far been met with insults from his supporters.",not_about_candidate,0.5,0.03,strong,unclear,1.0,0.51,english,0.98,v3,jev-1.13.0,confirmed,Anti-Obi 'bringing receipts' campaign talk positions against Obi along an opposition line but never touches Adamu/APM or a LGA.,"{""sentiment"":""not_about_candidate"",""intensity"":""strong"",""lga"":""unclear"",""mentions"":false,""opposition"":true,""language"":""english""}",mimo-v2.6-ai-reviewer,2026-09-23
nairaland-a8106609b5e9,[quote author= post=113699171]No governor in history of Nigeria can be compare to Obi[/quote]This is how you want to sell Obi. Lol. We are waiting for caimpaign to start officially. We are bringing all his receipts on Twitter where he seems to be enjoying online polls. The little questions we asked have so far been met with insults from his supporters.,not_about_candidate,0.35,0.03,strong,unclear,0.99,0.54,english,0.97,v3,jev-1.13.0,confirmed,Quote-only version of the anti-Obi receipts threat names no candidate/APM or LGA.,"{""sentiment"":""not_about_candidate"",""intensity"":""strong"",""lga"":""unclear"",""mentions"":false,""opposition"":true,""language"":""english""}",mimo-v2.6-ai-reviewer,2026-09-23
nairaland-fc6d7054c5bf,", 2022 Pakute : This is how you want to sell Obi. Lol. We are waiting for caimpaign to start officially. We are bringing all his receipts on Twitter where he seems to be enjoying online polls. The little questions we asked have so far been met with insults from his supporters. Till then we are prepared, Tinubu is a known criminal by all Nigerians, even Buhari is fully aware",not_about_candidate,0.54,0.03,strong,unclear,0.99,0.68,english,0.93,v3,jev-1.13.0,confirmed,"Replier's 'Tinubu is a known criminal' jab is pro-Obi and anti-APC, not about Adamu/APM, confirming not_about/unclear.","{""sentiment"":""not_about_candidate"",""intensity"":""strong"",""lga"":""unclear"",""mentions"":false,""opposition"":false,""language"":""english""}",mimo-v2.6-ai-reviewer,2026-09-23
nairaland-f1bb99292047,"Pakute : This is how you want to sell Obi. Lol. We are waiting for caimpaign to start officially. We are bringing all his receipts on Twitter where he seems to be enjoying online polls. The little questions we asked have so far been met with insults from his supporters. Till then we are prepared, Tinubu is a known criminal by all Nigerians, even Buhari is fully aware",not_about_candidate,0.49,0.03,strong,unclear,0.99,0.69,english,0.87,v3,jev-1.13.0,confirmed,The added Tinubu-criminal line attacks APC but still names no candidate/APM content or LGA.,"{""sentiment"":""not_about_candidate"",""intensity"":""strong"",""lga"":""unclear"",""mentions"":false,""opposition"":false,""language"":""english""}",mimo-v2.6-ai-reviewer,2026-09-23
nairaland-322df4911697,", 2022 Pakute : This is how you want to sell Obi. Lol. We are waiting for caimpaign to start officially. We are bringing all his receipts on Twitter where he seems to be enjoying online polls. The little questions we asked have so far been met with insults from his supporters. Bring receipts oh, bring paper oh, bring video, bring everything you can bring. We will still vote Peter Obi. It must really hurt knowing your strategy has no effect on his candidacy.",not_about_candidate,0.79,0.02,strong,unclear,1.0,0.23,english,0.79,v3,jev-1.13.0,confirmed,Defiant 'we will still vote Peter Obi' pledge has no Adamu/APM or Bauchi LGA reference.,"{""sentiment"":""not_about_candidate"",""intensity"":""strong"",""lga"":""unclear"",""mentions"":false,""opposition"":false,""language"":""english""}",mimo-v2.6-ai-reviewer,2026-09-23
nairaland-3db1902cf934,", 2022 ThisisIkemefuna : Well regardless of how it ends, I and my family, will still vote for Peter Obi. I hope that makes you not sleep at night. I and my grassroots team are voting our candidate as well.",not_about_candidate,0.72,0.02,strong,unclear,1.0,0.06,english,1.0,v3,jev-1.13.0,confirmed,"Family-voting-for-Obi statement never mentions candidate/APM or an LGA, confirming the model.","{""sentiment"":""not_about_candidate"",""intensity"":""moderate"",""lga"":""unclear"",""mentions"":false,""opposition"":false,""language"":""english""}",mimo-v2.6-ai-reviewer,2026-09-23
nairaland-76b97838b87e,"ThisisIkemefuna : Well regardless of how it ends, I and my family, will still vote for Peter Obi. I hope that makes you not sleep at night. I and my grassroots team are voting our candidate as well.",not_about_candidate,0.69,0.02,strong,unclear,1.0,0.07,english,0.99,v3,jev-1.13.0,confirmed,Quote-only Obi voting pledge has no candidate/APM or LGA content.,"{""sentiment"":""not_about_candidate"",""intensity"":""moderate"",""lga"":""unclear"",""mentions"":false,""opposition"":false,""language"":""english""}",mimo-v2.6-ai-reviewer,2026-09-23
nairaland-38dbd3f483e0,", 2022 [quote author= post=113700022]Dumbo do the  maths of $2.2 billion conversion and give me the Anambra[/quote]Gibberish.",not_about_candidate,0.64,0.03,mild,unclear,1.0,0.28,english,0.9,v3,jev-1.13.0,confirmed,One-word 'Gibberish' dismissal of a quoted dollar-maths line names no candidate/APM or LGA.,"{""sentiment"":""not_about_candidate"",""intensity"":""mild"",""lga"":""unclear"",""mentions"":false,""opposition"":false,""language"":""english""}",mimo-v2.6-ai-reviewer,2026-09-23
nairaland-a01ba00a4c84,[quote author= post=113700022]Dumbo do the  maths of $2.2 billion conversion and give me the Anambra[/quote]Gibberish.,not_about_candidate,0.62,0.03,mild,unclear,1.0,0.3,english,0.86,v3,jev-1.13.0,confirmed,Quote-only 'Gibberish' reply says nothing on candidate/APM or an LGA.,"{""sentiment"":""not_about_candidate"",""intensity"":""mild"",""lga"":""unclear"",""mentions"":false,""opposition"":false,""language"":""english""}",mimo-v2.6-ai-reviewer,2026-09-23
news_dailytrust-5be07714a624,"Airport project: Oyo did not get N50bn from Tinubu, Makinde replies Wike. Oyo State Governor and presidential candidate of the Allied Peoples Movement (APM), Seyi Makinde, has denied claims by Minister of the Federal Capital Territory (FCT), Nyesom Wike, that President Bola Tinubu gave the state N50 billion to upgrade the Ladoke Akintola International Airport, Ibadan. Makinde spoke on Tuesday while addressing supporters at the Makinde/Daura 2027 Presidential Town Hall meeting in Katsina. He said the Oyo State Government did not receive N50 billion from the Federal Government, adding that the airport upgrade was being funded entirely by the state. Wike had made the claim on Monday while appearing on TVC’s Journalists’ Hangout programme. Makinde said, “The President did not give me or Oyo State N50 billion to upgrade the Ibadan Airport. The Ibadan Airport upgrade project is being undertaken 100 per cent with the funds of Oyo State.” On the transfer of presidential power, Makinde said he would transmit power to the Vice President whenever he is unavailable if elected president in 2027. He said he would obey Section 145 of the Constitution, which requires the President to transmit a written declaration to the Senate President and Speaker of the House of Representatives when proceeding on vacation or otherwise unable to perform the functions of office. “I promise you that, as your President, I will follow the Constitution to the letter. If I am not going to be available, if I am on vacation, I will transmit power to the Vice President. Record this and hold me accountable,” he said. Makinde also promised to establish reliable data on out-of-school children and develop measures to return them to school. He called for mining to be removed from the Exclusive Legislative List and devolved to the states, while the Federal Government retains oversight. On 2027 election, he urged Nigerians to obtain their Permanent Voter Cards (PVCs) and participate in the poll. Earlier, APM vice-presidential candidate, Lawal Daura, said the North-West and Nigeria were “yearning for a reset”, citing insecurity and poverty as major challenges facing the region. Daura said Makinde’s proposed agenda aligned with his call for fundamental change and urged supporters to exercise their civic rights. He said details of the agenda would be unveiled as the campaign progresses. Nigerians can now invest ₦2.5 million on premium domains and profit about ₦17-₦25 million . All earnings paid in US Dollars . Rather than wonder, click here to find out how it works . Join Daily Trust WhatsApp Community For Quick Access To News and Happenings Around You.",not_about_candidate,0.51,0.94,calm,unclear,1.0,0.11,english,1.0,v3,jev-1.13.0,corrected,"Model said not_about but the article is squarely about APM's 2027 ticket (Makinde and Daura), so mentions is true with a neutral news tone.","{""sentiment"":""neutral"",""intensity"":""calm"",""lga"":""unclear"",""mentions"":true,""opposition"":false,""language"":""english""}",mimo-v2.6-ai-reviewer,2026-09-23
legit_hausa-2864463e3a9c,"Photos: Shi'ites Protest Arrest Of Their Leader - Legit.ng. The killing of some Nigerian Shi'ites at the weekend is generating steam and wide criticisms. Thousands of members of the Shia Muslim sect took to the streets yesterday, December 14, in protest over the arrest of their leader Sheikh Ibraheem El-Zakzaky and the death of their members during the clash with Nigerian army on Saturday. The protests were staged in Kano, Kebbi and Bauchi as well as in different countries. READ ALSO: Sultan Issues Stern Warning To Buhari Over Zaria Clash The sect has accused the army of killing at least one thousand of its members and evacuated their bodies to unknown destinations. The shi'ites and Nigerian army had clashed on Saturday, following allegations that IMN members had attempted to assassinate Nigeria's army chief, Buratai on his way to Zaria. READ ALSO : BREAKING: Gunshots In Kaduna As Shi’ites Protest Killing Of Their People There is an ongoing protest at the Nigerian Embassy in Tehran, over the killing over Shiite Muslims. Isreali and UK flags are being burnt at the protest. A number of Iranians gathered in front of the Nigerian embassy in Tehran  to protest. Yesterday, the Nigeria n army said the leader of the Shi'ite Islamic Movement of Nigeria, El-Zakzaky and his wife were in their custody, safe and sound, contrary to report that they had been killed during the attack. Meanwhile, today, there were reports of  heavy gunfire has at Tudun Wada in Kaduna state. It is said to be related to the ongoing siege on the Shia Movement in the state and military action against them. Nkem Ikeke                                    (Copy editor) Nkem Ikeke is currently a copy editor who also writes for the politics and current affairs desk on weekends. She holds a Bachelor of Arts in Mass Communication degree from the University of Nigeria, Nsukka (2010), and has over 10 years of work experience in the media industry (Reporter, News Agency of Nigeria). Email: n.ikeke@corp.legit.ng",not_about_candidate,1.0,0.02,moderate,unclear,0.71,0.1,english,1.0,v3,jev-1.13.0,confirmed,"Shiite-protest news lists Kano, Kebbi and Bauchi as states, so the state-level mention is not forced into Bauchi LGA and not_about matches.","{""sentiment"":""not_about_candidate"",""intensity"":""calm"",""lga"":""unclear"",""mentions"":false,""opposition"":false,""language"":""english""}",mimo-v2.6-ai-reviewer,2026-09-23
legit_hausa-74d651705be6,"Emir of Bauchi allegedly rejects Pastor Adeboye's visit to his palace - Legit.ng. The Emir of Bauchi is said to have rejected Pastor Adeboye's evangelic visit to  his palace. Legit.ng gathered that the Redeemed Christian Church of God  (RCCG)'s general overseer in his evangelic mission to the Northern states in Nigeria visited Bauchi state which he as only visited twice before now in 1999 and in 2004. Unlike his visit to Adamawa where both the governor and his deputy were present at the airport to welcome Daddy G.O. and received his prayers and blessings, the Bauchi state governor wasn't available for prayers. READ ALSO: I came to Lagos a sinner - Pastor Enoch Adeboye Also, his request to meet with the Emir of the Bauchi, Rilwanu Suleimanu Adamu was allegedly rejected by the palace. This didn't deter Pastor Adeboye as he still used the opportunity to touch two churches within the state and even attended a wedding . Khadijah Thabit                                    (Copyeditor) Khadijah Thabit is an editor with over 3 years of experience editing and managing contents such as articles, blogs, newsletters and social leads. She has a BA in English and Literary Studies from the University of Ibadan, Nigeria.
Khadijah joined Legit.ng in September 2020 as a copyeditor and proofreader for the Human Interest, Current Affairs, Business, Sports and PR desks. As a grammar police, she develops her skills by reading novels and dictionaries.
Email: khadeeejathabit@gmail.com",not_about_candidate,0.98,0.05,calm,Bauchi,0.71,0.06,english,1.0,v3,jev-1.13.0,confirmed,"Emir Rilwanu Suleimanu Adamu is a different Adamu from the APM candidate so mentions stays false, while the Emir-of-Bauchi reference anchors lga=Bauchi as the model has it.","{""sentiment"":""not_about_candidate"",""intensity"":""calm"",""lga"":""Bauchi"",""mentions"":false,""opposition"":false,""language"":""english""}",mimo-v2.6-ai-reviewer,2026-09-23
legit_hausa-75a6050c5490,"Bauchi tribunal upholds election of Gov Bala Mohammed - Legit.ng. - The election of Bala Mohammed as governor of Bauchi state has been upheld by the Bauchi State Governorship Election Petition Tribunal - The tribunal chairman ruled that the petition brought against the PDP by the APC and its candidate lacked merit - The judge subsequently ruled that the election of Bala Mohammed was valid The election of Bala Mohammed as governor of Bauchi state has been upheld by the Bauchi State Governorship Election Petition Tribunal. The petition’s dismissal was announced in a six-hour judgment delivered by the chairman of the three-man panel, Justice Salihi Shuiabu, on Monday, October 7, The Nation reports. Legit.ng gathers that the judge ruled that the petition brought against the Peoples Democratic Party (PDP) by the All Progressives Congress (APC) and its candidate, Barrister Mohammed Abubakar, lacks merit. Statements on oath brought against the APC and Abubakar by 27 out of 33 witnesses had earlier been rejected by the tribunal. According to the lead judge, the petitioners had failed to prove their petition beyond reasonable doubt. He declared: “I hereby rule that the election of the Peoples Democratic Party ( PDP) candidate , senator Bala Mohammed is valid.” PAY ATTENTION: Install our latest app for Android, read best news on Nigeria’s #1 news app Recall that Legit.ng previously reported that the governorship election petition tribunal sitting in Bauchi state was set to deliver its judgement in the petition filed by former governor Mohammed Abubakar. The former governor of the state and candidate of the APC was defeated by Bala Mohammed of the PDP in the 2019 election. Abubakar filed a petition in April saying the Independent National Electoral Commission (INEC) should not have declared Mohammed as winner of the election. NAIJ.com (naija.ng) -> Legit.ng : Same great journalism, upgraded for better service! What has changed in Nigeria since the last election? - on Legit TV : Khadijah Thabit                                    (Copyeditor) Khadijah Thabit is an editor with over 3 years of experience editing and managing contents such as articles, blogs, newsletters and social leads. She has a BA in English and Literary Studies from the University of Ibadan, Nigeria.
Khadijah joined Legit.ng in September 2020 as a copyeditor and proofreader for the Human Interest, Current Affairs, Business, Sports and PR desks. As a grammar police, she develops her skills by reading novels and dictionaries.
Email: khadeeejathabit@gmail.com",not_about_candidate,1.0,0.02,calm,unclear,0.61,0.16,english,1.0,v3,jev-1.13.0,confirmed,"Neutral tribunal report on Bala Mohammed versus APC cites only 'Bauchi state' governance references, so unclear and not_about both match.","{""sentiment"":""not_about_candidate"",""intensity"":""calm"",""lga"":""unclear"",""mentions"":false,""opposition"":false,""language"":""english""}",mimo-v2.6-ai-reviewer,2026-09-23
legit_hausa-237018c338f6,"COVID-19: Bauchi insists on reopening of school on January 18, gives reasons - Legit.ng. - Bauchi state government said there is no going back on schools reopening despite the COVID-19 scare - The state government said all the 4,816 schools will resume as slated for Monday, January 18 - Bauchi has 1,093 cases of COVID-19 after NCDC announced 11 new cases in the state on Monday, January 11 PAY ATTENTION : Join Legit.ng Telegram channel! Never miss important updates! With COVID-19 still sending panic into the heart of the people nationwide, Bauchi state government said it will not go back on its plans of reopening schools on Monday, January 18. Aliyu Tilde, the state commissioner of education , made this known on Tuesday, January 12, adding that all the 4,816 schools in Bauchi will resume for the 2020/2021 academic session. The Nigeria Centre for Disease Control (NCDC) on Monday, January 11, announced new 11 cases of COVID-19 in Bauchi in what brought the total cases in the state to 1,093. Coronavirus: FG reveals 4 factors that triggered hike in COVID-19 cases in Nigeria The country is witnessing a surge in the cases of coronavirus and casualties since the second wave of the pandemic began. On Monday, the federal government said the reopening of all institutions and schools slated for January 18 is no more feasible due to the scare over the fast-spreading virus. But Bauchi government maintained that it ""would reopen the schools for the first term, which was supposed to begin in September,"" Premium Times reports. Tilde explained that the schools would strictly abide by the COVID-19 protocols of social distancing, wearing of face masks, sanitising hands and “any other measure that would prevent the disease."" The commissioner also assured that the government has done the needful by fumigating all ""schools, including the four existing tertiary institutions, to guard against any eventuality."" PAY ATTENTION: Download our mobile app to enjoy the latest news update COVID-19: FG gives fresh updates, says January 18 school resumption date no longer feasible In a related development, Legit.ng reported that the minister of state for health, Olorunnimbe Mamora, said the federal government might suspend the ongoing National Identification Number (NIN) enrolment. Mamora told Channels TV on Monday, January 11, that the exercise may be suspended due to the risks of contracting COVID-19 because of the large crowds which visit the NIN centres. He said the crowds that have thronged the NIN registration centres across the country is a cause for concern. NIMC: Amidst Covid19 spike, crowd gathers for NIN registration | Legit TV Rahaman Abiola                                    (Editor-in-Chief) Rahaman Abiola is a Nigerian journalist, editor, and media trainer with a decade of experience stranding diverse roles in both traditional and digital media. As the Editor-in-Chief of LEGIT.ng, he leads content direction with data-driven editorial practice, demonstrating a commitment to modern newsroom management and mentoring team(s) of professionals through audience-centric innovation. His work involves leveraging social media and emerging technologies towards impactful journalism, media innovation, etc. Contact via: rahaman.abiola@corp.legit.ng.",not_about_candidate,1.0,0.02,mild,unclear,0.73,0.06,english,1.0,v3,jev-1.13.0,confirmed,"COVID school-reopening report mentions only Bauchi state institutions, not candidate/APM or a specific LGA.","{""sentiment"":""not_about_candidate"",""intensity"":""mild"",""lga"":""unclear"",""mentions"":false,""opposition"":false,""language"":""english""}",mimo-v2.6-ai-reviewer,2026-09-23
legit_hausa-388eaa8c424e,"2023 presidency: Youths to trek from Lagos to Bauchi for northern governor to contest - Legit.ng. - A youth group, South West Youth Coalition has launched a 10,000 youth foot-match from Lagos to Bauchi - This initiative is to persuade Bauchi state governor, Bala Mohammed to join the 2023 presidential race - According to the group, Governor Mohammed ticked the boxes for the presidential seat PAY ATTENTION: Join Legit.ng Telegram channel! Never miss important updates! Ahead of the 2023 general elections, a group, South West Youth Coalition has launched a 10,000 youth trek from Lagos to Bauchi for Governor Bala Mohammed to be the next Nigerian president . In a report by Leadership , the group inaugurated the “Bala Initiative with 10,000 youth foot-match from Lagos to Bauchi.” to prevail on Mohammed to aspire to become president in 2023. According to the group, Mohammed should join the presidential race following his tremendous achievement as governor. In a statement, the coalition went on to explain that the march was aimed at begging Nigerians from all the six geopolitical zones to persuade Governor Mohammed to join the 2023 race. 2023: Group picks Yahaya Bello as best candidate to succeed Buhari The group explained that the Bauchi governor has the potentials to address the defiant Boko Haram insurgency among others. Oladimeji Lanre, the convener of the group, said the south-west youth leaders have vowed to make financial contributions to obtain a nomination form for the governor. The convener said his group is expanding its tentacles to woo support for Governor Mohammed across the country. Meanwhile, Legit.ng reported that a political movement supporting Alhaji Yahaya Bello’s presidential ambition, PYB Frontiers called on Nigerians to rally round the governor to ensure that he succeeds President Muhammadu Buhari. The leader of the group, Hans Mohammed, in a statement sent to journalists on Tuesday, January 12, and seen by Legit.ng said the movement has commenced consultation activities that will ensure the governor emerges the candidate of the All Progressives Congress (APC) in 2023. The group's call is coming after campaign posters of the Kogi state governor carrying inscriptions of his rumoured presidential ambition surfaced on some major roads in Kano state. APC will soon be Africa’s largest political party, says Yahaya Bello The posters were pasted at strategic locations in the state, including parts of Murtala Muhammad Way, Airport road, and Sani Marshal road. Recently members of the Kogi state House of Assembly called on Governor Bello to put his hat in the ring for the presidency in 2023. According to the lawmakers, the governor ticked all the right boxes for the presidential seat and should be backed by all Nigerians to take over from President Buhari. PAY ATTENTION: Install our latest app for Android, read best news on Nigeria’s #1 news app God Did Not Send Tinubu To Become President -Primate Ayodele | Legit TV Oluwatobi Bolashodun Oluwatobi Bolashodun is a journalist with six years of working experience in the media industry. She graduated from Babcock University with a Bachelor’s Degree in Mass Communication. Oluwatobi is a former Legit.ng Current Affairs Editor, mostly writing on political, educational, and business topics.",not_about_candidate,0.82,0.02,mild,Bauchi,0.74,0.72,english,1.0,v3,jev-1.13.0,confirmed,"Youth-trek story urging Bala Mohammed to run for president names no APM or Adamu, and Bauchi appears as the trek's destination, matching the model.","{""sentiment"":""not_about_candidate"",""intensity"":""mild"",""lga"":""Bauchi"",""mentions"":false,""opposition"":false,""language"":""english""}",mimo-v2.6-ai-reviewer,2026-09-23
legit_hausa-ae589442527f,"Gunmen abduct Bauchi ex-lawmaker Abdulmumuni Ningi, police react - Legit.ng. - Tragedy has struck the Bauchi state House of Assembly - One of the Assembly's former members, Abdulmumuni Ningi, has been kidnapped - Ningi's abduction which has been confirmed by the police took place on Thursday, January 14 PAY ATTENTION: Join Legit.ng Telegram channel! Never miss important updates ! Men of the underworld on Thursday, January 14, kidnapped a former member of the Bauchi state House of Assembly , Abdulmumuni Ningi. Ningi's abduction was confirmed to Nigerian Tribune on Friday, January 15, by the spokesman of the police command in the state, DSP Ahmed Wakili. The police PPRO noted that the kidnappers seized Wakili's vehicle at gunpoint and drove away with him in their own car. Benue govt imposes dusk to dawn curfew, gives reason, exceptions Meanwhile, a member representing the Nguroje constituency in the Taraba House of Assembly, Bashir Mohammed became a victim of kidnapping which had been on the rise in recent times. Legit.ng gathered that a source said the lawmaker was kidnapped from his house behind the SSS office area of Jalingo at about 1.30 am Wednesday, December 9, by heavily armed gunmen. The gunmen who were more than ten in number and heavily armed with assorted weapons invaded the house at about 1.30 am and engaged the area in a sporadic shooting that lasted for over 45 minutes before kidnapping the lawmaker. According to the report, a source said none of the family members was hurt, adding that the kidnappers forced the lawmaker into one of the two vehicles used by them. DSP, David Misal, the state police public relations officer, did not respond to calls when contacted for the confirmation of the incident. BUSTED: How we sold stolen cars for N400,000, suspect reveals (video) PAY ATTENTION : Install our latest app for Android, read the best news on Nigeria’s #1 news app Buhari should put an end to banditry, unrest in Zamfara - Nigerians cry | - on Legit TV Onyirioha Nnamdi Onyirioha Nnamdi is a graduate of Literature and English Language at the University of Lagos. He is a Politics/Current Affairs Editor who writes on news and political topics for Legit.ng. He brings into his reporting a wealth of experience in creative and analytical writing. Nnamdi has a major interest in local and global politics. He has a professional certificate from Reuters and was awarded the editor with the best listicle for 2021. Contact: 08062988054, o.nnamdi@corp.legit.ng",not_about_candidate,1.0,0.02,mild,Ningi,0.58,0.08,english,1.0,v3,jev-1.13.0,corrected,"Model chose Ningi but the token is ex-lawmaker Abdulmumuni Ningi's surname - the post never references Ningi LGA, so unclear is correct.","{""sentiment"":""not_about_candidate"",""intensity"":""mild"",""lga"":""unclear"",""mentions"":false,""opposition"":false,""language"":""english""}",mimo-v2.6-ai-reviewer,2026-09-23
legit_hausa-6777d38c84c9,"Political uncertainty for Dogara as PDP, APC deny membership to lawmaker - Legit.ng. - A former speaker of the House of Reps, Yakubu Dogara is in the spotlight following his defection from PDP to APC - The speaker's former party has faulted the defection of the lawmaker - The Bauchi PDP reveals what it is doing to address Dogara's action PAY ATTENTION: Join Legit.ng Telegram channel! Never miss important updates! The Bauchi state chapter of the Peoples Democratic Party (PDP) has denied having any political affiliation to a former speaker of the House of Representatives , Yakubu Dogara. A spokesperson for the chapter, Yayanuwa Zainabari, told journalists at the party’s secretariat on Thursday, January 21, that Dogara is not their member, The Tribune reported. APC crisis: Nobody can stop Governor AbdulRazaq from 2023 re-election, Senator tells Lai Mohammed, others He distanced the Bauchi PDP from posters on the street which purportedly depicted the lawmaker showing support for the state governor. Zainabari stated that the party has asked a court to declare Dogara’s seat of Dass/Tafawa Balewa/Bogoro federal constituency vacant following his defection to the All progressives Congress (APC). According to Daily Trust , the PDP spokesperson, however, said the former speaker is welcomed back to the party if he decides to associate with the PDP again. Meanwhile, the Bauchi state chapter of the APC has said Dogara is not a registered member on its platform. The party’s statement was contained in a counter-affidavit it filed in opposition to a suit by the PDP, asking Dogara to vacate his seat for allegedly abandoning unlawfully the party on whose platform he rode to the House of Reps. Dare Oketade, the head of the legal department of the APC, was quoted, in the party’s counter-affidavit, to have claimed that he is not aware that Dogara has defected from the PDP. 2023: Never! I can't dump PDP for APC, Governor Ikpeazu clears air on alleged plan to defect PAY ATTENTION : Install our latest app for Android, read best news on Nigeria’s #1 news app PDP storms UK Embassy, demands President Buhari's resignation | Legit TV Kess Ewubare Kess Ewubare is a former senior political/current affairs editor at Legit.ng. He has a diploma in-law in addition to a BSc and a master’s degree in mass communication. Kess is a journalist with over 10 years of working experience in several fields of journalism ranging from radio presenting, television news reporting, newspaper reporter, feature and magazine writing as well as online and multi-media journalism.",not_about_candidate,0.98,0.03,calm,Dass,0.56,0.21,english,1.0,v3,jev-1.13.0,confirmed,"Neutral Dogara party-membership news names the Dass/Tafawa Balewa/Bogoro federal constituency, so I keep first-named Dass as the model did.","{""sentiment"":""not_about_candidate"",""intensity"":""calm"",""lga"":""Dass"",""mentions"":false,""opposition"":false,""language"":""english""}",mimo-v2.6-ai-reviewer,2026-09-23
legit_hausa-be3c0af30cd0,"After having 4 kids in 3 weeks, Bauchi carpenter wants to father 40 (see photo) - Legit.ng. - A happy polygamous man, Nura Walwala Magaji, said that children are blessings from God and he will take care of his - Nura who got four babies from his wives in three weeks said his dream is to one day have 40 children in his household - The father said that he practices polygamy with pride and does not care about people's opinions concerning his home PAY ATTENTION: Join Legit.ng Telegram channel! Never miss important updates! A carpenter in Bauchi state , Nura Walwala Magaji, who has 13 children could be said to be an example of ""Father of many"". Leadership reports that he welcomed a set of four kids from different women within the space of three weeks. Despite that, Nura said he still wants to fulfil his childhood dream of parenting 40 children. In his interview with the same media, the man said he is grateful to God for the gifts of children, adding that not many who want to become parents have the opportunity. After 6 children, woman gives birth to 4 kids at once, unemployed husband cries out for help The father of 13 also said he is able to take care of his harem of wives with the proceeds he makes from his carpentry business . The man, however, acknowledged how demanding parenting could be despite the fact that they are God’s gifts. On the naming ceremony for the children, he said that it was not a flamboyant one but an occasion where family members ate and drank to their fill. The man who said polygamy runs deeps in his blood added that he is not bothered about what anybody may be saying about him. Steve Harvey says he could hate actor Michael Jordan if he hurts his daughter Lori The man said he would make his children have both western and Islamic education . His wives Nuwaira Muhammad Saminu (25), Baraka Murtala Ladan (23), and Sadiya Abdullahi (20) all live together 'peacefully'. PAY ATTENTION: Download our mobile app to enjoy the latest news Meanwhile, Legit.ng earlier reported that a couple in Benin, the Edo state capital, welcomed a set of quadruplets in addition to their six children. The husband identified as Austin Ohenhen said he ran away for a while after hearing the news. According to Austin, he returned home after words of encouragement from friends and family. 35-yr-old woman delivers quadruplets after 6 children | Legit TV Joseph Omotayo                                    (HOD Human-Interest) Joseph Omotayo is a journalist who has been writing on human interest topics since 2019. He graduated from Obafemi Awolowo University, Ile-Ife, with a degree in Literature in English in 2016. He is the head of Human Interest and Diaspora Desk at Legit. He once worked for Afridiaspora, OlisaTV & CLR. He is a 2022/2023 Kwame Karikari Fact-Checking fellow. He can be reached via: joseph.omotayo@corp.legit.ng.",not_about_candidate,1.0,0.02,mild,unclear,0.54,0.02,english,1.0,v3,jev-1.13.0,confirmed,Human-interest carpenter story set in Bauchi state has no candidate/APM or specific LGA content.,"{""sentiment"":""not_about_candidate"",""intensity"":""mild"",""lga"":""unclear"",""mentions"":false,""opposition"":false,""language"":""english""}",mimo-v2.6-ai-reviewer,2026-09-23
legit_hausa-eef89564eb90,"Reactions as Miyetti Allah defends Bauchi gov, tells FG to allow all Nigerians to carry arms - Legit.ng. - Miyetti Allah has defended the governor of Bauchi state over his comment defending herdsmen bearing arms - The chairman of the herders association in Bauchi state, Sadiq Ibrahim Ahmed, explained that the governor didn’t say herders should go and cause chaos with weapons - Ahmed also said the federal government should allow every Nigerian to carry arms to protect themselves PAY ATTENTION: Join Legit.ng Telegram channel! Never miss important updates! Amid the rising security challenges in the country, the Miyetti Allah Cattle Breeder’s Association of Nigeria (MACBAN) has advised the federal government to allow every Nigerian to bear firearms to protect themselves. The chairman of MACBAN in Bauchi state, Alhaji Sadiq Ibrahim Ahmed, stated this while reacting to the comment by the state's governor, Bala Mohammed , defending the right of herders to go about with AK-47, The Nation reported . AK-47 for self defence: Akeredolu slams Bauchi governor, says he is unfit for office The Bauchi state governor had said herdsmen are only carrying firearms for self-defence against cattle rustlers, drawing criticisms from many Nigerians. However, the Bauchi MACBAN chair was reported as saying on Sunday, February 14, there is nothing wrong with the governor’s stand since he didn’t say herdsmen should go and cause chaos with the weapon. Ahmed said it is for every Nigerian to protect themselves from bandits, adding that the federal government can no longer protect the citizens. The MACBAN boss, however, admitted that no one should be allowed to carry arms in a normal situation apart from those that are legalised to do so. Herdsmen crisis: Bauchi governor makes U-turn on herders carrying AK-47, slams Akeredolu, others Meanwhile, Governor Samuel Ortom of Benue state has reacted to the statement by his Bauchi counterpart, Bala Mohammed, on herders carrying weapons. Ortom in his reaction through Terver Akase, his spokesperson, said he was disappointed in Mohammed's statement. He said such utterances are capable of leading the country to anarchy. The statement by the chairman of MACBAN in Bauchi state that every citizen should be allowed to bear arms has sparked reactions from Nigerians on social media. If you kill herder, don't sleep we'll revisit you - Tension as Fulani cattle-rearers threaten war Nurudeen Lawal is a Legit.ng journalist passionate about fact-checking/verification journalism. He holds a Bachelor of Arts degree in Literature-in-English from Obafemi Awolowo University, Ile-Ife, Osun State. As Politics Editor, Nurudeen mostly writes on Nigeria’s political and socio-economic developments. He has attended different workshops, conferences and training on fact-checking and digital reporting, among others. Learn more about him on Twitter, @Nurudeen Lawal_ Nurudeen Lawal                                    (Head of Politics and Current Affairs Desk) Nurudeen Lawal is an AFP-certified journalist with a wealth of experience spanning over 8 years. He received his B/Arts degree in Literature in English from OAU. Lawal is the Head of the Politics/CA Desk at Legit.ng. He previously worked at Lantern Books and Saraba Magazine. Lawal was named the Political Desk Head of the Year (Nigeria Media Nite-Out Award 2023). Lawal is a member of the Oxford Climate Journalism Network. He is also a certified fact-checker (Dubawa fellowship, 2020). Contact him at lawal.nurudeen@corp.legit.ng or +2348054399455.",not_about_candidate,1.0,0.02,moderate,unclear,0.65,0.13,english,1.0,v3,jev-1.13.0,confirmed,Neutral report of MACBAN defending the governor's AK-47 remarks is state-level only with no candidate/APM.,"{""sentiment"":""not_about_candidate"",""intensity"":""moderate"",""lga"":""unclear"",""mentions"":false,""opposition"":false,""language"":""english""}",mimo-v2.6-ai-reviewer,2026-09-23
legit_hausa-be022b9ae4fd,"Herdsmen crisis: Bauchi governor makes U-turn on herders carrying AK-47, slams Akeredolu, others - Legit.ng. - Bauchi government has cleared the grey areas on Governor Bala Mohammed's controversial comment on herders carrying AK-47 - In a statement, an aide to Governor Mohammed said the comment of his boss was misunderstood and misrepresented - Muktar Gidado said Governor Mohammed's position was  to ""caution stakeholders to guard against escalating ethnic tension"" PAY ATTENTION: Join Legit.ng Telegram channel! Never miss important updates! Bauchi state government has put forward an explanation on the statement of Governor Bala Mohammed justifying Fulani herders carrying AK-47 for self-defence. In a statement on Sunday, February 14, Muktar Gidado, a senior special assistant on media, said the comment of the principal was misunderstood, The Punch reports. Legit.ng recalls that governor, who was a special guest of honour at the launch of the inaugural edition of the Bauchi correspondents’ chapel of the Nigeria Union of Journalists (NUJ)’s magazine on Thursday, February 11, said the AK-47 is just a weapon carried by herders to tackle cattle-rustlers. President Buhari reacts to cases of ethnic violence in Nigeria, warns of decisive action Mohammed maintained that since the host communities and government of host states failed to protect the herders, it is imminent that the Fulani herders carry guns as self-defence. The governor also berated Governor Rotimi Akeredolu for issuing an eviction notice to the criminal herders residing in the Ondo forest reserves. The Bauchi governor's statement has since generated a mixed reaction, with Samuel Ortom and Akeredolu of Benue and Ondo states respectively slamming him for justifying illegal handling of firearms. But in a subsequent reaction, Gidado said Mohammed's position was misrepresented in the media to mean he was backing criminal herders. We’ll protect ourselves - Anxiety as monarch writes Buhari over attack by herdsmen PAY ATTENTION : Install our latest app for Android, read best news on Nigeria’s #1 news app Meanwhile, Legit.ng reported that amid mounting tension characterising the ethnic farmer-herder crisis, a cattle-rearer Fulani group Miyeti Allah threatened to unleash violence if any of its members is harmed. Saleh Alhassan, a spokesman of the group, made the declaration on Sunday, February 14, saying ""nobody has right to evict herdsmen."" According to him, Fulani herders ""will resist eviction"" and there will be retaliation for any killing of Fulani herders in the southern part of the country. Rahaman Abiola is a result-oriented journalist and content writer with a firm grip of over 5-year corporate experience stranding diverse roles in digital & traditional media and social media communication. A published literary writer, freelancer and public commentator, he has written over 100 essays covering diverse issues on economy, politics and current affairs, entertainment and leadership published in virtually all notable Nigerian national dailies and digital media in Nigeria. He is a graduate of English Literature, Obafemi Awolowo University, Ile-Ife. Follow him on Twitter via @ShugabanR. Rahaman Abiola                                    (Editor-in-Chief) Rahaman Abiola is a Nigerian journalist, editor, and media trainer with a decade of experience stranding diverse roles in both traditional and digital media. As the Editor-in-Chief of LEGIT.ng, he leads content direction with data-driven editorial practice, demonstrating a commitment to modern newsroom management and mentoring team(s) of professionals through audience-centric innovation. His work involves leveraging social media and emerging technologies towards impactful journalism, media innovation, etc. Contact via: rahaman.abiola@corp.legit.ng.",not_about_candidate,1.0,0.02,moderate,unclear,0.74,0.19,english,1.0,v3,jev-1.13.0,confirmed,Straight news of the Bauchi government clarifying the governor's herders comment names no candidate/APM or specific LGA.,"{""sentiment"":""not_about_candidate"",""intensity"":""moderate"",""lga"":""unclear"",""mentions"":false,""opposition"":false,""language"":""english""}",mimo-v2.6-ai-reviewer,2026-09-23
legit_hausa-42d3cd95b3d6,"MURIC disagrees with Bauchi governor, says herdsmen have no right to carry AK-47 - Legit.ng. - A recent comment by the Bauch state governor, Senator Bala Mohammed, continues to generate reactions - The governor had justified the fact that herders bear arms when herding their cattle - Professor Ishaq Akintola of the Muslim Rights Concern has faulted the position of the governor PAY ATTENTION: Join Legit.ng Telegram channel! Never miss important updates! Director of the Muslim Rights Concern (MURIC), Professor Ishaq Akintola, has declared that herdsmen have no right to carry AK-47 rifles. Professor Akintola made the comment in an interview with the Nigerian Tribun e published on Saturday, February 20. Bauchi state governor, Bala Mohammed, recently said Fulani herdsmen carry AK-47 rifles in order to protect themselves from criminals who attack them and rustle their cows. PAY ATTENTION: Install our latest app for Android, read best news on Nigeria’s #1 news app But, Professor Akintola said the comment of the Bauchi state governor was not well-thought-out. Bauchi governor says his comment supporting AK-47 for herders was a figure of speech Breaking: Gumi meets with bandits in forests, speaks on time for release of Niger captives He noted that one of the ways to address the herdsmen crisis is to unveil the owners of the cattle. Legit.ng had reported that Governor Mohammed on Friday, February 19 defended his comment about armed herders. According to the governor, his comment supporting herdsmen arming themselves with AK-47 rifles was a figure of speech endorsing their protection. Recall that Governor Samuel Ortom of Benue state had earlier described the comments of his Bauchi counterpart supporting armed herdsmen, as disappointing. According to the Benue state chief executive, herders bearing arms violates the provisions of the Nigerian constitution. Governor Bala Mohammed was wrong for backing herdsmen carrying AK-47, OPC declares Jerrywright Ukwu is an Abuja-based senior political/defence correspondent at Legit.ng. He is a graduate of the Nigerian Institute of Journalism, Lagos and the International Institute of Journalism in Abuja. He is also a member of the Nigeria Union of Journalists. He spends his leisure-time reading history books. He can be reached via email at jerrywright39@yahoo.com. Jerrywright Ukwu Jerrywright Ukwu is an Abuja-based senior political/defence correspondent. He is a graduate of the Nigerian Institute of Journalism, Lagos and the International Institute of Journalism in Abuja. He is also a member of the Nigeria Union of Journalists. He spends his leisure-time reading history books. He can be reached via email at jerrywright39@yahoo.com.",not_about_candidate,1.0,0.02,mild,unclear,0.79,0.12,english,1.0,v3,jev-1.13.0,confirmed,MURIC's critique of the governor reported as news mentions only Bauchi state and no candidate/APM.,"{""sentiment"":""not_about_candidate"",""intensity"":""mild"",""lga"":""unclear"",""mentions"":false,""opposition"":false,""language"":""english""}",mimo-v2.6-ai-reviewer,2026-09-23
legit_hausa-8b878cab1451,"AK-47: Bauchi governor makes U-turn, issues new directive to herdsmen - Legit.ng. - Following the backlash that trailed his AK-47 comment, Governor Mohammed of Bauchi state has begged herdsmen to be peaceful - The Bauchi state governor said his statement defending herders' use of AK-47 rifles was just ""a figurative allusion"" - Nevertheless, Governor Mohammed said he has no apologies for criticising those who label Fulanis as criminals PAY ATTENTION: Join Legit.ng Telegram channel! Never miss important updates! Bala Mohammed, the governor of Bauchi state, has begged Fulani herdsmen not to carry AK-47 rifles but remain peaceful. The Bauchi state governor had been severely criticised by Nigerians and his colleague governors after justifying the use of AK-47 weapons by herders. However, Governor Mohammed has urged herdsmen not to carry AK-47 rifles, clarifying that he only made ""a figurative allusion"" to the use of the weapon. Terrorism: Crisis in PDP as 2 governors 'fight', call each other names According to The Punch , the Bauchi state governor made the plea in his speech during the launch of the 2020/2021 annual livestock vaccination campaign held at the Galambi Cattle Ranch, Bauchi, on Wednesday, February 24. Legit.ng gathers that he described the Fulani people as humble, simple, and humane and vowed to do everything possible to make sure he protects and supports them. In a similar development, Governor Mohammed said he has no apology for kicking against the labelling of Fulanis as kidnappers and killers, Daily Trust reported. He said it is unfair to label a particular ethnic group as criminals as such action can breed disunity. Mohammed said over the years, Fulani herders have made sacrifices in their pastoral venture, providing the needed protein through the supply of beef. MURIC disagrees with Bauchi governor, says herdsmen have no right to carry AK-47 Nevertheless, the Bauchi state governor charged herdsmen to expose the “criminals among them” and to live within the law. Meanwhile, Legit.ng earlier reported that Samuel Ortom , the governor of Benue, issued a stern warning to herdsmen to respect the state's relevant laws or go to Bauchi state if they are bent on carrying weapons such as AK-47 around. He said Nigeria is not governed anyhow but by the constitution which gives power to governors in all the states to preside over the land of their states on behalf of the people. Ortom added that it is the governors who can allocate land and permit people to stay where they are. Nurudeen Lawal is a Legit.ng journalist passionate about fact-checking/verification journalism. He holds a Bachelor of Arts degree in Literature-in-English from Obafemi Awolowo University, Ile-Ife, Osun State. As Politics Editor, Nurudeen mostly writes on Nigeria’s political and socio-economic developments. He has attended different workshops, conferences and training on fact-checking and digital reporting, among others. Learn more about him on Twitter, @Nurudeen Lawal_ Nurudeen Lawal                                    (Head of Politics and Current Affairs Desk) Nurudeen Lawal is an AFP-certified journalist with a wealth of experience spanning over 8 years. He received his B/Arts degree in Literature in English from OAU. Lawal is the Head of the Politics/CA Desk at Legit.ng. He previously worked at Lantern Books and Saraba Magazine. Lawal was named the Political Desk Head of the Year (Nigeria Media Nite-Out Award 2023). Lawal is a member of the Oxford Climate Journalism Network. He is also a certified fact-checker (Dubawa fellowship, 2020). Contact him at lawal.nurudeen@corp.legit.ng or +2348054399455.",not_about_candidate,1.0,0.02,mild,unclear,0.53,0.15,english,1.0,v3,jev-1.13.0,confirmed,"News of the governor's figurative-allusion walk-back is state-level only with no candidate/APM, confirming not_about/unclear.","{""sentiment"":""not_about_candidate"",""intensity"":""mild"",""lga"":""unclear"",""mentions"":false,""opposition"":false,""language"":""english""}",mimo-v2.6-ai-reviewer,2026-09-23
legit_hausa-a8cb3f1c2f04,"AK-47 comments: My feud with Gov Ortom regrettable, says Bauchi governor - Legit.ng. - The intense verbal exchanges between Governors Bala Mohammed and Samuel Ortom has come to an end - Both governors admitted that they were wrong to have attacked each other verbally via the media - The truce between the duo was initiated by their counterparts from Rivers and Adamawa states PAY ATTENTION: Join Legit.ng Telegram channel! Never miss important updates! Bauchi state governor, Senator Bala Mohammed , on Tuesday, March 2 described the feud between him and his Benue counterpart, Governor Samuel Ortom over comments relating to the farmers/herders crisis as regrettable. Governor Mohammed made the comment at Government House, Port Harcourt, Rivers state where host Governor Nyesom Wike and Adamawa state chief executive, Governor Ahmed Fintiri, reconciled the duo. All four governors are members of the main opposition party in Nigeria , the Peoples Democratic Party (PDP). Following a warm embrace between Ortom and Mohammed, after the truce brokered by Wike and Finitri, the Bauchi governor said the tension between him and his Benue counterpart was fuelled by widespread insecurity in the country. We need to know the truth - Nigerian governor speaks about abduction of schoolchildren PAY ATTENTION: Install our latest app for Android, read the best news on Nigeria’s #1 news app On his part, Governor Ortom said it was wrong for him and the Bauchi governor to verbally attack each other via the media. He admitted that they both mistakes, adding that as human beings, they are not above mistakes. I will not grant amnesty or negotiate with bandits, Governor Ortom declares Legit.ng had earlier shared a photo of the PDP governors embracing each other in the said meeting. Recall that at the height of their feud, Governor Ortom said that some herdsmen threatened to assassinate him after Governor Mohammed's statement that Fulani herdsmen had the right to carry AK-47. He said he believes that Governor Mohammed was the one who gave the herdsmen the power to issue a death threat on him, adding that the Bauchi governor should be held responsible if anything happens to him. Jerrywright Ukwu is an Abuja-based senior political/defence correspondent at Legit.ng. He is a graduate of the Nigerian Institute of Journalism, Lagos and the International Institute of Journalism in Abuja. He is also a member of the Nigeria Union of Journalists. He spends his leisure-time reading history books. He can be reached via email at jerrywright39@yahoo.com . Jerrywright Ukwu Jerrywright Ukwu is an Abuja-based senior political/defence correspondent. He is a graduate of the Nigerian Institute of Journalism, Lagos and the International Institute of Journalism in Abuja. He is also a member of the Nigeria Union of Journalists. He spends his leisure-time reading history books. He can be reached via email at jerrywright39@yahoo.com.",not_about_candidate,1.0,0.02,mild,unclear,0.78,0.18,english,1.0,v3,jev-1.13.0,confirmed,Report of the Ortom-Mohammed PDP reconciliation quotes party names as news rather than sympathy and cites only Bauchi state.,"{""sentiment"":""not_about_candidate"",""intensity"":""mild"",""lga"":""unclear"",""mentions"":false,""opposition"":false,""language"":""english""}",mimo-v2.6-ai-reviewer,2026-09-23
legit_hausa-fa4a1ea40e35,"2023: Bauchi governor will soon join APC, says Governor Zulum - Legit.ng. - There are indications that Governor Bala Mohammed of Bauchi may be heading to the All Progressives Congress (APC) - Governor Babagana Zulum has joined those in the APC trying to woo the Bauchi governor to join the ruling party - Rumours of the Bauchi governor's imminent defection to the APC has been in the news since the last quarter of 2020 PAY ATTENTION: Join Legit.ng Telegram channel! Never miss important updates! Borno state governor, Professor Babagana Zulum on Thursday, March 4 hinted that Governor Bala Mohammed of Bauchi will soon decamp from the People’s Democratic Party (PDP) to the All Progressives Congress (APC). Professor Zulum made the comment at the Bauchi state Government House during an event. Legit.ng gathered that the governors and their colleagues from other north-east states were in Bauchi to perform the groundbreaking ceremony for the reconstruction and upgrading of the Bauchi state Government House. Sanwo-Olu, Ganduje, and other governors that have received AstraZeneca COVID-19 vaccine PAY ATTENTION: Install our latest app for Android, read the best news on Nigeria’s #1 news app Channels Television quoted the Borno governor as saying: The northeast governors have been in Bauchi state since Wednesday, March 3 for their 4th zonal meeting. While Governors Inuwa Yahaya of Gombe and Umaru Fintiri of Adamawa were also present, the governors of Taraba and Yobe were represented by the deputies. Meanwhile, Governor Mohammed on Tuesday, March 2 described the feud between him and his Benue counterpart, Governor Samuel Ortom over comments relating to the farmers/herders crisis as regrettable. Governor Mohammed made the comment at Government House, Port Harcourt , Rivers state where host Governor Nyesom Wike and Governor Fintiri, reconciled the duo. South-South PDP elects new leaders, says party will take over Aso Rock in 2023 Following a warm embrace between Ortom and Mohammed, after the truce brokered by Wike and Finitri, the Bauchi governor said the tension between him and his Benue counterpart was fuelled by widespread insecurity in the country. Legit.ng had earlier shared a photo of the PDP governors embracing each other in the said meeting. Jerrywright Ukwu is an Abuja-based senior political/defence correspondent at Legit.ng. He is a graduate of the Nigerian Institute of Journalism, Lagos and the International Institute of Journalism in Abuja. He is also a member of the Nigeria Union of Journalists. He spends his leisure-time reading history books. He can be reached via email at jerrywright39@yahoo.com. Jerrywright Ukwu Jerrywright Ukwu is an Abuja-based senior political/defence correspondent. He is a graduate of the Nigerian Institute of Journalism, Lagos and the International Institute of Journalism in Abuja. He is also a member of the Nigeria Union of Journalists. He spends his leisure-time reading history books. He can be reached via email at jerrywright39@yahoo.com.",not_about_candidate,1.0,0.02,calm,Bauchi,0.68,0.26,english,1.0,v3,jev-1.13.0,confirmed,"Defection-rumour news anchored at Bauchi state Government House, a city landmark, with no candidate/APM content.","{""sentiment"":""not_about_candidate"",""intensity"":""calm"",""lga"":""Bauchi"",""mentions"":false,""opposition"":false,""language"":""english""}",mimo-v2.6-ai-reviewer,2026-09-23
legit_hausa-50fbceff0195,"Boko Haram Fighters Entering Bauchi From Yobe, Government Cries Out - Legit.ng. - Some communities in Bauchi state have been invaded by criminals - The criminals suspected to be Boko Haram insurgents are believed to have come from Yobe state - Meanwhile, needed security support has been given to law enforcement officers in the state PAY ATTENTION: Join Legit.ng Telegram channel! Never miss important updates! The Bauchi state government has raised alarm over attacks and raids by Boko Haram insurgents. According to the secretary to the Bauchi state government, Alhaji Sabiu Baba, four local governments in the state have been attacked by the terrorists. The criminals who have destroyed some facilities in the state are said to be from neighboring Yobe, Guardian reports . The affected local governments include: Zaki, Gamawa, Darazo and Dambam. He said the state government has beefed up security around the neighboring communities, Punch Newspaper addded . Specifically, he said the criminals launched attack on a communication mast and carted away some of the properties. Tension in southeast as gunmen again attack police station, kill officer He blamed this on the influx of criminal elements from Yobe state. Meanwhile, he said the state government has given the needed support to security operatives to intensify patrol and surveillance, especially at the border communities with Yobe. Legit.ng had reported that about nine people lost their lives in another senseless killing in Nigeria. This time, the incident occurred in different villages across two local government areas of Benue state . Five were killed in TyoughAtee/Njaha Council ward Shagbaor, Tse Tûgh village, Mbatyough, Saghev all in Gwer West LGA while the remaining four were allegedly killed at Imandeakpu village along Gbajimba-University road in Guma LGA. According to the report, many people sustained gun wounds in the communities during the attacks. Villagers said the gunmen besieged their communities in the dead of the night, fired gunshots sporadically and hacked some people to death with cutlasses. In another report, the defence minister, Magashi Bashir, told troops fighting terrorist in Borno state not to fear any bullet from the terrorists, saying it will not kill them. Another tragedy in Nigeria as gunmen shoot nine dead in Benue villages He said this when he visited the Theatre Command in Maiduguri, the Borno state capital, on Sunday, April 18. Aanu Adegun Aanu Adegun is a journalist with over 9 years of experience in both digital and traditional media. A graduate of English Studies from Adekunle Ajasin University, Akungba Akoko, Ondo state. Aanu joined Legit.ng in 2016 covering politics and current affairs. Aanu started his journalism career as a features writer. He once anchored some specialised pages of a national newspaper. You can reach him via - aanu.adegun@corp.legit.ng",not_about_candidate,1.0,0.02,moderate,Zaki,0.6,0.07,english,1.0,v3,jev-1.13.0,confirmed,"Boko Haram alarm lists Zaki, Gamawa, Darazo and Dambam as attacked LGAs, so I keep first-named Zaki as the model did.","{""sentiment"":""not_about_candidate"",""intensity"":""moderate"",""lga"":""Zaki"",""mentions"":false,""opposition"":false,""language"":""english""}",mimo-v2.6-ai-reviewer,2026-09-23
legit_hausa-003870c05b0f,"BREAKING: Another Nigerian Governor Sacks Commissioners, SSG, CoS - Legit.ng. - The governor of Bauch state on Wednesday, June 9, took a very bold decision over his administration's workforce - Governor Bala Mohammed has sacked the state's executive council members with immediate effect - Only advisers on security, national and state Assembly liaison, social investment and media aides were retained PAY ATTENTION: Join Legit.ng Telegram channel! Never miss important updates ! Bauchi - For reasons yet undisclosed, the governor of Bauchi, Bala Mohammed , on Wednesday, June 9, dissolved his entire cabinet and sacked the secretary to the state government, including his chief of staff. Governor Mohammed's decision which takes effect immediately is contained in a statement released on Wednesday by his media aide, Mukhtar Gidado, The Nation reports. However, advisers on security, national and state Assembly liaison, social investment, special adviser media, and publicity are not affected. Breaking: At last, Governor Uzodinma reveals those behind attacks in Nigeria Meanwhile, Governor Hope Uzodinma had sacked 20 of his commissioners . The governor announced the sacking of the officials on Wednesday, May 12, at the end of the usual weekly executive council meeting. The commissioner for information and strategy, Mbadiwe Emelumba, who spoke on behalf of the governor, told journalists that Uzodinma took the decision to enable effective governance in the state. He disclosed that the eight members of the cabinet retained by the governor include the commissioner for finance, science and technology, health, works, information, youths and sports, women affairs, and tourism. The firing of the officials came as a surprise to the affected appointees, as there was no sign that the announcement would be made. PAY ATTENTION : Install our latest app for Android, read best news on Nigeria’s #1 news app Uzodinma who recently alleged that some of his appointees were sabotaging his administration wished the affected appointee well in their future endeavours. Onyirioha Nnamdi Onyirioha Nnamdi is a graduate of Literature and English Language at the University of Lagos. He is a Politics/Current Affairs Editor who writes on news and political topics for Legit.ng. He brings into his reporting a wealth of experience in creative and analytical writing. Nnamdi has a major interest in local and global politics. He has a professional certificate from Reuters and was awarded the editor with the best listicle for 2021. Contact: 08062988054, o.nnamdi@corp.legit.ng",not_about_candidate,1.0,0.02,mild,unclear,0.51,0.12,english,1.0,v3,jev-1.13.0,confirmed,"Cabinet-sacking news refers only to Bauchi state government, with no candidate/APM or specific LGA.","{""sentiment"":""not_about_candidate"",""intensity"":""mild"",""lga"":""unclear"",""mentions"":false,""opposition"":false,""language"":""english""}",mimo-v2.6-ai-reviewer,2026-09-23
legit_hausa-a8bfa161b468,"Throwback: Video Shows Shagari Lighting a Cigarette when Prime Minister Tafawa Balewa Addressed an Audience - Legit.ng. Pay Attention: Legit.ng is on a mission to support vulnerable children of Calabar – join the initiative on Patreon , let’s change more lives together! An old video of late former president Shehu Shagari lighting a cigarette when Prime Minister Tafawa Balewa was addressing an audience in the 1960s has emerged on social media. In the video that was shared on Facebook by Jaafar Jaafar , Balewa addressed the audience on racial discrimination as he was flanked by two men, while Shagari and two others sat at the back row. Photos show students writing exams on the field with desks spaced out, school says it's to discourage cheating Videos capture emotional moment parents storm Kaduna school where bandits kidnapped students, some wail In other news, an old photo of President Buhari enjoying himself when he was younger generated massive reactions on social media. A Facebook user named Ayo Ojeniyi stunned the internet with a rare photo of President Buhari as a young man dancing with a white lady barefooted. Tunde Ososanya Tunde Ososanya, a former senior editor, is a graduate of Mass Communication from the Nigerian Institute of Journalism. He's passionate about what he does and finds fulfilment in informing the people. Ososanya is the author of Later Tonight: a Collection of Short Stories.",not_about_candidate,1.0,0.02,mild,Tafawa-Balewa,0.48,0.1,english,1.0,v3,jev-1.13.0,corrected,"Model chose Tafawa-Balewa but that is Prime Minister Tafawa Balewa's personal name in a 1960s throwback - the LGA itself is never discussed, so unclear.","{""sentiment"":""not_about_candidate"",""intensity"":""mild"",""lga"":""unclear"",""mentions"":false,""opposition"":false,""language"":""english""}",mimo-v2.6-ai-reviewer,2026-09-23
