{"type":"FeatureCollection","crs":{"type":"name","properties":{"name":"EPSG:4326"}},"features":[{"type":"Feature","id":87,"geometry":{"type":"Polygon","coordinates":[[[10.9780078479839,9.62241202159754],[10.969316446297,9.61549837365106],[10.969134278724,9.61535346768841],[10.9563446763657,9.60568690682533],[10.9172322864409,9.55452849559367],[10.7776725757288,9.45040266075426],[10.7735429158729,9.44732151057929],[10.7213134732382,9.45251761709443],[10.6178399112829,9.46281180312229],[10.6042274031722,9.46648163332077],[10.5409638060349,9.48353702231577],[10.5270708317535,9.48728246301528],[10.5229589029311,9.4883910078388],[10.5127904376287,9.511043767356],[10.5076303480622,9.52253913916996],[10.5067614132087,9.52333302380003],[10.5036001208489,9.52622127479202],[10.4996700286489,9.52797698974632],[10.4954700472049,9.53551292358259],[10.4930186517894,9.53991085210419],[10.4912700648617,9.54304790503681],[10.4889001848957,9.55259513935425],[10.4829502108836,9.55619239786091],[10.4790201186836,9.55794811281521],[10.4653797154016,9.56120395719694],[10.4617573514207,9.56451687795163],[10.4593400960686,9.56672763816999],[10.4533996575682,9.57032394429461],[10.4494600298565,9.57207965924891],[10.4396696089653,9.57550621024347],[10.4297895427533,9.58085918370443],[10.4258499150416,9.58261489865868],[10.4238395687411,9.58445453744702],[10.4190564417015,9.5842427569977],[10.4161500927526,9.58411407480475],[10.4102001187405,9.58771133421078],[10.4042596820387,9.59130859361676],[10.3984003066289,9.59297752399357],[10.3925399779377,9.59464931511383],[10.3827495570465,9.59807491282703],[10.3728704450151,9.60342788718731],[10.3649101256019,9.60886573776361],[10.3609695428102,9.61062145181859],[10.355798861928,9.61415468938748],[10.3530101775777,9.61606025657562],[10.3471082075778,9.62146658411564],[10.3469800946557,9.62158393934737],[10.3429603580341,9.62526607496943],[10.3389301299216,9.62894821239013],[10.3286165913826,9.63838816388272],[10.3278153314125,9.63912155471604],[10.3268604276666,9.63999557523567],[10.3182921791408,9.64204014073994],[10.3132200243847,9.64325046543667],[10.3118232225637,9.64404020958807],[10.300273623429,9.65274060719332],[10.2953659852521,9.65824311003155],[10.2935813885703,9.66240716715708],[10.2923916592477,9.66553021135024],[10.2866512092859,9.66977159937983],[10.2810118862895,9.67255556768532],[10.2755867152547,9.67548230516428],[10.271874756315,9.67790935593206],[10.2673775750151,9.68105024357391],[10.2648791405599,9.68126439643481],[10.2632373130516,9.68304899221727],[10.2623807070041,9.6848335871004],[10.2605961112216,9.68711786959403],[10.257383838993,9.68761755810385],[10.2516017477225,9.68790309195418],[10.2475715357978,9.68783468232476],[10.2392434233454,9.68887569705583],[10.2318076074352,9.68976799359808],[10.2264538200878,9.69006542727772],[10.2212487491305,9.68917312893677],[10.2147052306619,9.68947056171709],[10.2068232655813,9.68842954788539],[10.1995361669606,9.68976799359808],[10.1907619053377,9.68902441434528],[10.1802030461337,9.68723981676419],[10.1736595285644,9.68545522098174],[10.1651826988225,9.68411677436967],[10.1614647908675,9.68322447782742],[10.1568545845715,9.68010143543296],[10.1522443800741,9.67876298792163],[10.1500136351212,9.68069629919489],[10.1473798751811,9.68801021559904],[10.146497291317,9.69030548511012],[10.144767472341,9.69135285984663],[10.1431987857954,9.69212600880832],[10.1401327172512,9.692266580938],[10.1376370796875,9.69233686655321],[10.1338579728672,9.69282887035615],[10.1317901589887,9.69233686655321],[10.1299362569528,9.692266580938],[10.1228771688463,9.69311001371619],[10.1216650032374,9.694164300642],[10.1206667476723,9.69346144359082],[10.1185305241644,9.69362561393098],[10.1169589436004,9.69381287166675],[10.1153189543064,9.69367230133571],[10.1145346105839,9.6928991559713],[10.1123954930576,9.69170429062058],[10.1087589926335,9.69057970998568],[10.1041402967373,9.70000576875128],[10.1036964147578,9.7009116648415],[10.104869172974,9.71051175231554],[10.1032910930096,9.7195124452432],[10.1005804032631,9.72218421502953],[10.098321495141,9.72203578372449],[10.0959595723764,9.72422778858163],[10.0916953649492,9.72470753372573],[10.0880955262875,9.72441358941569],[10.0865216092849,9.72455921663459],[10.0849186396835,9.72470753372573],[10.0793466669152,9.72634025919564],[10.0757324139198,9.72916040273043],[10.0710760256381,9.73084543726719],[10.0682027195799,9.73094153432442],[10.0627813409861,9.73019939758416],[10.0576611489429,9.72901197502267],[10.0534445201486,9.72901197502267],[10.0520925153573,9.72722086814861],[10.0484749231792,9.72604340108217],[10.0468183899568,9.72886354731492],[10.0418487920882,9.73049625210041],[10.0388369148918,9.72708240492909],[10.0334155353987,9.72604340108217],[10.0135371430248,9.71906714773075],[10.0057062621343,9.717582820291],[9.99561647222248,9.71817655180649],[9.99215281340167,9.71684065387313],[9.98432193161193,9.71298136170054],[9.97258963430426,9.69952765767533],[9.95995170980359,9.70489573794799],[9.94747112169495,9.70716738496691],[9.9303818183663,9.71534996822652],[9.92734774140519,9.72055517498137],[9.92056948279543,9.73279358195828],[9.91859697816807,9.73408561905615],[9.91700839232351,9.73613738992867],[9.89017016282281,9.75284030943277],[9.88556709174793,9.76334684068422],[9.89102217423402,9.78239928939576],[9.89260255196626,9.79021658962398],[9.89256237655246,9.79121089806455],[9.89495814979881,9.7953281958396],[9.89686802743756,9.79791884228081],[9.90658825174648,9.79989426970485],[9.90734101577533,9.80184102494337],[9.9116188839044,9.81109603805174],[9.91919749416905,9.81784399040788],[9.91933807619131,9.81796916434553],[9.9240858850556,9.82483617255139],[9.9197602683218,9.83642635988866],[9.91427478964988,9.84890099808263],[9.91406238507108,9.84920551212474],[9.89694661199661,9.84911490992522],[9.88838654370409,9.85153099256132],[9.88436059276717,9.85342172902961],[9.87840399524822,9.85492651334795],[9.86556929009072,9.8578536573205],[9.86331133165271,9.85469233977972],[9.85867657836144,9.85153099256132],[9.85635353958423,9.84791301637267],[9.85027205681001,9.85194009685802],[9.85054722327578,9.85799978276378],[9.84837826534471,9.86226385978932],[9.84056840071116,9.86463490167944],[9.84115812934425,9.87531174294264],[9.84598832959779,9.88175603741126],[9.83740173220423,9.89241828987224],[9.83323296263114,9.89856753836125],[9.8299529831437,9.90144746612771],[9.82491292788939,9.90574277390994],[9.82289389503728,9.9092442177465],[9.82092797344728,9.91148317171104],[9.82602677781358,9.91494852935119],[9.83030950228175,9.91893721867774],[9.8340886100014,9.9223086313383],[9.83674842959641,9.92282446987343],[9.84057726622791,9.92813828055728],[9.84328681473477,9.92996441512571],[9.85362588412733,9.93045606639441],[9.85907897371573,9.92945215769095],[9.86392474393182,9.92890967494162],[9.87068563303558,9.92836793323357],[9.87687096232509,9.92862993362456],[9.88437710611862,9.93435995774593],[9.89355607885,9.93410829686047],[9.89991706821814,9.93176621044233],[9.9028968917782,9.92778709979484],[9.90577008721982,9.92054160291269],[9.90992224181804,9.9148005540024],[9.91097096463835,9.91332420984446],[9.91238604607923,9.90299354461644],[9.91451943042745,9.90285229979384],[9.91587420423122,9.9018689172168],[9.91687245889693,9.89877826480512],[9.91772231463318,9.89665326033975],[9.92314720418017,9.89716268580935],[9.93177497793295,9.90144746612771],[9.94019744725443,9.9085923270743],[9.95698614499463,9.9201767353681],[9.96097363732355,9.9248891846882],[9.96519585810239,9.9275107003586],[9.9685675045867,9.93240443861401],[9.97589653769512,9.94168929032855],[9.98364235171323,9.94712560126555],[9.98649450931418,9.94916232378228],[9.98743244824891,9.95144873587049],[9.98606668472979,9.95400827026549],[9.97876991839706,9.95663019962404],[9.97270555691597,9.96544894261467],[9.974564845891,9.96822618668921],[9.97869709669368,9.96995852826353],[9.98737821912954,9.97527644974838],[9.99289238707405,9.97799184294922],[9.99935727691684,9.98276713599461],[10.0023995772787,9.98688693928085],[10.0061188782836,9.99241626979506],[10.0114141170679,9.99846583922715],[10.0129503749599,10.0127082244051],[10.0131999386263,10.0218715300471],[10.0169807235816,10.0245796045651],[10.0181097028006,10.0235263716448],[10.0191792611141,10.0239359633741],[10.0198328811826,10.0241115020442],[10.0204270803455,10.0229997547349],[10.0233386570534,10.0208932781023],[10.0238858243713,10.0203115993009],[10.0262269691993,10.0223829717968],[10.0330008409161,10.0266661081544],[10.0396959715919,10.0283911139588],[10.0439819650957,10.0267159090121],[10.0501913476526,10.0230588653744],[10.0525372507935,10.0186788639385],[10.0551232027736,10.0151009912178],[10.0569652202688,10.0097468720206],[10.0616457958168,10.003824900199],[10.0695256034239,10.0020588250548],[10.0736849975646,10.0019417917803],[10.0763267848533,10.0053700209098],[10.0792621162537,10.0062017912797],[10.0838968704443,10.0063188227555],[10.0903142239223,10.01181928773],[10.08764032634,10.0148035431491],[10.0860954088761,10.0181973687136],[10.0818171720249,10.0205379172911],[10.0818171720249,10.0231125018406],[10.0787867562039,10.025218964084],[10.0765371551656,10.0266934799202],[10.0762957636387,10.0314517856714],[10.0783160420518,10.0343773504344],[10.0823565970794,10.0381220330055],[10.0803957386725,10.0428028252902],[10.0828319571291,10.0468399548001],[10.0882985896083,10.052983316327],[10.0930513015763,10.0592325100723],[10.0987621692388,10.0690623050814],[10.0967947466802,10.0710318437447],[10.0960631652829,10.0717349319216],[10.0938566255829,10.0831356150167],[10.0944835969405,10.0859329373552],[10.0946228083959,10.089897145337],[10.1063466421838,10.1032853553349],[10.1349364776364,10.105312014438],[10.1398918662167,10.1060171530692],[10.1448118358975,10.1081932723017],[10.1495178946352,10.1093866213955],[10.1532970023548,10.1099481967519],[10.1583340107061,10.1129423474114],[10.1622743983448,10.1185388383967],[10.1704940237802,10.1314722963095],[10.1762348676451,10.1412971612351],[10.1785103313867,10.1454961579214],[10.189493309069,10.1578189267021],[10.1911748029748,10.1597044812768],[10.1898065950983,10.1601967521784],[10.1858378977009,10.161120943177],[10.178543267258,10.1721595223441],[10.1779656848685,10.1781523769307],[10.1779267343314,10.1783263723643],[10.1780898596593,10.1786527057578],[10.1798890766196,10.1839425612003],[10.1802912642305,10.191332279661],[10.183164071165,10.191574126245],[10.1889321159244,10.1925551525983],[10.194508370365,10.1908450737412],[10.2016426399959,10.2001839980931],[10.2070340927492,10.2001380661189],[10.2093942285608,10.2072989682728],[10.2024511350119,10.2132581423494],[10.2047702392552,10.2199552362452],[10.2038955586332,10.2241748130173],[10.2149541809907,10.2317871388654],[10.2191168108922,10.2297299154033],[10.2346559438168,10.2298372171139],[10.2419381078574,10.2269783226915],[10.2468500322033,10.2282541899789],[10.2486314803586,10.2386351309066],[10.2533058703697,10.2541282599113],[10.2529133819471,10.2590545868997],[10.2541255493547,10.2591832214286],[10.2549217758194,10.2593352419279],[10.2557536550072,10.2596626742931],[10.2568113296792,10.2601889017964],[10.256735090552,10.2642797397183],[10.2567921336501,10.2667494606192],[10.2574196077288,10.2691630332474],[10.2587886438808,10.271295940955],[10.2601576791336,10.2729798072723],[10.2615837565851,10.2741585073093],[10.262781663443,10.2757862289513],[10.2642647839926,10.2756739719763],[10.2655767770466,10.2755617159005],[10.2668887692014,10.2760107411029],[10.2682007613561,10.2771333018604],[10.2703683999817,10.2774700700877],[10.2716233490384,10.278311986609],[10.2723649102125,10.2795467953484],[10.2741902902497,10.279434540172],[10.2750527958499,10.279752787761],[10.2755593246032,10.2799396875666],[10.2771565331475,10.2798274332895],[10.2789248700867,10.2797713048019],[10.2799516458518,10.2801080703312],[10.281085973339,10.2795230766287],[10.2817984180626,10.2791679352521],[10.2830105845709,10.2795538109597],[10.2831531918663,10.2787469769914],[10.2832244964134,10.2780103000354],[10.2837949282933,10.2783610985859],[10.2840580834139,10.2789145728493],[10.2845792711165,10.2794836521489],[10.2851497020971,10.279132855397],[10.286112304939,10.2787469769914],[10.2868966477621,10.2785715777162],[10.2876453387614,10.2776244234284],[10.2874658601614,10.2768349607649],[10.2876453387614,10.2762563027862],[10.288367663437,10.276284629632],[10.2888558846914,10.2759866878354],[10.2889288098168,10.2753442193603],[10.2888575061691,10.2747478564285],[10.2900870511765,10.2743032639845],[10.2911574908256,10.2745821095767],[10.2919473419963,10.2744905999613],[10.2923896798399,10.2738301522398],[10.292921829379,10.2732277089916],[10.2938353418276,10.2729479173126],[10.294399206858,10.272791347143],[10.2946654079822,10.2726042512852],[10.2947985094437,10.2720616723084],[10.2949125947405,10.2712945766834],[10.2950647096687,10.2706397380335],[10.2953689404243,10.2702655454186],[10.2958442995748,10.2703029644103],[10.2965288167516,10.270508769764],[10.2972323491936,10.270621029437],[10.2980119390998,10.2709016736733],[10.2982730347728,10.2709459688814],[10.2985633557144,10.2709952220519],[10.2991337866949,10.2711448998173],[10.299818304771,10.2710326419429],[10.3002936639215,10.2707707063031],[10.3005028219477,10.2703778032931],[10.3007309952393,10.2698726397106],[10.3012253687558,10.2700036079802],[10.3016056560762,10.2698539302148],[10.3015105842461,10.2694423150109],[10.3015295986121,10.2688623134451],[10.3018148141024,10.2685442448211],[10.3029218552595,10.2688077812542],[10.303840924619,10.2692869993955],[10.3048381000983,10.2697229619452],[10.3059219198607,10.2701907047373],[10.3069296821591,10.270546189655],[10.3076902568,10.2711261903215],[10.3080895593857,10.2716313512059],[10.3082606886799,10.2721178007959],[10.3084318179741,10.2725107029067],[10.3087360478304,10.2727539281513],[10.3092684509783,10.2726977987645],[10.3097818388608,10.2725107029067],[10.310542414401,10.2722300586703],[10.3114551039699,10.2719494153333],[10.3118924352877,10.2715565123232],[10.3122112548456,10.2713197783851],[10.3126720242946,10.2709952220519],[10.3131473843443,10.2706584484287],[10.3135657003968,10.270546189655],[10.3139686866057,10.2708485048547],[10.3143870026581,10.2712601182599],[10.3146912334137,10.2716530203706],[10.314881377074,10.2721768898516],[10.3147482756125,10.2727007593326],[10.3144250322895,10.2730562397537],[10.314291930828,10.27343043057],[10.3141398158998,10.2737297843021],[10.3143870026581,10.2739542982523],[10.3149003923393,10.2738233308821],[10.3153586742635,10.2739473689759],[10.3156609669801,10.2742349397907],[10.3162504123267,10.2741601018073],[10.3167447858432,10.2740478457316],[10.3174223350728,10.2741515798316],[10.3178286056057,10.2745342917243],[10.3177767767769,10.27483299075],[10.3179046630698,10.2754884742138],[10.3179997348999,10.2760684649877],[10.3182469216582,10.2765174901901],[10.3186652377106,10.2767981299298],[10.3191596121264,10.2768542584174],[10.3196398590923,10.2770900597585],[10.3200723016954,10.2772658628294],[10.320215302894,10.2775818279391],[10.3203242431694,10.2780694268626],[10.3204035040185,10.2781679691765],[10.3205695107744,10.2783743581901],[10.320938597938,10.278527000121],[10.3213819178413,10.2786190106589],[10.3219048133565,10.2785488509488],[10.3224673060214,10.2784413576825],[10.3232833553426,10.2785020781085],[10.3239250908703,10.278513771993],[10.324566826398,10.2786657843985],[10.3251610246616,10.2790165820497],[10.3256007328876,10.2793907656713],[10.3259929038495,10.2796830965977],[10.3263969602515,10.2798000291481],[10.3269792748737,10.2799286537844],[10.3274546349235,10.2800105073791],[10.3281082540927,10.2798701879589],[10.3287024532557,10.2796830965977],[10.3290114369283,10.2793673788016],[10.3291778133055,10.2789464223396],[10.3295105642612,10.2786891712683],[10.329985924311,10.2784903851232],[10.3303424434491,10.2783149858479],[10.3308415707819,10.2780811198479],[10.3314120017625,10.2780109610371],[10.3319943181833,10.2780694268626],[10.3327311246417,10.2782097462828],[10.3330282237736,10.2780226540223],[10.3335630038296,10.2780343470076],[10.3338579203068,10.2783470152027],[10.3342180160486,10.2787287864044],[10.3346444457846,10.2789113433838],[10.3350841540105,10.2791218216148],[10.3353574858593,10.27906335489],[10.3356664686327,10.2788879556147],[10.3360111050285,10.2788294897892],[10.3365102323614,10.2787827169489],[10.3372826906437,10.2788061029194],[10.3377937034167,10.2787125572387],[10.3382690616679,10.2786891712683],[10.33867311807,10.2785605448333],[10.3389107980949,10.278385145558],[10.3393267372392,10.2782799059929],[10.3396594890942,10.2780577338773],[10.3401942682509,10.2779875741672],[10.3407528146907,10.277975881182],[10.3413588992938,10.2780343470076],[10.3416322302433,10.2778355608625],[10.342036285746,10.2778589477323],[10.3422977339533,10.2781045067177],[10.3426899049152,10.2780694268626],[10.3429988885879,10.2779992671525],[10.3433316413422,10.2782799059929],[10.3439377241467,10.2785488509488],[10.34424670692,10.2785956246884],[10.3444725033035,10.2787710239637],[10.3447458351522,10.2788294897892],[10.3449003269885,10.2787242511233],[10.3450667033657,10.2785605448333],[10.3454469897868,10.2788645696442],[10.3464167836077,10.2791949320006],[10.3468619408259,10.2792169797798],[10.3473840800114,10.27922706118],[10.3477881346147,10.2792855279048],[10.3481208873691,10.279145209384],[10.3486675501674,10.2790984356444],[10.349309285695,10.27922706118],[10.3497252248393,10.279145209384],[10.3501411648829,10.2792036752095],[10.3505808722095,10.2792504480498],[10.350825225204,10.2795610828777],[10.3508185522344,10.2798584949736],[10.3507115958635,10.2800806661899],[10.3508066676936,10.2803729971162],[10.3511156522656,10.2807471798385],[10.3513295632088,10.2810862809072],[10.3516979668877,10.2812382924133],[10.3522683978683,10.2814370758604],[10.3528269461067,10.2815540084108],[10.3534092607288,10.2817177120028],[10.3539796917095,10.2816007812511],[10.3543837481116,10.2815306224403],[10.3549066427274,10.2816124742363],[10.3552869309472,10.2818229497694],[10.355584030079,10.2820217341158],[10.3559524337579,10.2823140623441],[10.3562851856129,10.2824894589214],[10.3566417047509,10.282547924747],[10.3569388047821,10.2823023693589],[10.3573428602848,10.2822789833884],[10.3578301039761,10.2822322114474],[10.3581985067557,10.2823491421992],[10.3585193749692,10.282466072951],[10.3588164750004,10.2824894589214],[10.3594430668441,10.2819602537627],[10.3605681735824,10.281873230865],[10.3618991810025,10.2815925947225],[10.3628023638381,10.2807974600348],[10.3639432257993,10.2802361859513],[10.3644304703899,10.2793104724004],[10.3650840886598,10.2781996118227],[10.365648578719,10.2778780466346],[10.3664804579068,10.2777318816211],[10.3674014671041,10.2779365133595],[10.368322475402,10.2778488141715],[10.3689760945712,10.2776441824331],[10.3693920337154,10.2772056819967],[10.3700159437809,10.2772641478222],[10.3706992729531,10.2767087148354],[10.3711449221005,10.2760363466002],[10.3718282512728,10.275890179788],[10.3721847713102,10.275363978365],[10.3732543296236,10.275363978365],[10.3747263651297,10.2749430398894],[10.3781790540202,10.2760667499806],[10.3803894751942,10.277119151028],[10.3824572890727,10.2778909087385],[10.3850955339318,10.277750591117],[10.3874485633006,10.2766981909688],[10.389445072632,10.2776102698981],[10.3911563673725,10.2773296310577],[10.3931785460531,10.2767613350676],[10.3937632375834,10.2764947265504],[10.3947187106,10.2766911753575],[10.3952178379329,10.2769577829753],[10.3956456616181,10.2775892221649],[10.396201832049,10.2776874470181],[10.3964023637781,10.2778406807029],[10.3967437419302,10.2782487237996],[10.3972098263724,10.2784431176558],[10.3977705176953,10.2785574268838],[10.3982696459275,10.2787398417703],[10.3989742467641,10.2788015316654],[10.3995103344344,10.2785574268838],[10.399709984828,10.2781364686232],[10.3999524177699,10.2776032542868],[10.4001235479634,10.2771963272488],[10.4005656321982,10.2769156866097],[10.4012644099246,10.2770139105636],[10.4018491023542,10.2772384227151],[10.4021200572948,10.2775330936774],[10.4026334460767,10.2776453506524],[10.4033322238031,10.2778417976609],[10.4037600483876,10.2781645319676],[10.4043732610172,10.2783890432198],[10.4047155196056,10.2782627559215],[10.4050007359952,10.2779821170811],[10.4053572551333,10.2777576067282],[10.4060702943087,10.2778558297828],[10.406982984777,10.2778838931272],[10.407909935795,10.2777576067282],[10.4084661062259,10.2775190615555],[10.409193405951,10.2773085833245],[10.4096354901858,10.2772384227151],[10.4103822197637,10.2774601100961],[10.410861918143,10.277575190043],[10.4112041767314,10.2774208394003],[10.4117033040643,10.2772103593707],[10.4120598241017,10.2768876232652],[10.4129012100229,10.2767473029458],[10.4132862511596,10.2765368229161],[10.4139707692357,10.2763263437858],[10.4144698956692,10.2761158619575],[10.4150260669994,10.2761860225669],[10.4154155148142,10.2768993261431],[10.4154681512342,10.2779540528373],[10.4155109328833,10.2782627559215],[10.4159244960187,10.2786416178164],[10.4163603956158,10.2793920139304],[10.4177439342352,10.277119151028],[10.4190511725736,10.2763298520411],[10.4206555109431,10.274868179423],[10.4227352093625,10.2732603309995],[10.4241315768109,10.2723833193348],[10.4261221452209,10.2722663840864],[10.4277264826911,10.2720617478514],[10.4285286518758,10.2726464231939],[10.4308163194177,10.2723540859723],[10.4327474669221,10.2712139668511],[10.4356293336269,10.2702200136428],[10.4383329412123,10.2700446107702],[10.4410068378953,10.2690506539645],[10.4430568254122,10.2673843100379],[10.4442452237381,10.2672089035681],[10.4456415920858,10.2674427776621],[10.4476321595965,10.2677643527427],[10.449206787963,10.2675597138098],[10.4510785163605,10.2670919674204],[10.4545842922313,10.2666826868565],[10.4671417606838,10.2635974186859],[10.4733277150021,10.2616964497314],[10.4791746366002,10.2608544882441],[10.4843310722213,10.2593272037874],[10.4894168903772,10.2581993343318],[10.493791940146,10.2570656345714],[10.4979988706514,10.2558728367621],[10.5037744877025,10.255171189299],[10.506419505356,10.2544793075741],[10.5131153024293,10.2534872303514],[10.5187483112856,10.2515927643946],[10.5250230556695,10.2511016041557],[10.5327152260269,10.250845669692],[10.5520592151607,10.2554922967321],[10.5594182217736,10.2553206224488],[10.5660657630246,10.253048997913],[10.5762756681876,10.2548884325552],[10.5809015595594,10.2547735891299],[10.5858928337873,10.2532299567971],[10.5896719424063,10.2515459870577],[10.5923814909131,10.249511177399],[10.5942353929491,10.2482481866046],[10.5958040785954,10.2467746897002],[10.5993692753718,10.2465641889862],[10.6018649120361,10.2453011856013],[10.6040040295624,10.2452310177973],[10.6057866279506,10.2425646610303],[10.6080683527723,10.2413016405583],[10.6089240001426,10.239898280881],[10.6089240001426,10.2386352514158],[10.6112770286121,10.2375827217652],[10.6166961274244,10.235617991777],[10.6210134029462,10.2341307838087],[10.6239691273734,10.2315481557229],[10.6272491068609,10.2286010000362],[10.6282473624259,10.2264257009854],[10.6298641707949,10.2232235128549],[10.6377223973708,10.2137428193757],[10.6414645159747,10.2154298414141],[10.6425130076692,10.2181277526937],[10.6490471938729,10.2331074497491],[10.652020748259,10.2335807908209],[10.6543507432922,10.2334488476862],[10.6658827130169,10.2408284128011],[10.6655075967982,10.2514963498767],[10.666373583674,10.2533533896473],[10.6764854195665,10.2563964679227],[10.6799583980617,10.262898047407],[10.68300326329,10.2643656123831],[10.687965023567,10.2642040410837],[10.690549846898,10.2638432663537],[10.7030597448114,10.2711948148889],[10.7208664706112,10.2543590142571],[10.7271432537582,10.2520187552614],[10.7323898050455,10.2446020202671],[10.7328737077555,10.244300209587],[10.7355139383176,10.2403402077344],[10.7573474667122,10.2356910059352],[10.7756600081029,10.2379350752436],[10.776024893634,10.238761018906],[10.8345076327211,10.2444940620514],[10.8552809674428,10.240824782238],[10.8569491585769,10.2362577083266],[10.8571596152241,10.2356815342754],[10.8511667246647,10.2242355352418],[10.8393268594471,10.2151699067658],[10.8356874901856,10.2042677556524],[10.8356294632292,10.204093933788],[10.830290795284,10.1969223018228],[10.8237962718805,10.1881990425518],[10.819883346839,10.1811475753004],[10.8180076371428,10.1729142405998],[10.8172264095712,10.1694850923632],[10.8186407086019,10.157336235379],[10.807442704817,10.1379637818031],[10.8003043216871,10.1347515086752],[10.7867413949994,10.1347515086752],[10.7746061438585,10.1376068615675],[10.7492146357469,10.1199129611143],[10.7383887552369,10.1209559210789],[10.7334710734314,10.1145759892905],[10.7264770701607,10.105502353251],[10.7260569302832,10.104678267588],[10.7250921870548,10.1027859716953],[10.7211978878723,10.0951474953607],[10.7159028478382,10.0945439036782],[10.7134044142824,10.0888331978938],[10.7127728141141,10.0786206424287],[10.7115442097975,10.0762104998147],[10.7156077434027,10.0648561659793],[10.7157291599728,10.0646507590254],[10.7169401528658,10.0634920131459],[10.7174758906999,10.0498533248711],[10.7244272903872,10.0441834905757],[10.7276716234467,10.0415372849178],[10.7400035859968,10.0342826841986],[10.7511644369892,10.0275812160004],[10.7629173413623,10.0201230609306],[10.763508797593,10.0197477342706],[10.7752618791325,10.0124797822162],[10.7871780086582,10.0067363528005],[10.7884454726805,10.0061254496298],[10.7947769166215,10.0002965927137],[10.8028993622158,9.99097728707221],[10.8121719363858,9.97933864606171],[10.8249902729827,9.96996021269371],[10.8413572318508,9.96284008130476],[10.8577232356388,9.95571994811718],[10.8635125385728,9.9515595008703],[10.8658819203144,9.94985675778321],[10.8751783373104,9.9405221942439],[10.8774071586136,9.93910809216476],[10.8835478698384,9.93521204559949],[10.8906200017117,9.93072504912175],[10.8944637347136,9.92648421597386],[10.9053687951338,9.91445254424957],[10.9184558311717,9.89969988464202],[10.9439239048644,9.88177714000307],[10.9454198065789,9.88044301823078],[10.9452508896169,9.87914032416666],[10.9451693148121,9.87851121601983],[10.9454548495617,9.8759413987766],[10.9455262341484,9.87265774196129],[10.9448837800625,9.87044484315504],[10.9525932326916,9.86087941015671],[10.95502028256,9.8561680768953],[10.957947020039,9.8540979463632],[10.9590891617354,9.85217058320592],[10.9583039402747,9.84853000795357],[10.9578756372509,9.84531773482564],[10.9586608587117,9.84260515020759],[10.9580897883131,9.83903595864263],[10.9577328689768,9.83446739275604],[10.9592319291103,9.82811423198626],[10.9612306768543,9.82340289872485],[10.9657278581542,9.81405161858737],[10.9702401813394,9.81171109339232],[10.9773172900609,9.81267340395448],[10.9776007518732,9.81018237631565],[10.9816294016756,9.7747790881844],[10.9786741008292,9.77218752623338],[10.9785218159291,9.7697509579404],[10.9746766071398,9.7669336769477],[10.9726207533452,9.76282196755983],[10.9716689684482,9.76088032676574],[10.9655320982278,9.75234457524198],[10.9646754921803,9.74549172596244],[10.9662459360012,9.73821057635706],[10.9663887042753,9.73107219322719],[10.9643899574306,9.72379104182318],[10.961820139288,9.71679542606813],[10.9567045041096,9.71138900409932],[10.9578050179873,9.70327811389387],[10.9607793439916,9.69578281232697],[10.9603034524424,9.68471831829578],[10.9600655062182,9.67924555783628],[10.9605413977673,9.6754384200471],[10.9563182803644,9.67186920330113],[10.9564898764067,9.67092542596771],[10.9569131450257,9.6685974454158],[10.9640515281556,9.662500077017],[10.985020529274,9.64182850867877],[10.9898945076255,9.64055367021575],[10.9881699667706,9.6302251004081],[10.9822213138626,9.62576360960293],[10.9780078479839,9.62241202159754]]]},"properties":{"FID":87,"globalid":"9977625f-9761-43c3-ad19-efd90dc668a7","uniq_id":28174,"timestamp":1565308800000,"editor":"nuraddeen.isah","lganame":"Alkaleri","lgacode":"5001","statename":"Bauchi","statecode":"BA","source":"eHA_Polio","amapcode":"NIE BAS ALK","Shape__Area":0.58650437700756441,"Shape__Length":3.9916152441521975}},{"type":"Feature","id":154,"geometry":{"type":"Polygon","coordinates":[[[10.0946228083959,10.089897145337],[10.0944835969405,10.0859329373552],[10.0938566255829,10.0831356150167],[10.0960631652829,10.0717349319216],[10.0967947466802,10.0710318437447],[10.0987621692388,10.0690623050814],[10.0930513015763,10.0592325100723],[10.0882985896083,10.052983316327],[10.0828319571291,10.0468399548001],[10.0803957386725,10.0428028252902],[10.0823565970794,10.0381220330055],[10.0783160420518,10.0343773504344],[10.0762957636387,10.0314517856714],[10.0765371551656,10.0266934799202],[10.0787867562039,10.025218964084],[10.0818171720249,10.0231125018406],[10.0818171720249,10.0205379172911],[10.0860954088761,10.0181973687136],[10.08764032634,10.0148035431491],[10.0903142239223,10.01181928773],[10.0838968704443,10.0063188227555],[10.0792621162537,10.0062017912797],[10.0763267848533,10.0053700209098],[10.0736849975646,10.0019417917803],[10.0695256034239,10.0020588250548],[10.0616457958168,10.003824900199],[10.0569652202688,10.0097468720206],[10.0551232027736,10.0151009912178],[10.0525372507935,10.0186788639385],[10.0501913476526,10.0230588653744],[10.0439819650957,10.0267159090121],[10.0396959715919,10.0283911139588],[10.0330008409161,10.0266661081544],[10.0262269691993,10.0223829717968],[10.0238858243713,10.0203115993009],[10.0233386570534,10.0208932781023],[10.0204270803455,10.0229997547349],[10.0198328811826,10.0241115020442],[10.0191792611141,10.0239359633741],[10.0181097028006,10.0235263716448],[10.0169807235816,10.0245796045651],[10.0131999386263,10.0218715300471],[10.0129503749599,10.0127082244051],[10.0114141170679,9.99846583922715],[10.0061188782836,9.99241626979506],[10.0023995772787,9.98688693928085],[9.99935727691684,9.98276713599461],[9.99289238707405,9.97799184294922],[9.98737821912954,9.97527644974838],[9.97869709669368,9.96995852826353],[9.974564845891,9.96822618668921],[9.97270555691597,9.96544894261467],[9.97876991839706,9.95663019962404],[9.98606668472979,9.95400827026549],[9.98743244824891,9.95144873587049],[9.98649450931418,9.94916232378228],[9.98364235171323,9.94712560126555],[9.97589653769512,9.94168929032855],[9.9685675045867,9.93240443861401],[9.96519585810239,9.9275107003586],[9.96097363732355,9.9248891846882],[9.95698614499463,9.9201767353681],[9.94019744725443,9.9085923270743],[9.93177497793295,9.90144746612771],[9.92314720418017,9.89716268580935],[9.91772231463318,9.89665326033975],[9.91687245889693,9.89877826480512],[9.91587420423122,9.9018689172168],[9.91451943042745,9.90285229979384],[9.91238604607923,9.90299354461644],[9.91097096463835,9.91332420984446],[9.90992224181804,9.9148005540024],[9.90577008721982,9.92054160291269],[9.9028968917782,9.92778709979484],[9.89991706821814,9.93176621044233],[9.89355607885,9.93410829686047],[9.88437710611862,9.93435995774593],[9.87687096232509,9.92862993362456],[9.87068563303558,9.92836793323357],[9.86392474393182,9.92890967494162],[9.85907897371573,9.92945215769095],[9.85362588412733,9.93045606639441],[9.84328681473477,9.92996441512571],[9.84057726622791,9.92813828055728],[9.83674842959641,9.92282446987343],[9.8340886100014,9.9223086313383],[9.83030950228175,9.91893721867774],[9.82602677781358,9.91494852935119],[9.82092797344728,9.91148317171104],[9.81800065590562,9.9170917567792],[9.81446001781563,9.92520095895713],[9.80907825975396,9.92792411690453],[9.80509175937726,9.93105127010006],[9.80084477036991,9.93274471689523],[9.79886447401628,9.9348106457947],[9.79622622915718,9.93467017618775],[9.79416585716865,9.93497330707254],[9.79166277771509,9.93368688803952],[9.79189858804943,9.93711766944494],[9.79196214763505,9.95129489604267],[9.79282465143655,9.95280016959219],[9.79054443927453,9.95608231374786],[9.77571417177165,9.9607949294425],[9.77034723633597,9.96513677893927],[9.76618308658021,9.96833916761852],[9.76438661165287,9.97097336103184],[9.75848226384545,9.97081116560287],[9.75197934706927,9.97114825488808],[9.74794182365628,9.96957196637322],[9.74564755868795,9.96867625960175],[9.74353696316035,9.96614806298277],[9.73381423963548,9.9662992920787],[9.73196960061665,9.96857544919766],[9.7308762777181,9.97318161214173],[9.73043293623107,9.974257665359],[9.72451307691699,9.98130290300662],[9.71825365788004,9.98119756001944],[9.71450200736177,9.98210346420353],[9.71127907007309,9.98428041620826],[9.70828419635865,9.98536409117992],[9.71224942057432,9.99213145899967],[9.71221401696334,9.9958102068756],[9.70712575714805,10.0018317768151],[9.70498663872246,10.0052023324217],[9.70220578656784,10.0084324148241],[9.70127883644921,10.0111709367894],[9.70028058088417,10.0150329170356],[9.70127883644921,10.0198076650917],[9.70219976830469,10.0276764281247],[9.69378755934844,10.0359240719384],[9.69020997261219,10.0395163401071],[9.68764320766797,10.0420936612935],[9.68460807220481,10.0451412541656],[9.67900767276592,10.0508033093253],[9.67453573993248,10.055573367417],[9.67021850308151,10.0601785851736],[9.66553475292653,10.0651745610572],[9.66104507377116,10.0699634554492],[9.6593488516682,10.0721314690921],[9.65845156208997,10.0732783268334],[9.65511531561935,10.0775424677108],[9.65376090604104,10.0792735574288],[9.65320713859859,10.0799812402421],[9.65161080239665,10.0820215510538],[9.64829921713522,10.0862541203314],[9.64650134286273,10.0879208212889],[9.64436994062032,10.0898967019713],[9.64144912607634,10.0926043780896],[9.63890785421415,10.0949601162164],[9.63317966470981,10.1002702711561],[9.63298203059628,10.1045662102624],[9.63269886376162,10.1107212656739],[9.63225619766541,10.1203430043262],[9.63222503705589,10.121020317034],[9.63265675930205,10.1215375423238],[9.63653719363663,10.1261864869169],[9.62314313624677,10.1375520901569],[9.62191459937929,10.1391395428557],[9.61712248541443,10.1625666402383],[9.62684569097593,10.171510837755],[9.62200202877068,10.1773723076859],[9.65335058496157,10.2042902530928],[9.64063876496709,10.2057038110821],[9.63076272232183,10.2068020280911],[9.62948335397368,10.210330677319],[9.61762264786694,10.215817287338],[9.6089559091879,10.2317468240568],[9.60648829180127,10.2311834032915],[9.60570779987512,10.2330715676987],[9.60671310972231,10.2349706777546],[9.60977536424173,10.2364265101754],[9.61317727471152,10.2397453268854],[9.6177365137292,10.2405543983668],[9.62116368705455,10.2413339037367],[9.62396687567082,10.2414567493296],[9.6248448514088,10.241426334258],[9.63028702412691,10.2410511883617],[9.63135108218677,10.2392130163677],[9.63292526898601,10.2391917321128],[9.63467221465106,10.2392969842684],[9.63838001782364,10.2399986668051],[9.64290781744188,10.2411213561657],[9.64625910057708,10.2421037054217],[9.64775995665673,10.2422620355645],[9.64998959904079,10.2430379175659],[9.64958189588782,10.2441837311943],[9.64782778802203,10.249471227715],[9.64908778677199,10.2553631747708],[9.65008604233702,10.2579826489801],[9.65103676063802,10.2593859286177],[9.65195821859697,10.2634647138256],[9.65279559084388,10.2686006511992],[9.65301094789697,10.2750787313984],[9.65346109365458,10.2770667331433],[9.65639250491023,10.2812820489274],[9.65740657775143,10.2831472041802],[9.6598903307742,10.2910798982188],[9.66553522417132,10.2975108773252],[9.6729627159566,10.3049648010847],[9.67905325940046,10.3089109245996],[9.68869631198527,10.319559835618],[9.69348555891145,10.3252770497961],[9.69396091806198,10.3266215740265],[9.6946739572374,10.3279660928609],[9.69520873729346,10.3306551134428],[9.69615945469513,10.3329349137153],[9.69562467643772,10.3349808767661],[9.69615945469513,10.3363253596277],[9.69419859808687,10.338254390128],[9.69503047727477,10.3391896733648],[9.69473337724361,10.3405341373406],[9.69449569721871,10.3425800509286],[9.69514931728719,10.343749137213],[9.69425801809314,10.3444505877245],[9.69398301800192,10.3455859467341],[9.69300878872468,10.3464284001506],[9.69211889966755,10.3471979194485],[9.69152470140392,10.3481331757055],[9.6908116622285,10.3492437889697],[9.68962326300323,10.3506466630132],[9.68944500298454,10.3519910793249],[9.69003920214749,10.3531016781999],[9.69087108223471,10.3539784650342],[9.69123627083729,10.3562258546395],[9.69105801081861,10.3591484381499],[9.68951309425393,10.3596160487417],[9.68927541422903,10.3613111323029],[9.68743339673392,10.3620125432443],[9.68713629670276,10.3630646574081],[9.68642325662802,10.3647597202849],[9.68689861667787,10.3668054755923],[9.6845218191267,10.367916023206],[9.68137576757766,10.3695732156314],[9.68024358407422,10.3722997226541],[9.6816102424188,10.3739362891285],[9.6810696509437,10.3793642075922],[9.67994648404306,10.3798979920987],[9.67929286487384,10.3843399712127],[9.67935228488011,10.3873207372623],[9.67852040659153,10.3891910069594],[9.67982764403058,10.3905937029371],[9.67947112489253,10.3917041660145],[9.67816388565484,10.391937946579],[9.6777479474099,10.3926392891719],[9.67917402576074,10.3947433061587],[9.68089720324338,10.3986590793531],[9.68220444158175,10.3988344111792],[9.6847594991516,10.3990681872471],[9.68606841202762,10.4009073422001],[9.68767107496018,10.403159234711],[9.6888000550785,10.4060813793522],[9.69105801081861,10.4074839979882],[9.69117685083103,10.4108736363093],[9.69220345842291,10.4121906403858],[9.69206815092446,10.4150229697343],[9.69159279177399,10.4172437178233],[9.69016671342314,10.4177696818254],[9.69105801081861,10.4191722492],[9.69295944921925,10.4227370781537],[9.69450436668325,10.4287562873728],[9.69420726935004,10.4327300704364],[9.69231238340984,10.4345872603938],[9.68945367424772,10.4358856862755],[9.68713629670276,10.4369959865756],[9.68648267843292,10.4388075233486],[9.68606673659065,10.4412034090101],[9.6853536983146,10.4433655338923],[9.68374935994507,10.4448264214023],[9.68349288768667,10.4470104690579],[9.67737360101091,10.4503192951993],[9.67448579158605,10.4509503836533],[9.67259513425807,10.4507668266278],[9.66931625823878,10.4518970172336],[9.66664236155577,10.4532994299248],[9.66411107216828,10.4536149723531],[9.66161938712509,10.454292595327],[9.65954762072619,10.4549823168805],[9.65648155308128,10.4555783380699],[9.65450359406566,10.4570675038623],[9.65202505801005,10.4579273483685],[9.64920855313227,10.45929467401],[9.647069435606,10.4610125886601],[9.64578408226964,10.4629259205948],[9.64168599041619,10.4625551966651],[9.64087779217641,10.464080273286],[9.64036686843627,10.4650443905862],[9.64094999874351,10.4695638732742],[9.64162657040993,10.4739632524022],[9.64119874672485,10.4776092532645],[9.64214946502585,10.4809280133172],[9.6437656879362,10.4852750662913],[9.64271989780508,10.4887339667992],[9.64062831574421,10.4923797949916],[9.63720572716261,10.4974277921589],[9.63618241108946,10.4980650436669],[9.63292749211013,10.5000919797611],[9.63226198929942,10.5026159270834],[9.63145387829388,10.5079909294379],[9.63092305975147,10.5118702198348],[9.62979408143178,10.5144992295558],[9.62795206393668,10.5168361088994],[9.62609545943798,10.5191942976787],[9.62578890303547,10.5242018622262],[9.6260506264353,10.5286954983986],[9.6280864082612,10.5320575419221],[9.62872452221899,10.53517999616],[9.62789264303109,10.5369909555682],[9.62593178462419,10.5385098187732],[9.6238520880035,10.5429495279984],[9.62379266799729,10.547389174271],[9.62658540559204,10.5493753099227],[9.62694192383077,10.5515366802736],[9.62557526638551,10.5518287548932],[9.62260426877202,10.5530554697342],[9.62260426877202,10.5554504713622],[9.62129703133297,10.5577286249761],[9.61761299544344,10.5619928180142],[9.61576964695172,10.565159659191],[9.62048791578474,10.567709735416],[9.6273251942024,10.5714134502705],[9.63542649943344,10.575801881052],[9.63710348773583,10.5866014743786],[9.64568489424255,10.5971437069166],[9.64775099221458,10.5996875292561],[9.6498472597433,10.601208629075],[9.66124127886195,10.6115280932469],[9.6739947851313,10.6008628883117],[9.68454727263855,10.6001789898685],[9.70498341555225,10.6077494181012],[9.71478485493714,10.6078142142546],[9.71675720128388,10.607166555792],[9.72248667771805,10.6079970841981],[9.73049403796955,10.6005444572609],[9.72986943902345,10.5966207619387],[9.73336884859356,10.5866692212076],[9.73399567605964,10.5865380029265],[9.73476751291042,10.5859634161787],[9.74033278123289,10.5772949508014],[9.74867285556786,10.5762202681509],[9.75136566679214,10.5741579707138],[9.75302739539802,10.5702973700277],[9.7561256030142,10.5696311306722],[9.76181871266351,10.568145749227],[9.76468008202022,10.5654485996732],[9.76640440074254,10.5607484377902],[9.7663453881292,10.5600101780274],[9.76977836388045,10.5565228868218],[9.77110218661664,10.5536641263984],[9.77208471573709,10.5530924750377],[9.77892118656354,10.5466342653591],[9.78653330916495,10.5543752302327],[9.79106574658698,10.5521291653288],[9.80457993181847,10.5454321685598],[9.8017696709336,10.5397769626368],[9.79816145688579,10.5337126641082],[9.79677280202327,10.5238433708749],[9.79804299458857,10.5207988042215],[9.80094858810691,10.516322601407],[9.80614406599591,10.4979872783902],[9.81231353394247,10.4902884836267],[9.81698145692872,10.4868433850143],[9.81111422863881,10.46310727608],[9.81492938838062,10.4585993191034],[9.81879083173158,10.4551915153762],[9.83962443092281,10.4500968272068],[9.84340584810144,10.4521773988679],[9.84828098028305,10.4521929994074],[9.85403612966371,10.4394707670623],[9.85741783056847,10.4246854332862],[9.85739923618587,10.4246694370449],[9.85533469134299,10.4195312603594],[9.85534333382782,10.4179774701842],[9.85077564388092,10.3884415461405],[9.8624137668819,10.3832695216711],[9.86970408597483,10.3814229284255],[9.883087920771,10.385345510387],[9.89221482185661,10.3868183588802],[9.90034347007514,10.3891328199238],[9.91353469527002,10.3864676808388],[9.91560250824921,10.3767888271427],[9.91669885466848,10.3687005998528],[9.92829637687635,10.3698186199334],[9.94191542575635,10.3708005689911],[9.95125623868449,10.3724839011112],[9.95717446393041,10.3740269479853],[9.96872569893191,10.377323431831],[9.97892215923031,10.3788664553227],[9.98710988481338,10.3790781629269],[10.0028802757042,10.3772532946039],[10.0108358080262,10.3769047011911],[10.0171410601119,10.3801990599387],[10.0095115401255,10.3970314746229],[10.0068019907193,10.4032031306201],[10.0033080993893,10.4104967511242],[10.0055185205633,10.4109876622509],[10.008014158127,10.412179870105],[10.0107950111808,10.4151253062879],[10.0136626542082,10.4251472882168],[10.0151015622873,10.4275149180791],[10.0255291843245,10.4302967064279],[10.0411301141635,10.4299986162432],[10.0580192589817,10.4265548072586],[10.0647983143908,10.4286564257535],[10.0683760171395,10.4281000979412],[10.0831559630773,10.4420797605725],[10.0849900611424,10.4629296302983],[10.0851362729207,10.4645917564045],[10.0894024822388,10.4711977318898],[10.1049829857762,10.4756595428537],[10.107706248045,10.4723075357642],[10.1123722959447,10.4665642412468],[10.1148154166981,10.4668034528171],[10.117168446067,10.4658919251722],[10.1184519171223,10.4642792150138],[10.1200919073157,10.4621055482325],[10.1228014558226,10.459931867062],[10.127578818208,10.4541820560571],[10.1334257398061,10.4503254159852],[10.1376326712108,10.4468193379421],[10.1416256898738,10.4489229889049],[10.1518934538199,10.4503254159852],[10.1573125517329,10.4553740993352],[10.1687790921814,10.4558333453327],[10.1729994135921,10.4553740993352],[10.1823402274196,10.4582490070861],[10.1863355627361,10.4593892386225],[10.1875209258501,10.4595678943429],[10.1877064290085,10.4591745039003],[10.1880629481466,10.4586696469867],[10.1883766847363,10.4583470970409],[10.1890041597143,10.4581086912631],[10.189610243418,10.4579824759106],[10.1903232816941,10.4577440701328],[10.1905799760851,10.457863272572],[10.1917279696701,10.4581367393191],[10.1943353156224,10.4586053697421],[10.1974679348973,10.4595870382113],[10.1986801023049,10.4600077518563],[10.2007404832867,10.4611307901539],[10.2055095809025,10.457882127758],[10.2155894297085,10.4609194602649],[10.2403993678366,10.4447653610326],[10.2421031712244,10.4418531458061],[10.2419551796879,10.4417332697746],[10.2378146758067,10.4323738786516],[10.2271585890977,10.4286542457968],[10.2260062553844,10.4216400824239],[10.228259951036,10.4186290326038],[10.2261919617897,10.41113826362],[10.2266912653897,10.3976599631368],[10.2286877738218,10.3828615442249],[10.2331086170691,10.3798456668441],[10.2367451165939,10.3765492090788],[10.230346102091,10.3699124677862],[10.2202273908814,10.3647555977927],[10.2134717781001,10.3585793471592],[10.214673672552,10.352240295853],[10.2144180393611,10.3456146009331],[10.2155678531739,10.3349547559573],[10.2107955188981,10.3253902528579],[10.2113609217692,10.323520575814],[10.2114322263162,10.3205742780805],[10.2109330989834,10.3190309686044],[10.2110044026311,10.3166458379351],[10.2122165691394,10.3148920538252],[10.2131618618305,10.3135578340269],[10.214640902156,10.3146114491591],[10.2154965486268,10.3150323570577],[10.2172791470151,10.3140502353302],[10.2177069707002,10.3123665893467],[10.2187182988105,10.3114826699893],[10.2215901326786,10.3131308458119],[10.2344248378361,10.3142532743692],[10.2456433200832,10.3121019476468],[10.2550554375584,10.3063026487483],[10.2611400391815,10.3077057152466],[10.2653232024039,10.3082669398675],[10.2703458809577,10.3037564548965],[10.2705950759021,10.2930523111153],[10.2773179533609,10.2828103801949],[10.2786886883324,10.2814637191753],[10.2799516458518,10.2801080703312],[10.2789248700867,10.2797713048019],[10.2771565331475,10.2798274332895],[10.2755593246032,10.2799396875666],[10.2750527958499,10.279752787761],[10.2741902902497,10.279434540172],[10.2723649102125,10.2795467953484],[10.2716233490384,10.278311986609],[10.2703683999817,10.2774700700877],[10.2682007613561,10.2771333018604],[10.2668887692014,10.2760107411029],[10.2655767770466,10.2755617159005],[10.2642647839926,10.2756739719763],[10.262781663443,10.2757862289513],[10.2615837565851,10.2741585073093],[10.2601576791336,10.2729798072723],[10.2587886438808,10.271295940955],[10.2574196077288,10.2691630332474],[10.2567921336501,10.2667494606192],[10.256735090552,10.2642797397183],[10.2568113296792,10.2601889017964],[10.2557536550072,10.2596626742931],[10.2549217758194,10.2593352419279],[10.2541255493547,10.2591832214286],[10.2529133819471,10.2590545868997],[10.2533058703697,10.2541282599113],[10.2486314803586,10.2386351309066],[10.2468500322033,10.2282541899789],[10.2419381078574,10.2269783226915],[10.2346559438168,10.2298372171139],[10.2191168108922,10.2297299154033],[10.2149541809907,10.2317871388654],[10.2038955586332,10.2241748130173],[10.2047702392552,10.2199552362452],[10.2024511350119,10.2132581423494],[10.2093942285608,10.2072989682728],[10.2070340927492,10.2001380661189],[10.2016426399959,10.2001839980931],[10.194508370365,10.1908450737412],[10.1889321159244,10.1925551525983],[10.183164071165,10.191574126245],[10.1802912642305,10.191332279661],[10.1798890766196,10.1839425612003],[10.1780898596593,10.1786527057578],[10.1779267343314,10.1783263723643],[10.1779656848685,10.1781523769307],[10.178543267258,10.1721595223441],[10.1858378977009,10.161120943177],[10.1898065950983,10.1601967521784],[10.1911748029748,10.1597044812768],[10.189493309069,10.1578189267021],[10.1785103313867,10.1454961579214],[10.1762348676451,10.1412971612351],[10.1704940237802,10.1314722963095],[10.1622743983448,10.1185388383967],[10.1583340107061,10.1129423474114],[10.1532970023548,10.1099481967519],[10.1495178946352,10.1093866213955],[10.1448118358975,10.1081932723017],[10.1398918662167,10.1060171530692],[10.1349364776364,10.105312014438],[10.1063466421838,10.1032853553349],[10.0946228083959,10.089897145337]]]},"properties":{"FID":154,"globalid":"9fbe7ee4-916b-4058-bb61-b88c0f484637","uniq_id":28225,"timestamp":1565308800000,"editor":"nuraddeen.isah","lganame":"Bauchi","lgacode":"5002","statename":"Bauchi","statecode":"BA","source":"eHA_Polio","amapcode":"NIE BAS BAU","Shape__Area":0.26562310197255812,"Shape__Length":3.05200175960101}},{"type":"Feature","id":196,"geometry":{"type":"Polygon","coordinates":[[[9.97258963430426,9.69952765767533],[9.97513866371838,9.68933105528401],[9.97851892121128,9.68080663701676],[9.98569107118601,9.66271972743351],[9.99165630309597,9.64574432414128],[9.99164973624636,9.64563921857513],[9.9911975858999,9.63840293884459],[9.98064422605023,9.62326240523583],[9.96229171788849,9.61270999866753],[9.95492647537657,9.61137076874604],[9.94440170677342,9.60945704110964],[9.94216971895742,9.60905119505668],[9.9355977378454,9.60510275938486],[9.91595172938884,9.61087417570269],[9.91316051524564,9.61115323983023],[9.906775475308,9.61179161099409],[9.90198785165808,9.60867195005051],[9.85493397142568,9.60313080604192],[9.83887100229498,9.60123920442578],[9.83142526326532,9.59860209810842],[9.828373277205,9.5935028863492],[9.82420922007947,9.58324145992549],[9.80775844799405,9.57999554315984],[9.80692157936744,9.58234039859059],[9.80706418666296,9.58332472365714],[9.80720679485773,9.58444966402084],[9.80706418666296,9.58609019380742],[9.80644622021691,9.58735573957574],[9.8052578209917,9.58749635667158],[9.80455107707058,9.58839239169555],[9.80463985364639,9.58904312763826],[9.80430710179138,9.58998056205337],[9.80429849258144,9.59160444269094],[9.80316623983015,9.59251162121438],[9.80359406261596,9.59377714270101],[9.80305777079951,9.59498479731059],[9.80247639327098,9.59625324698982],[9.80145494598901,9.59537075665514],[9.80045669132329,9.59546449928729],[9.80026654676379,9.59705810514748],[9.79917481206797,9.59869884537545],[9.79888800477767,9.60033903611765],[9.79794703872489,9.60129321770791],[9.79645340060398,9.6021373357695],[9.79532280890055,9.60277627800286],[9.79465730519053,9.60385428274901],[9.79503759341026,9.6053072409365],[9.79537034526527,9.60732262523902],[9.79713572163627,9.60764646031595],[9.7974143900621,9.60769757778104],[9.79841264472782,9.60938486511947],[9.80064683498352,9.61618079540744],[9.80083697774438,9.61810237772261],[9.8009320495745,9.62025828828945],[9.80156253278471,9.6213509393944],[9.80212044879971,9.62246105083688],[9.80349899078584,9.62302345626756],[9.80449724635088,9.62466379899519],[9.80502014186612,9.62597606814109],[9.80478246184117,9.62714773278168],[9.80406942266575,9.62817879381635],[9.80297609616997,9.629209852153],[9.80259580795024,9.63010030868236],[9.80250073612012,9.63155315535391],[9.80250073612012,9.63300599393153],[9.80283348797514,9.633896439669],[9.80387927900557,9.63577105668895],[9.80465886801238,9.63840487598429],[9.80460182491436,9.64059814798617],[9.80363209224731,9.64172289679431],[9.80328983275962,9.64329754044917],[9.80403139393371,9.64487217511083],[9.80540042918653,9.64605314593598],[9.806484248949,9.64740282328171],[9.80689534884135,9.64903676013842],[9.8064272049516,9.65077699236434],[9.8063131187555,9.65325135916294],[9.80661113609511,9.6540274983704],[9.80694976412036,9.65490940504503],[9.80500112660076,9.65977460691261],[9.80562860157875,9.66157410086413],[9.80602790416447,9.66387968919634],[9.80578949299075,9.66645570816445],[9.80543010501538,9.66675366075287],[9.80435656810118,9.66764368380899],[9.80443069562017,9.66843458628716],[9.80551451538264,9.66995287122808],[9.80633105843162,9.67021691757674],[9.80709547137894,9.6704641088316],[9.80762511091018,9.672089703577],[9.8093934478494,9.6758010159042],[9.80962162114093,9.67771288644059],[9.80870893067265,9.6791748981031],[9.80711172302762,9.67911866709284],[9.80614199036063,9.67996213224666],[9.80511521279686,9.68193021131026],[9.80431661032338,9.68462927192343],[9.80340391895572,9.68693470107564],[9.80226305699455,9.68929634415099],[9.79872638221684,9.68895896888137],[9.79440220799557,9.68900465713926],[9.79153894736459,9.68963372121931],[9.78920017944478,9.68946503268518],[9.78296472194444,9.68805595691691],[9.77784619904293,9.68863651336443],[9.77310101260167,9.68829024739705],[9.76988553339072,9.68705433429017],[9.76512357908996,9.68836320489805],[9.76252806102127,9.68894376584217],[9.76042929427655,9.68909931977782],[9.75677619776337,9.68925705367013],[9.75326596485246,9.68978010117075],[9.75143965401685,9.69163586210539],[9.74657875270731,9.6934779650361],[9.74451695889059,9.69661314737891],[9.74212716793448,9.69904485033965],[9.74003667944925,9.70099006234153],[9.73623819943339,9.70172899479729],[9.73060443964323,9.7054634727611],[9.72455161556468,9.70769159798891],[9.71669674885595,9.71291126224503],[9.71514813877565,9.71391220858163],[9.71171184182811,9.71403826565347],[9.69492238506007,9.71465416365879],[9.67050260970774,9.72076880443683],[9.67274810534082,9.72735386259075],[9.66994801219107,9.72460321596571],[9.66745237462743,9.72354902436803],[9.66614513628906,9.72483748126479],[9.66460021792574,9.72659445886723],[9.66151038119921,9.7277657718729],[9.65758866618404,9.72706298496882],[9.65699446702109,9.72507174476527],[9.65628142694635,9.72354902436803],[9.65342927114398,9.72483748126479],[9.65011161096214,9.72470843214847],[9.65010175439249,9.72636019626611],[9.65022059440497,9.72917134298314],[9.64689307765349,9.73186533771519],[9.64522932017701,9.73409079465449],[9.64368440181374,9.73619911040066],[9.64178296431243,9.73713613292625],[9.6402380459491,9.73479356716945],[9.63940616676126,9.73280237373064],[9.63738588924741,9.73081116770129],[9.63227577500709,9.73069403819937],[9.62809803919322,9.72997808971712],[9.62787869994207,9.72788290407283],[9.62728450077913,9.72647732666735],[9.62324394485222,9.72718011626938],[9.61778397455083,9.7249588852444],[9.61349907642131,9.7236661565679],[9.61028638690726,9.72516234786411],[9.60886432223072,9.7275315101711],[9.60601216462976,9.72917134298314],[9.60351652796544,9.72975699588869],[9.60066437126375,9.73045977829617],[9.59698033537421,9.73127968840697],[9.59293978034663,9.7338565374493],[9.59044414278299,9.7364333649079],[9.58830502525677,9.73936155479197],[9.5908881758487,9.74314603775946],[9.58717398299297,9.74153498235358],[9.57502946074106,9.73626721605922],[9.56243331064883,9.74410895896136],[9.55994861063994,9.74565581086705],[9.55696458005139,9.74629591772248],[9.55644845013592,9.74633154166736],[9.55260300392553,9.74706631296004],[9.55138736513481,9.74627030862791],[9.54732268219607,9.74637839994324],[9.53871451816053,9.74660730977956],[9.53765470220281,9.74836756361219],[9.53526704713659,9.75233323569034],[9.53484180720369,9.75251822713454],[9.53262232356144,9.75481004324894],[9.52530220992907,9.76714692509057],[9.52408154302884,9.76792769310862],[9.52345471826067,9.76780729636965],[9.51385961213145,9.7494258147496],[9.50307349244775,9.75207999109875],[9.50041505690939,9.75043918522027],[9.49336902785842,9.75152598443668],[9.48795270075658,9.75143035412759],[9.48365050416749,9.75192315922646],[9.48225531033438,9.75616542589376],[9.48058802122023,9.7578473047094],[9.47202771370809,9.75914029958523],[9.47177641524939,9.7591805460454],[9.46848868720321,9.75668689778217],[9.46729365277992,9.75530405433869],[9.46629320916435,9.75339037256771],[9.46604450524978,9.7530633089246],[9.46497551171052,9.74695259638526],[9.45999043021425,9.74359782927644],[9.45435667941729,9.74875906637789],[9.45287773441993,9.75072100217255],[9.45000248672545,9.75139760081868],[9.44689341619824,9.75188448927781],[9.4416375416393,9.74902511731534],[9.44030011575779,9.74892894111781],[9.4352668665727,9.74608940190444],[9.43004510509758,9.74669972860966],[9.41886120088378,9.75451708279718],[9.41797713133957,9.75423167305331],[9.4136661330856,9.74883121988495],[9.41198584786861,9.74090972240583],[9.4080417945932,9.73171156263857],[9.42347276515602,9.72539862224869],[9.43279328758018,9.71795755609639],[9.43441674283844,9.7181748646783],[9.4392993789632,9.71790968338524],[9.43949464696044,9.71792901341331],[9.44329881878548,9.72198309784176],[9.4446692407929,9.72361467667605],[9.44949259360834,9.72635081363921],[9.45528324732408,9.72867631565947],[9.45549991019277,9.72882634775777],[9.46594121361619,9.72537020367201],[9.47103514815359,9.72159978879927],[9.47128436198375,9.72003657013164],[9.47510321164395,9.71468483413781],[9.48185175935129,9.70893406625419],[9.48229426716676,9.70927730420425],[9.48815978764412,9.71079642101807],[9.49399991756218,9.71791148382795],[9.49563999139252,9.72158939983098],[9.50205978563065,9.71903976067648],[9.50213028978112,9.71898932669615],[9.50855495294877,9.71439359498845],[9.5019389464253,9.70585088361145],[9.49654076224641,9.70509637669647],[9.49367665805136,9.6988851820056],[9.49266721042346,9.69669605767695],[9.49030823743527,9.69675283367638],[9.48980417642167,9.69609407218371],[9.4875808086075,9.69185034321879],[9.48749511670633,9.69174875040454],[9.47717294017912,9.68684920972328],[9.47470797129591,9.68628265032407],[9.47411030344779,9.68375293295156],[9.47385709842638,9.68033745081277],[9.47361657204721,9.67985066937297],[9.47284182678891,9.67142079233577],[9.47375535092874,9.66772439796267],[9.47476764491091,9.66362835386548],[9.47335638109217,9.66201372455379],[9.47298295829694,9.66090053922858],[9.4687219848318,9.65431666098516],[9.46623844944492,9.65174978632365],[9.46344881630989,9.6467266859878],[9.4609991952567,9.64231582071858],[9.45427312610394,9.64523333924728],[9.45039946995962,9.64930910093432],[9.44882741365427,9.65216099413465],[9.44835118306071,9.65585782557821],[9.4376358022505,9.65498066732397],[9.43430627011833,9.65079045341673],[9.43681354311059,9.6474284197858],[9.43956221482438,9.64635019290711],[9.43993897410439,9.63942213062688],[9.43640936529999,9.6377781672287],[9.43443754505671,9.63603837567052],[9.43621852196725,9.63081056355674],[9.43473465498039,9.62926983963143],[9.43212364159285,9.62145882836228],[9.43078186569062,9.62078223870941],[9.42707513900649,9.61721085639596],[9.4215938008133,9.60867020716438],[9.40805788436393,9.59444902530231],[9.40460979640505,9.59155147621971],[9.41220757661841,9.58505342567508],[9.41937869237279,9.5809426012201],[9.42387314063296,9.57362428982918],[9.42998125233299,9.57044883674445],[9.43495592057934,9.56786263205487],[9.44508433097712,9.55440361663364],[9.44812242700846,9.55379628557017],[9.45077136660535,9.55163221905173],[9.45391258969431,9.55163594044632],[9.46108213343376,9.54837501039844],[9.46196391959927,9.54683728661155],[9.46814817959483,9.54466152890649],[9.46920074072165,9.54236221694282],[9.47301420883872,9.54205290771557],[9.48448214233707,9.54019247120561],[9.48455761973838,9.54015175979595],[9.48524986299083,9.53076278997082],[9.48611844531007,9.52993903166106],[9.49091115912273,9.52848907541056],[9.49703933739556,9.53229669343773],[9.5064765783315,9.53191953036207],[9.5126087154199,9.5296692997984],[9.52273387117128,9.52432494364126],[9.53105926497312,9.51585769707509],[9.54112558887488,9.5097683407364],[9.54500173614127,9.5140807563219],[9.54569322486248,9.51478327792597],[9.54850479516023,9.51763970730667],[9.57672602188848,9.52275239540677],[9.58301319760102,9.51740827037543],[9.58992166725119,9.51153604365356],[9.56910522802389,9.47271244672208],[9.54746757466887,9.47333962492382],[9.48423883705271,9.47517234342894],[9.47597148369704,9.47541197588203],[9.46435552718589,9.47574867126423],[9.42544526978344,9.4768765029483],[9.40555342804834,9.50709546388458],[9.40350808103318,9.51020268090906],[9.40205097157514,9.51399040233525],[9.40178394307458,9.5197696697345],[9.39959335285101,9.52546405821977],[9.39908041103217,9.52679801901343],[9.39740371680813,9.53115844670498],[9.35102622478053,9.53226699782374],[9.34054314784805,9.54102501229454],[9.31417675575273,9.56305262877584],[9.30403186977503,9.57152810413874],[9.30495356335632,9.57633114306788],[9.30929232008458,9.59894087542114],[9.32715511321794,9.59575080925248],[9.32676383618212,9.59618737075061],[9.31533431003044,9.60722001888882],[9.29283921785566,9.61349771934431],[9.28975510441461,9.61435840201869],[9.2972898484478,9.62484931924075],[9.29541587804039,9.62567520174923],[9.29278753831431,9.62831387108832],[9.29056262996147,9.63054752265009],[9.28767013506871,9.63345146231518],[9.28458023089297,9.63611221360782],[9.28446865110743,9.64004325908917],[9.28441155674801,9.64127703900419],[9.28429031374702,9.64389705730338],[9.28777980829159,9.65177345288259],[9.29135799397631,9.65772438017603],[9.2911796566159,9.66157722510889],[9.29159066657604,9.66303327966216],[9.29392934096637,9.67131832897775],[9.29449081380005,9.67330741890231],[9.29055595429389,9.67506313295729],[9.29020023285449,9.68276882192362],[9.28820122970302,9.69082924037718],[9.28783226035057,9.69231700862309],[9.28463319196828,9.6980523927038],[9.28315507164928,9.69680639909609],[9.28068320316731,9.69530697923375],[9.27707047092554,9.69137096679674],[9.26715022390374,9.68038844507072],[9.26001059341422,9.68074542556099],[9.22858799603921,9.68231655736327],[9.22381719420821,9.6825550971401],[9.21656188662183,9.68396747971548],[9.21031369292263,9.68736007230956],[9.20757573303371,9.69383227094261],[9.20388236757725,9.70346019782994],[9.2025146480326,9.70397281589277],[9.19915159187252,9.7074288844355],[9.19813537594689,9.70847320597375],[9.19507104579219,9.7138232512421],[9.19153365155682,9.71433508869342],[9.18866031582098,9.71650615193744],[9.18641853258924,9.71870136287765],[9.18230628990341,9.72431087604616],[9.18154646259921,9.72500606277964],[9.17828178417705,9.7279930107689],[9.17360401181577,9.73052692437813],[9.16840076378429,9.73334598512918],[9.16551237429667,9.73531957433892],[9.1631250681674,9.73695077995455],[9.16044235183313,9.73878383570548],[9.15762292685662,9.74082450174939],[9.15218353304368,9.74476146656849],[9.1503829958786,9.74798965499861],[9.15212726606052,9.75192832942889],[9.15352660756696,9.75346338492733],[9.15579509706612,9.75595188097458],[9.15955066682989,9.75804901095313],[9.16093872094524,9.75858246630781],[9.16523075069864,9.76023197222776],[9.16898727374371,9.76232910220637],[9.17435264615773,9.76467704770761],[9.17437522273838,9.76468657692402],[9.18410301214436,9.76879215203621],[9.18794822722896,9.76896286044769],[9.19268135466086,9.77149523981353],[9.19831507667948,9.77266092396252],[9.19870210172064,9.77274100409409],[9.20259147531635,9.7715958020047],[9.20936031082971,9.77008416665103],[9.21201457261446,9.77292074709487],[9.21872033777339,9.77325565732275],[9.22325058804427,9.77717196471446],[9.22729992675028,9.78139114398613],[9.23056905861523,9.78449270067762],[9.23437832689831,9.78841997530168],[9.23577593541114,9.78961328572461],[9.23750180906131,9.79190638876889],[9.24003440426441,9.79566199990143],[9.24420833594598,9.80234909243671],[9.24787193833936,9.80478202207269],[9.25355434425762,9.80855560255907],[9.25432898339591,9.81030340977458],[9.2552995677209,9.812493323708],[9.26080036184726,9.81852912991548],[9.26311067791551,9.82374407003283],[9.2660350798551,9.83034515500492],[9.26769065889687,9.83621025190166],[9.27126884458158,9.84216022591374],[9.27206962521308,9.84614461827954],[9.28765794565771,9.8498508746182],[9.28795786326481,9.85301179016204],[9.28195507116965,9.86612021027952],[9.29865429086288,9.87847486182545],[9.29416719635907,9.89065704408739],[9.29415575968062,9.89566980671623],[9.29633699515625,9.89800602325943],[9.31116239372955,9.89887331415218],[9.31990105478991,9.90133126382682],[9.32308697508387,9.90184789106735],[9.33106605615365,9.90622339319509],[9.33774404485183,9.90336570386421],[9.34900496700567,9.90207588539386],[9.35275225940927,9.89113439523618],[9.35422190002072,9.88544479474155],[9.35556211919652,9.88432048570189],[9.35965293643392,9.87161002008639],[9.36464474216115,9.87176535278883],[9.36654810421169,9.87103968083665],[9.36736843340651,9.87044935685236],[9.36957879072867,9.86850886898918],[9.37056274437521,9.86764504768087],[9.37438092224181,9.87112483943986],[9.37706752274801,9.87357333903839],[9.37976189519537,9.87602892259673],[9.3864875560559,9.88021989103521],[9.39777738961487,9.88203096825464],[9.40773234237378,9.88443059689456],[9.4154607608055,9.8865969261073],[9.42665547666894,9.89046038034235],[9.43977142770927,9.89836664600398],[9.44181985130513,9.90102929036948],[9.44990055396744,9.90268264179053],[9.46366221014296,9.90478988284684],[9.46901000440823,9.90675663001451],[9.48370350301428,9.91070540113338],[9.49000754101525,9.90810886413283],[9.49453269213006,9.90240294813759],[9.50381947199111,9.89822847776207],[9.52019672629791,9.90103491293092],[9.52846212632613,9.89598850576499],[9.52899130630379,9.89581433316499],[9.52951693665733,9.89564132788502],[9.53589046976941,9.89354355758917],[9.53666095493918,9.89367284412651],[9.54335986096885,9.89808550714048],[9.54188538110549,9.90977631782283],[9.55385935412596,9.91112684322928],[9.56609028863596,9.91090812091312],[9.56637550412626,9.90519523337338],[9.56494942577541,9.89536133925446],[9.5646044350467,9.89070431155477],[9.56456949008992,9.8860904333269],[9.57175496711807,9.87388996874711],[9.57191061008666,9.86751242915534],[9.5861291659283,9.87622207718715],[9.58617696939166,9.8762107412328],[9.59348815005814,9.88382667785896],[9.59337597941794,9.88487904203419],[9.59602776177184,9.89035122962559],[9.60277357733878,9.89265905187381],[9.60825147562514,9.88420091094332],[9.60947652941837,9.88506038762682],[9.61399945201316,9.88647770118502],[9.62459331642845,9.8847844432475],[9.63016773085616,9.89329387880952],[9.63012456069998,9.90529760589982],[9.6301827450377,9.90577044694862],[9.63030666262244,9.90568270729113],[9.65119626079883,9.88164482095175],[9.65522603115647,9.88480734898002],[9.65725301311613,9.88549812363954],[9.66169320257927,9.88610268119385],[9.66931449376892,9.89454994302548],[9.67311114096645,9.89584351526605],[9.67318793857254,9.8958397911735],[9.6742834081528,9.89606334284906],[9.68337231557996,9.91438174062489],[9.68441424761949,9.91841448324186],[9.68121161702254,9.92996255532773],[9.66606627833613,9.92659792355539],[9.64958171782206,9.92701214139726],[9.64207764156993,9.9297814345656],[9.63468006843044,9.93012744872283],[9.63254978674331,9.93675453309527],[9.63435667042404,9.9481801732764],[9.63648781006441,9.95609230881303],[9.62272472576552,9.97437323993313],[9.62270411510286,9.97440061709483],[9.61495180168436,9.98064594105739],[9.60671030743481,9.98163721428608],[9.60512029166819,9.98568194126864],[9.59924119232721,9.98507572716312],[9.59745340125352,9.98602669457637],[9.575795919646,9.98638862493516],[9.57532513804472,9.98914291921039],[9.58332602407683,10.0059591586883],[9.58754908572178,10.0082217576281],[9.5897595068958,10.0092750391118],[9.59532121300361,10.0151031343023],[9.59852988884336,10.0186139859467],[9.60152465373983,10.0223354444253],[9.60280812389584,10.0246525593682],[9.60555678301915,10.028588537631],[9.60957842890144,10.0286863856682],[9.613065239869,10.0307533272043],[9.61860435590637,10.0328600691369],[9.61942805036426,10.0343388261759],[9.6157854381475,10.0367293680659],[9.61280287075596,10.03950649343],[9.60655567080761,10.0427661716216],[9.60508984961689,10.0446633058669],[9.60523245781172,10.046699417744],[9.60544636875494,10.0485950959869],[9.60409159495117,10.0498588763861],[9.59981335989869,10.0513332798071],[9.5992429289181,10.0537906035536],[9.59703761139667,10.053900521392],[9.59390694275123,10.0537532133401],[9.59158459555272,10.0541199613672],[9.57932536657245,10.0654216848629],[9.57932536657245,10.0676682839642],[9.57913522381159,10.0708509388198],[9.57846972010157,10.0740335630985],[9.5762830671099,10.0764673129162],[9.57324076584871,10.0781522071587],[9.56972310633631,10.0777777870153],[9.56791673976579,10.0802115080547],[9.56658573414438,10.082645212007],[9.56573008677412,10.0856405137987],[9.56544487128383,10.0880741763822],[9.56306807373267,10.0907886252949],[9.55664779116267,10.0938933682843],[9.55473000308723,10.0947671019202],[9.55426487732228,10.0979042492817],[9.55008373757448,10.0978806492726],[9.54861714656408,10.0989318308394],[9.5480312832172,10.0998358302594],[9.54506319041394,10.0988503549599],[9.53891981359857,10.1004294097895],[9.5373986634176,10.1024885703912],[9.53823206066113,10.1050455390205],[9.54034589194941,10.1082915843892],[9.53872966993839,10.110140102184],[9.53637664056953,10.1110526586533],[9.52728219871454,10.1106862145972],[9.52511062105839,10.1117546226777],[9.52068977871039,10.1132287428123],[9.51826544479451,10.1131585471293],[9.52390752691088,10.1512638195697],[9.53334846855705,10.1507726611295],[9.53703050435433,10.1529208717009],[9.5497536746924,10.160913734881],[9.57218989904464,10.1582231809551],[9.58154336813197,10.1749950631717],[9.58326291415221,10.1760360967885],[9.59579039740896,10.1836203889698],[9.59595668475328,10.1848989632167],[9.60136061470064,10.1888276057095],[9.60189080821425,10.1918599379858],[9.60163155884942,10.1934815100637],[9.60189632915234,10.1961022667063],[9.60203893734712,10.1994006103499],[9.60182502460526,10.2027690948179],[9.60039894715374,10.2057866647228],[9.59811235879835,10.2101425553347],[9.59745368094269,10.2130615217719],[9.59881488759703,10.2147169973916],[9.60082676993954,10.2161725033584],[9.6036076238928,10.2146286839666],[9.61608658063125,10.2011197228969],[9.61571555632793,10.199206912569],[9.62453462936969,10.1869168782114],[9.62200202877068,10.1773723076859],[9.62684569097593,10.171510837755],[9.61712248541443,10.1625666402383],[9.62191459937929,10.1391395428557],[9.62314313624677,10.1375520901569],[9.63653719363663,10.1261864869169],[9.63265675930205,10.1215375423238],[9.63222503705589,10.121020317034],[9.63225619766541,10.1203430043262],[9.63269886376162,10.1107212656739],[9.63298203059628,10.1045662102624],[9.63317966470981,10.1002702711561],[9.63890785421415,10.0949601162164],[9.64144912607634,10.0926043780896],[9.64436994062032,10.0898967019713],[9.64650134286273,10.0879208212889],[9.64829921713522,10.0862541203314],[9.65161080239665,10.0820215510538],[9.65320713859859,10.0799812402421],[9.65376090604104,10.0792735574288],[9.65511531561935,10.0775424677108],[9.65845156208997,10.0732783268334],[9.6593488516682,10.0721314690921],[9.66104507377116,10.0699634554492],[9.66553475292653,10.0651745610572],[9.67021850308151,10.0601785851736],[9.67453573993248,10.055573367417],[9.67900767276592,10.0508033093253],[9.68460807220481,10.0451412541656],[9.68764320766797,10.0420936612935],[9.69020997261219,10.0395163401071],[9.69378755934844,10.0359240719384],[9.70219976830469,10.0276764281247],[9.70127883644921,10.0198076650917],[9.70028058088417,10.0150329170356],[9.70127883644921,10.0111709367894],[9.70220578656784,10.0084324148241],[9.70498663872246,10.0052023324217],[9.70712575714805,10.0018317768151],[9.71221401696334,9.9958102068756],[9.71224942057432,9.99213145899967],[9.70828419635865,9.98536409117992],[9.71127907007309,9.98428041620826],[9.71450200736177,9.98210346420353],[9.71825365788004,9.98119756001944],[9.72451307691699,9.98130290300662],[9.73043293623107,9.974257665359],[9.7308762777181,9.97318161214173],[9.73196960061665,9.96857544919766],[9.73381423963548,9.9662992920787],[9.74353696316035,9.96614806298277],[9.74564755868795,9.96867625960175],[9.74794182365628,9.96957196637322],[9.75197934706927,9.97114825488808],[9.75848226384545,9.97081116560287],[9.76438661165287,9.97097336103184],[9.76618308658021,9.96833916761852],[9.77034723633597,9.96513677893927],[9.77571417177165,9.9607949294425],[9.79054443927453,9.95608231374786],[9.79282465143655,9.95280016959219],[9.79196214763505,9.95129489604267],[9.79189858804943,9.93711766944494],[9.79166277771509,9.93368688803952],[9.79416585716865,9.93497330707254],[9.79622622915718,9.93467017618775],[9.79886447401628,9.9348106457947],[9.80084477036991,9.93274471689523],[9.80509175937726,9.93105127010006],[9.80907825975396,9.92792411690453],[9.81446001781563,9.92520095895713],[9.81800065590562,9.9170917567792],[9.82092797344728,9.91148317171104],[9.82289389503728,9.9092442177465],[9.82491292788939,9.90574277390994],[9.8299529831437,9.90144746612771],[9.83323296263114,9.89856753836125],[9.83740173220423,9.89241828987224],[9.84598832959779,9.88175603741126],[9.84115812934425,9.87531174294264],[9.84056840071116,9.86463490167944],[9.84837826534471,9.86226385978932],[9.85054722327578,9.85799978276378],[9.85027205681001,9.85194009685802],[9.85635353958423,9.84791301637267],[9.85867657836144,9.85153099256132],[9.86331133165271,9.85469233977972],[9.86556929009072,9.8578536573205],[9.87840399524822,9.85492651334795],[9.88436059276717,9.85342172902961],[9.88838654370409,9.85153099256132],[9.89694661199661,9.84911490992522],[9.91406238507108,9.84920551212474],[9.91427478964988,9.84890099808263],[9.9197602683218,9.83642635988866],[9.9240858850556,9.82483617255139],[9.91933807619131,9.81796916434553],[9.91919749416905,9.81784399040788],[9.9116188839044,9.81109603805174],[9.90734101577533,9.80184102494337],[9.90658825174648,9.79989426970485],[9.89686802743756,9.79791884228081],[9.89495814979881,9.7953281958396],[9.89256237655246,9.79121089806455],[9.89260255196626,9.79021658962398],[9.89102217423402,9.78239928939576],[9.88556709174793,9.76334684068422],[9.89017016282281,9.75284030943277],[9.91700839232351,9.73613738992867],[9.91859697816807,9.73408561905615],[9.92056948279543,9.73279358195828],[9.92734774140519,9.72055517498137],[9.9303818183663,9.71534996822652],[9.94747112169495,9.70716738496691],[9.95995170980359,9.70489573794799],[9.97258963430426,9.69952765767533]]]},"properties":{"FID":196,"globalid":"97ca8398-de04-413a-a8c8-ca92b61a3b9f","uniq_id":28345,"timestamp":1565308800000,"editor":"nuraddeen.isah","lganame":"Tafawa-Balewa","lgacode":"5017","statename":"Bauchi","statecode":"BA","source":"eHA_Polio","amapcode":"NIE BAS TFB","Shape__Area":0.20196887130956043,"Shape__Length":4.3491752897740605}},{"type":"Feature","id":199,"geometry":{"type":"Polygon","coordinates":[[[10.7937269302537,11.4645924450853],[10.7893464027144,11.4532226752863],[10.7700727693429,11.4332352023428],[10.7511843632678,11.4256021561147],[10.7493714577266,11.4268106578856],[10.7300978243551,11.4318075258967],[10.7242870725904,11.4300749756796],[10.7179959812296,11.4278996820248],[10.7217210666739,11.4448431198142],[10.7190261339489,11.4498330441597],[10.7118837020712,11.4566760827351],[10.7099131912408,11.4615045922632],[10.7098379836361,11.4616888777396],[10.7044488969991,11.4668667244198],[10.7033762432191,11.4674290453142],[10.7079942862074,11.4827869756385],[10.707671628343,11.4931580357148],[10.7036413750495,11.4966317930229],[10.694918203912,11.5079071591881],[10.6756960873046,11.5237769701311],[10.6635744213226,11.532393713699],[10.6561384822052,11.5392409539069],[10.6489736104438,11.5390222450806],[10.6435034472264,11.5544943803114],[10.6413853684401,11.555776103984],[10.6384718150223,11.5654095958762],[10.6346875748717,11.5663688577366],[10.6280951341831,11.5680399689695],[10.6221122009174,11.5634925056747],[10.6201954272772,11.5598297621339],[10.6040974844114,11.5589549034461],[10.5993156101273,11.5675501999818],[10.5998355037056,11.5696964401387],[10.595966864879,11.581830114768],[10.59640431131,11.5835969219604],[10.5985599493822,11.5846285207896],[10.59803383969,11.5859951737384],[10.5972352363171,11.5873921913966],[10.5948394244,11.5891244844075],[10.5935274322453,11.5906332464272],[10.593299259853,11.5928684322324],[10.5936415193407,11.5946565704444],[10.5948394244,11.5950477242731],[10.5947253382038,11.5992386198665],[10.5950675967922,11.6013061045931],[10.5947342657738,11.6022356312694],[10.6035621998357,11.6059437743857],[10.6064762235989,11.6066703213783],[10.6055064909319,11.6125931889246],[10.6046508435616,11.6143253236548],[10.6045367573655,11.6152752010897],[10.6044797142674,11.6166161972797],[10.6039092832868,11.6185718063438],[10.6033958954043,11.6210861381148],[10.6035670237991,11.622035991268],[10.6039758331182,11.6240288097818],[10.6046626309757,11.6250898218378],[10.6045462640989,11.6259378069843],[10.6027398993269,11.6277071070974],[10.6021219310823,11.6288711158094],[10.601171211882,11.6291970364142],[10.5998877417259,11.6300351182261],[10.5990796307204,11.6313387952492],[10.5976535523696,11.6391141735803],[10.5977961596651,11.6415352051856],[10.5962631258427,11.6423965281773],[10.5947657438441,11.6453995002868],[10.5940527037693,11.6496594728065],[10.5933346679606,11.6539365801091],[10.5984378951928,11.6559445611926],[10.5973683368793,11.6602043727337],[10.591485762558,11.6590870523257],[10.5790788819849,11.6590870523257],[10.56588765679,11.6599250433061],[10.5571172748424,11.6629278256587],[10.5598268242486,11.6687936321205],[10.5644615784391,11.672773929873],[10.5688824207871,11.6775222801292],[10.5734458722293,11.6833877781235],[10.5751571660704,11.6882755979406],[10.575727597051,11.6899514018358],[10.5752284697181,11.6914875473125],[10.5755849897555,11.6928840352701],[10.5773675881437,11.69462963465],[10.5779380191244,11.6950485784292],[10.5797919211603,11.6945598112863],[10.5811117760877,11.6947403438918],[10.581717126844,11.6966545166927],[10.5818597341395,11.6978415102775],[10.5852823227211,11.6984000926902],[10.587492743895,11.6972131018032],[10.5894179495788,11.6977716869139],[10.5892674372425,11.6992369568201],[10.5905588124393,11.7009137041042],[10.5929831463552,11.7019610338747],[10.5964057340374,11.7011231696986],[10.5987587634062,11.6992379658595],[10.5984735470166,11.6977716869139],[10.5968335568232,11.6963752241373],[10.5963344303897,11.6949089299032],[10.5978318123883,11.6936521012635],[10.5993291943869,11.6928840352701],[10.60068396909,11.6921159683773],[10.6024643335622,11.6939477398963],[10.6071013216687,11.7005645917826],[10.6083847918247,11.7002154803602],[10.6103813020555,11.6991681433951],[10.6127343314243,11.6986095609825],[10.6147308407557,11.6977716869139],[10.6170838701245,11.6988190301741],[10.6175116938097,11.7000060129672],[10.6192229876508,11.7013326361923],[10.6213905822096,11.7008485266383],[10.6222820981404,11.7030924106863],[10.6316569692938,11.7053980430853],[10.6369327809231,11.7207582459963],[10.6379132200191,11.7236127328414],[10.6507798816862,11.733808936833],[10.655736086851,11.7528659100338],[10.6652779216388,11.7594336112722],[10.6758510063189,11.7681165836135],[10.6793440226086,11.7791138668115],[10.6803914791835,11.7925643440693],[10.6806435258781,11.7945521920301],[10.6828413709326,11.8017051477744],[10.6838929131275,11.8062152757145],[10.6869166532809,11.8093144716856],[10.6980421402326,11.8058805561428],[10.7138063069156,11.7973337726356],[10.7210896373769,11.7901698046928],[10.7355548700613,11.7843754493675],[10.736101383572,11.7832578771494],[10.7351579183033,11.7701295811153],[10.7350025766077,11.7679680210074],[10.7395617211965,11.766365903064],[10.7476618402218,11.7574797666779],[10.7482755160023,11.7572109341373],[10.7511548313304,11.7512297887238],[10.7566408289112,11.7494043718144],[10.7629530390516,11.7539054049105],[10.7647212878572,11.7533187240799],[10.7757457467688,11.7557423808063],[10.7775438251874,11.7580292587434],[10.7787245469004,11.7582932781123],[10.7804203724023,11.757866294394],[10.7836684502388,11.7558044762956],[10.794271116319,11.757084144118],[10.7942814980927,11.7571093602089],[10.8048697957046,11.7606374887292],[10.803014721852,11.7666302749673],[10.8120760353808,11.7732665692968],[10.8099694742119,11.7806703927245],[10.814049692939,11.7824254862472],[10.8152453200155,11.7827022301238],[10.8236657829495,11.7883418570911],[10.8254686115872,11.7958213827507],[10.825068525692,11.8013240222858],[10.833576894658,11.8011575415873],[10.8400792952233,11.7946692333985],[10.847176133272,11.7968175410967],[10.8497522502662,11.7930632870411],[10.8543479909671,11.7952935535547],[10.8550146116351,11.7974557386914],[10.8546823759909,11.7999417040464],[10.8588194255761,11.8019556377425],[10.860384820603,11.8018633825891],[10.8617441980364,11.8026611783707],[10.8693318159106,11.8095694906395],[10.8775171196194,11.828989119952],[10.9053568125669,11.8273234963823],[10.9080121832158,11.8213065417635],[10.9242297458062,11.7845582347747],[10.9277237477528,11.7766409766998],[10.9265340166316,11.7392834401787],[10.9208840942256,11.7183927043599],[10.9286880889842,11.6664865886852],[10.9286109613269,11.6632090202801],[10.9281926443751,11.6602853836636],[10.9289311262705,11.6574967442794],[10.9287109380594,11.6527099605963],[10.9278789824291,11.6403993758306],[10.9273495047759,11.6317953819513],[10.9271027946583,11.6156222917354],[10.9275598526052,11.6135902402974],[10.9269695277216,11.6102104189757],[10.9271497734433,11.6043996807007],[10.9273300173664,11.5985803601955],[10.9279003143481,11.5950098052584],[10.9282528081206,11.5906493973519],[10.9286284225637,11.5860029825516],[10.9286603925631,11.5856304168103],[10.9300536708403,11.581213189737],[10.9301996227144,11.5807504651619],[10.9307804111871,11.5771903999171],[10.932129860105,11.5711803439978],[10.9324562060891,11.5670438331065],[10.9394949056654,11.5540355282171],[10.9293305871369,11.5346756642505],[10.9277400974276,11.5256004328137],[10.9278904892547,11.5247412070411],[10.9283199308202,11.5220298769773],[10.9288902278018,11.5184698108332],[10.9296598433272,11.5160303116496],[10.929269791168,11.5137701031078],[10.929542199413,11.5104124581684],[10.9296503069162,11.5090799326928],[10.9300298702823,11.5043897631771],[10.9306001663646,11.5008296979323],[10.9346733101252,11.4956130976664],[10.9336757659239,11.4863576888563],[10.9356098182386,11.4814996716726],[10.9350204466364,11.4781198503509],[10.9355897903366,11.4745597842067],[10.9346497002235,11.4691720087812],[10.9344092448908,11.4677939317446],[10.9244409506894,11.4605143217786],[10.9221021827695,11.4595639227369],[10.9103512973745,11.45553866158],[10.8998332026403,11.4519754217284],[10.8800617576441,11.44525059364],[10.8756542126718,11.452247097026],[10.8690326672238,11.4614910358827],[10.8564281678258,11.4790874156517],[10.8354004436756,11.4794531213645],[10.8249644543461,11.4763455715909],[10.7937269302537,11.4645924450853]]]},"properties":{"FID":199,"globalid":"7e91bdbc-2f49-4467-92a2-17676270552d","uniq_id":28260,"timestamp":1565308800000,"editor":"nuraddeen.isah","lganame":"Dambam","lgacode":"5004","statename":"Bauchi","statecode":"BA","source":"eHA_Polio","amapcode":"NIE BAS DBM","Shape__Area":0.097591699516733854,"Shape__Length":1.5722110750623624}},{"type":"Feature","id":200,"geometry":{"type":"Polygon","coordinates":[[[10.0411301141635,10.4299986162432],[10.0255291843245,10.4302967064279],[10.0151015622873,10.4275149180791],[10.0136626542082,10.4251472882168],[10.0107950111808,10.4151253062879],[10.008014158127,10.412179870105],[10.0055185205633,10.4109876622509],[10.0033080993893,10.4104967511242],[10.0068019907193,10.4032031306201],[10.0095115401255,10.3970314746229],[10.0171410601119,10.3801990599387],[10.0108358080262,10.3769047011911],[10.0028802757042,10.3772532946039],[9.98710988481338,10.3790781629269],[9.97892215923031,10.3788664553227],[9.96872569893191,10.377323431831],[9.95717446393041,10.3740269479853],[9.95125623868449,10.3724839011112],[9.94191542575635,10.3708005689911],[9.92829637687635,10.3698186199334],[9.91669885466848,10.3687005998528],[9.91560250824921,10.3767888271427],[9.91353469527002,10.3864676808388],[9.90034347007514,10.3891328199238],[9.89221482185661,10.3868183588802],[9.883087920771,10.385345510387],[9.86970408597483,10.3814229284255],[9.8624137668819,10.3832695216711],[9.85077564388092,10.3884415461405],[9.85534333382782,10.4179774701842],[9.85533469134299,10.4195312603594],[9.85739923618587,10.4246694370449],[9.85741783056847,10.4246854332862],[9.85403612966371,10.4394707670623],[9.84828098028305,10.4521929994074],[9.84340584810144,10.4521773988679],[9.83962443092281,10.4500968272068],[9.81879083173158,10.4551915153762],[9.81492938838062,10.4585993191034],[9.81111422863881,10.46310727608],[9.81698145692872,10.4868433850143],[9.81231353394247,10.4902884836267],[9.80614406599591,10.4979872783902],[9.80094858810691,10.516322601407],[9.79804299458857,10.5207988042215],[9.79677280202327,10.5238433708749],[9.79816145688579,10.5337126641082],[9.8017696709336,10.5397769626368],[9.80457993181847,10.5454321685598],[9.79106574658698,10.5521291653288],[9.78653330916495,10.5543752302327],[9.77892118656354,10.5466342653591],[9.77208471573709,10.5530924750377],[9.77110218661664,10.5536641263984],[9.76977836388045,10.5565228868218],[9.7663453881292,10.5600101780274],[9.76640440074254,10.5607484377902],[9.76468008202022,10.5654485996732],[9.76181871266351,10.568145749227],[9.7561256030142,10.5696311306722],[9.75302739539802,10.5702973700277],[9.75136566679214,10.5741579707138],[9.74867285556786,10.5762202681509],[9.74033278123289,10.5772949508014],[9.73476751291042,10.5859634161787],[9.73399567605964,10.5865380029265],[9.73336884859356,10.5866692212076],[9.72986943902345,10.5966207619387],[9.73049403796955,10.6005444572609],[9.72248667771805,10.6079970841981],[9.71675720128388,10.607166555792],[9.71478485493714,10.6078142142546],[9.70498341555225,10.6077494181012],[9.68454727263855,10.6001789898685],[9.6739947851313,10.6008628883117],[9.66124127886195,10.6115280932469],[9.66117600157128,10.6121865282857],[9.64720686910175,10.6265745973399],[9.6387212287018,10.6369172298463],[9.62274378959427,10.6477677652702],[9.60507157089631,10.6615749819999],[9.60292844329308,10.6838827723721],[9.59781678491674,10.6874516653621],[9.59513383565803,10.6890351376615],[9.57279662306576,10.6970851599522],[9.57224681713694,10.6967846901614],[9.57133047182384,10.6962839089753],[9.56367616202533,10.6921008392824],[9.44691055997441,10.7589220582065],[9.44551969277967,10.7589429080888],[9.41766680228113,10.7874329475725],[9.41751142371328,10.7891950872835],[9.41815316014026,10.790245737351],[9.41957923759179,10.7926271960883],[9.42100531594264,10.7937478763635],[9.42171835511806,10.795148720637],[9.42121922778517,10.7966196014135],[9.42157574872186,10.7974600997039],[9.42371486534881,10.7985807619926],[9.4267096311446,10.8007520338793],[9.42884874777155,10.8022228858775],[9.43134438443582,10.8026431282778],[9.43341219831433,10.8034836112797],[9.43462436482264,10.8044641708848],[9.43622907191417,10.8049827028895],[9.43719130603398,10.8054447268927],[9.4367395208123,10.8068407454041],[9.43704869873852,10.8079661453214],[9.43861738438483,10.8078260660202],[9.43997215908792,10.807615950216],[9.44097041285431,10.808036183623],[9.44253910029931,10.8096470780503],[9.44482082512104,10.8106276178703],[9.44560516794417,10.811818268998],[9.4473877672317,10.8121684596068],[9.44931297201612,10.8118883081989],[9.45123817769979,10.811818268998],[9.4518086095797,10.8106276178703],[9.45366251161568,10.810697656172],[9.45615814827994,10.8120984213052],[9.45727178866218,10.8143988223478],[9.46013307258329,10.8160259297529],[9.46585563862686,10.8180967833399],[9.46962048579684,10.8198717878528],[9.47458881562142,10.8196074959892],[9.47565922559284,10.8195505554139],[9.47776982112038,10.8194384962896],[9.48170579758454,10.8214555380427],[9.48472908268104,10.8227441963876],[9.48706785239949,10.8245371019058],[9.48798054286783,10.8255456079435],[9.48974887890768,10.8262179429038],[9.49254399161197,10.8257136921332],[9.49522501991879,10.8243129899525],[9.49744970164244,10.8227441963876],[9.49950325497127,10.8214555380427],[9.50366740382765,10.8211753938294],[9.50469417959278,10.8224640530736],[9.50577264299312,10.824315749972],[9.50726112080412,10.8259378031871],[9.50994214821162,10.8262179429038],[9.51313656440095,10.8274505528008],[9.51473377204599,10.8290753489483],[9.51489047801317,10.8304438221247],[9.51929722258882,10.8323249160621],[9.52329024215101,10.8353503424444],[9.52580014026432,10.8364148366754],[9.52808186508605,10.8391600963614],[9.53047767700326,10.840448678264],[9.53329974688586,10.8407585261851],[9.53686650938192,10.8412890542465],[9.54133488809464,10.8415131554078],[9.54367365511513,10.840448678264],[9.5474385022851,10.8403366272336],[9.54994840129774,10.8414011052768],[9.55308577259041,10.8429698008157],[9.55525341301467,10.8451547558873],[9.55606215804221,10.8461631387179],[9.55747091005452,10.8479196396797],[9.55902029355178,10.8498015816777],[9.56015915542076,10.8511848828761],[9.56329649433781,10.8557431623171],[9.56614865103944,10.8572557599454],[9.56991349820942,10.8582081338983],[9.57293678330598,10.857423827048],[9.576473458983,10.8563594065614],[9.58069465003814,10.8554630495801],[9.58354948671951,10.855649184962],[9.58771095469683,10.8557991837853],[9.59558290762516,10.857423827048],[9.59683785668182,10.8576479147196],[9.59832097903001,10.8592725471904],[9.60026044616274,10.8622416796099],[9.60145835212131,10.8653228252882],[9.60230329396188,10.8663370177392],[9.60299851486963,10.8671714959678],[9.60784718180207,10.8720452108179],[9.60818944128971,10.8757424604462],[9.6079042249001,10.8770308840681],[9.60607884576217,10.8789915194431],[9.60413937862944,10.878823464931],[9.60180060981037,10.8769748652978],[9.59689489977984,10.8759665337286],[9.59542712076507,10.87682160913],[9.59352935519564,10.8779271762982],[9.59187510355321,10.8815683334119],[9.59042394041256,10.8865314687523],[9.59022085370947,10.8872260439468],[9.59113354417775,10.8923795091071],[9.59324413880603,10.899437369639],[9.59546882232831,10.9021260349886],[9.59649559809344,10.9046466377322],[9.59792167644429,10.9075032928428],[9.59843506522611,10.909799799821],[9.59803576264039,10.9115361721567],[9.59969001428277,10.9148968639991],[9.5997015399941,10.9149325616884],[9.60153917779087,10.920623815137],[9.60318445689722,10.9230294188727],[9.60505206819846,10.926434944617],[9.60510911129649,10.9281712207253],[9.60603800664876,10.9310138032445],[9.60647178384579,10.9349488695947],[9.60796126799818,10.937188481863],[9.6101289066238,10.938364626926],[9.6124534373763,10.9391253913238],[9.61338036591121,10.9394287533344],[9.61623252441154,10.9398768045709],[9.61777268805918,10.9411089450218],[9.61976919739061,10.9423410800769],[9.62256431189354,10.9439092450157],[9.62456082032566,10.9445253075969],[9.62496012291138,10.9461494652257],[9.62484603671527,10.9477176085808],[9.62518829530364,10.9498457921496],[9.6255435023308,10.9518414929906],[9.62741297792661,10.9529820320952],[9.62890315995293,10.9540185592092],[9.6336204422297,10.9562415753884],[9.63699622379676,10.9580783534333],[9.63819412885601,10.9600944562941],[9.6387075176379,10.9630625823723],[9.6384223021476,10.9664786913386],[9.63839077101733,10.9687207209845],[9.63836633643734,10.9704582156742],[9.63836763595771,10.9745194551088],[9.63711981672623,10.9794777404055],[9.63634735844391,10.9843776111379],[9.63623176498402,10.9873279288409],[9.63610967841896,10.9904440050868],[9.63337636083043,10.9949353893568],[9.63016768589006,10.9989600794441],[9.62873345158755,11.0034591313339],[9.62743436830152,11.0075342320192],[9.6268995900441,11.01173372693],[9.6270184291572,11.0183828042231],[9.62796914835758,11.0245068213328],[9.62820682658383,11.0280645249579],[9.62868218663368,11.0323803696584],[9.62826624659004,11.0380958508429],[9.62832566839495,11.0434613041959],[9.62749378830773,11.0476019663577],[9.62773146833263,11.0513926618419],[9.62788333324926,11.0524360004212],[9.63388751839432,11.0538538922434],[9.64977537243556,11.0553038089237],[9.65162123633104,11.0546464665612],[9.65266549311804,11.0543852899492],[9.65485031688866,11.0533035701037],[9.65672885675139,11.0535388993008],[9.65869196076545,11.055487915435],[9.6728076746345,11.0516664784253],[9.67348162387788,11.0481341122995],[9.67365333233545,11.045259529204],[9.67895297509978,11.0368310730956],[9.6923733718337,11.0403488099496],[9.69610019027164,11.0407593837386],[9.70013123766654,11.0405354345627],[9.70678627027019,11.0394156850858],[9.70914405255604,11.0389117958428],[9.72175068514605,11.0368811950112],[9.72545835521896,11.0343950632816],[9.7296486545618,11.0411101049474],[9.75070966082222,11.0422226355662],[9.75601189902994,11.0445219601204],[9.76912142621291,11.0478231609102],[9.77817019419916,11.0418786089107],[9.78010679519247,11.0388929541465],[9.78037910631076,11.0225444754472],[9.7815463498842,11.0201880664262],[9.78208481895928,11.0163739400054],[9.78424977310857,11.0120288601439],[9.78598392411885,11.0084919677302],[9.81567090099134,11.0135324888333],[9.82432248879189,11.0146865843184],[9.82570781436419,11.0177925548825],[9.8272604965747,11.0245279176294],[9.83201082623867,11.0298838309741],[9.85036752074456,11.0243232382269],[9.85781974208749,11.0231903703394],[9.85808455465855,11.0216546106718],[9.85933208610692,11.0144195558179],[9.86091654136533,11.0108873128992],[9.86292934461363,11.0064001077788],[9.86885642998033,10.9995698926365],[9.86998536603187,10.9990854098638],[9.87403202206019,10.9973487857179],[9.8814961126555,10.9892731912049],[9.89039325674344,10.9910202034197],[9.92915342269237,10.9915675389108],[9.96711456618431,10.9708386450874],[9.98552660137159,10.9582158049155],[10.0063127460364,10.9556631584281],[10.0103255776633,10.97007721699],[10.0253637720205,10.9729325698822],[10.0462119330343,10.9659074239885],[10.0602809109353,10.9700137167597],[10.0880149794078,10.9900408947715],[10.101263759415,10.9912273532598],[10.1116147412274,10.9921543060764],[10.1119285623533,10.992182408991],[10.1112552822055,10.9632834972356],[10.1112391177911,10.9625897134446],[10.114000319759,10.959930419953],[10.1175498962108,10.956520081037],[10.1199197770761,10.9542398445932],[10.1246299735944,10.9519996639534],[10.1269798283565,10.9508695596825],[10.1340398787374,10.9475002289524],[10.1434202186682,10.9464702605941],[10.1457595828385,10.9464998249071],[10.1481199263935,10.9453697197368],[10.1510906218348,10.9472484592491],[10.1540001381959,10.946257215698],[10.1541585924451,10.9462032320935],[10.1563196183557,10.9443197261745],[10.1567009515877,10.9443240707993],[10.1633501053232,10.9443998350844],[10.1656999591858,10.9432802196065],[10.1680402757382,10.9433097839195],[10.1681652922945,10.9432805343692],[10.1727399825642,10.9422101972428],[10.1750802991166,10.9422397606565],[10.1785802842527,10.9434404374263],[10.1820898057999,10.9434795381502],[10.1867599492123,10.944689751331],[10.1890802378628,10.9470195772917],[10.1911112236041,10.9480487866223],[10.1914100647227,10.9482002261595],[10.2081661341598,10.9465909496127],[10.2202973770224,10.9467657544361],[10.2218202323179,10.9528571738196],[10.2214227589532,10.9533575044453],[10.2215133269785,10.9537174706848],[10.2064608747696,10.9727237616923],[10.2042729816129,10.9754863477168],[10.1953425572133,10.9818486761755],[10.1845066330747,10.9859730084476],[10.1772291176297,10.9873073100844],[10.1704205716521,10.9885556266409],[10.169103649414,10.9887970793218],[10.1613184280031,10.997771487764],[10.1556294075712,11.0056145355824],[10.1535948686084,11.0136029273333],[10.153601189943,11.013614208429],[10.1577780318307,11.0210685000113],[10.161771051393,11.0296536728787],[10.1587837139973,11.0327188780738],[10.161062202159,11.0373068828064],[10.1617547107114,11.0400090047119],[10.1639532482438,11.0429250051849],[10.1665677249206,11.0479404558874],[10.1678155441521,11.0530141403903],[10.16882568156,11.0581460532978],[10.1698358207665,11.0597205998259],[10.1716184191548,11.0614700860756],[10.1748270958938,11.062811351163],[10.1761343342322,11.0643858716107],[10.177203893445,11.0669517399309],[10.1788082309152,11.0701590443045],[10.1806502493096,11.0719084676018],[10.1830270459615,11.0740660760886],[10.1848577328981,11.076476878805],[10.1874566827797,11.0798313599294],[10.1892155129856,11.0816973488536],[10.193398676208,11.0847762057574],[10.1965835847647,11.0864089204354],[10.200671676157,11.0870153548748],[10.2011550212873,11.0873614823466],[10.2041893356694,11.0895343757109],[10.2069939569056,11.0904673413947],[10.209846112708,11.0922866150353],[10.2138391331695,11.0931262778555],[10.2184976564417,11.0946656492004],[10.2228709633243,11.0950388291787],[10.2262935510066,11.0943391161574],[10.2279573093824,11.0931729247907],[10.2300488896446,11.091493600949],[10.2313798970646,11.0895343757109],[10.2322008207113,11.0893217651874],[10.2334994822154,11.0889854241381],[10.2352303084321,11.088228219257],[10.2371317459334,11.0861756758668],[10.2377525335526,11.0856341607879],[10.2401265108298,11.083563326986],[10.2434540266821,11.0814174510546],[10.2458308242332,11.0799246600951],[10.2480650135896,11.0793182103671],[10.2506794911656,11.0817439993861],[10.253864398823,11.0823037931855],[10.2580475620454,11.0830968342515],[10.2637518763481,11.0865488666369],[10.2666515676158,11.0870153548748],[10.2695512606822,11.0879949773864],[10.2705019798825,11.0896276731786],[10.2714526990828,11.092846389949],[10.2717379145731,11.0940125831142],[10.2712053621378,11.0954428559031],[10.2708347317375,11.0964382498254],[10.2705019798825,11.0981641927233],[10.2744332789727,11.1015249349279],[10.2756833977706,11.1052077999001],[10.2773471561464,11.1071202729823],[10.2791059863522,11.1073068553272],[10.2809123520234,11.1062806533295],[10.2813498712996,11.1058053265546],[10.2822433576449,11.104834634311],[10.2852381234407,11.1041349428734],[10.2850749387575,11.0999692993437],[10.2987339750929,11.0913550181197],[10.3154908233429,11.085375584116],[10.3181851067573,11.0831519213241],[10.3282790857113,11.08194452482],[10.3352505420789,11.0840082189042],[10.3329351619282,11.0709783149973],[10.3223291395782,11.0406430591299],[10.3235333228047,11.0190129160133],[10.3242862918789,10.9890044351067],[10.3242862918789,10.9597321392269],[10.2989262978105,10.9506168951536],[10.2788370198127,10.9519520916158],[10.2620094156021,10.9409100752399],[10.2589208604094,10.9301911520001],[10.2812853989021,10.8999726452215],[10.3190913284021,10.8797994281012],[10.3513760032999,10.8677777190665],[10.3646254757851,10.8667040580459],[10.3752790228087,10.8827126712528],[10.4222272965525,10.9105548670136],[10.4342317368053,10.9130703661045],[10.4350105308114,10.9183454753634],[10.446911032818,10.9188076297684],[10.4576186057141,10.909587218975],[10.4611877981784,10.8962027510561],[10.47665429466,10.8979873459393],[10.4721928056535,10.8786542260117],[10.4654006093507,10.8840122932328],[10.4561422894351,10.8694008289851],[10.4194049847523,10.8437161337926],[10.4222130800696,10.8322895538199],[10.4446232789412,10.8368936797995],[10.4709197721298,10.8494310268205],[10.4817106492271,10.8495058279316],[10.5121181440372,10.8512223810081],[10.5130067137889,10.8486632737911],[10.5163595077851,10.8404239208273],[10.4893586277985,10.8072214769896],[10.4594081333787,10.8118338983158],[10.4522248309113,10.8091148439749],[10.4498396732624,10.8015977752172],[10.4406726489237,10.7727069582596],[10.5019360665963,10.7748502387475],[10.5139544103678,10.7610764102482],[10.5144934613043,10.7486980040097],[10.526676827074,10.7369666968556],[10.522981005569,10.733674591809],[10.5214123199227,10.7325536894013],[10.5211271044324,10.7296112974235],[10.5202714570622,10.7269491072156],[10.518560163221,10.7254778882939],[10.5164923493425,10.7252677131345],[10.5142819281685,10.7255479463807],[10.51221411429,10.7234461920881],[10.5119541175885,10.7213061401663],[10.510930644134,10.7198731757065],[10.5089341339032,10.7192426403356],[10.5064909852708,10.7177713827432],[10.5069376236725,10.7165102994109],[10.5053689380261,10.7144785429505],[10.5026286893626,10.7132466381219],[10.4996646246228,10.7120264046949],[10.5001033417959,10.7068243041983],[10.4999547917803,10.6976284529908],[10.4968352459499,10.6909138456975],[10.4942811083865,10.6883279782537],[10.4912024340451,10.6883587539534],[10.490311134851,10.6873661380369],[10.4910241740264,10.6861399618898],[10.4914995340763,10.6847386121972],[10.4907270748947,10.6833372553101],[10.4914995340763,10.6820526726927],[10.4906082348822,10.6800090074098],[10.4894792556632,10.6796002736338],[10.4883502773435,10.6779069365559],[10.4877560781805,10.6760968099199],[10.4876966581743,10.6742282804109],[10.4885285373622,10.6730604432849],[10.4896092130948,10.672816837627],[10.4912024340451,10.6720093858245],[10.4913806940638,10.6703744012577],[10.4923314132641,10.6690897628823],[10.4922125732517,10.6676883358481],[10.4919748932268,10.665819753279],[10.4911151251629,10.663968755154],[10.4899199432508,10.6640706150669],[10.4890633174182,10.6638927660384],[10.4881125982179,10.6623745251642],[10.4874589781494,10.6608562770955],[10.4891106550327,10.6574845721553],[10.4888135550016,10.6510610583213],[10.4867338565822,10.6453673767031],[10.4819802632786,10.6399655808469],[10.4763353689821,10.6347096874022],[10.474552770594,10.6314977083526],[10.4712872602989,10.6250792460104],[10.4695020772591,10.6183574396442],[10.4690564281117,10.6135392003739],[10.4669767296924,10.6069687508073],[10.4568010248475,10.6066640560014],[10.4538537081821,10.6078369599078],[10.4395790130611,10.6105820766016],[10.4300450968038,10.6145794425872],[10.4273385889048,10.614980900848],[10.4265431628368,10.6151402346342],[10.4025824284363,10.6029897237968],[10.3947215461625,10.6053387286994],[10.3832369698104,10.5990724199563],[10.3731364752682,10.5878794316905],[10.3567697007611,10.5954025762679],[10.346135767052,10.5913683587628],[10.3442142746691,10.5858014051108],[10.343344748961,10.5735092636417],[10.3409495234018,10.5664079766469],[10.3367206944046,10.5560546619931],[10.3280160600931,10.5569008457974],[10.3154770070583,10.5490754022081],[10.3102454186912,10.5454873221822],[10.3047896329352,10.5365290457789],[10.3063713362682,10.5324122111547],[10.3022544971474,10.5219652797739],[10.3030132371712,10.5157406168361],[10.3051293239592,10.5135179936605],[10.3142090016441,10.5074756646702],[10.3197088164088,10.5055798758107],[10.3254966138777,10.4993350743542],[10.3227661651265,10.4907391455951],[10.2937924126898,10.4842791327758],[10.293503166438,10.4674520348835],[10.2717536742927,10.4626996403762],[10.2692551517039,10.4524452493488],[10.2618668119039,10.4469518908172],[10.2574204081254,10.4436459119294],[10.2505881497234,10.4385660086144],[10.2469023961287,10.440187104951],[10.2425223821023,10.4417076184119],[10.2421031712244,10.4418531458061],[10.2403993678366,10.4447653610326],[10.2155894297085,10.4609194602649],[10.2055095809025,10.457882127758],[10.2007404832867,10.4611307901539],[10.1986801023049,10.4600077518563],[10.1974679348973,10.4595870382113],[10.1943353156224,10.4586053697421],[10.1917279696701,10.4581367393191],[10.1905799760851,10.457863272572],[10.1903232816941,10.4577440701328],[10.189610243418,10.4579824759106],[10.1890041597143,10.4581086912631],[10.1883766847363,10.4583470970409],[10.1880629481466,10.4586696469867],[10.1877064290085,10.4591745039003],[10.1875209258501,10.4595678943429],[10.1863355627361,10.4593892386225],[10.1823402274196,10.4582490070861],[10.1729994135921,10.4553740993352],[10.1687790921814,10.4558333453327],[10.1573125517329,10.4553740993352],[10.1518934538199,10.4503254159852],[10.1416256898738,10.4489229889049],[10.1376326712108,10.4468193379421],[10.1334257398061,10.4503254159852],[10.127578818208,10.4541820560571],[10.1228014558226,10.459931867062],[10.1200919073157,10.4621055482325],[10.1184519171223,10.4642792150138],[10.117168446067,10.4658919251722],[10.1148154166981,10.4668034528171],[10.1123722959447,10.4665642412468],[10.107706248045,10.4723075357642],[10.1049829857762,10.4756595428537],[10.0894024822388,10.4711977318898],[10.0851362729207,10.4645917564045],[10.0849900611424,10.4629296302983],[10.0831559630773,10.4420797605725],[10.0683760171395,10.4281000979412],[10.0647983143908,10.4286564257535],[10.0580192589817,10.4265548072586],[10.0411301141635,10.4299986162432]]]},"properties":{"FID":200,"globalid":"c6a7d121-6010-4353-ba22-b2933db1dbc8","uniq_id":28261,"timestamp":1565308800000,"editor":"nuraddeen.isah","lganame":"Ganjuwa","lgacode":"5008","statename":"Bauchi","statecode":"BA","source":"eHA_Polio","amapcode":"NIE BAS GJW","Shape__Area":0.44958877145192844,"Shape__Length":4.2541760584321722}},{"type":"Feature","id":288,"geometry":{"type":"Polygon","coordinates":[[[10.3560509706758,11.9120172319098],[10.339144664095,11.9102350373172],[10.3368312039969,11.9083925368861],[10.3373242672012,11.9047774816955],[10.3377518031033,11.9041105633519],[10.3578162930875,11.888579257227],[10.3528747450734,11.8834359517078],[10.3519790032285,11.8798655442595],[10.3373136129329,11.8561078426029],[10.3252817928205,11.8715650706715],[10.3121896873043,11.8707719441699],[10.3029283375728,11.873242950202],[10.301186980295,11.874987348987],[10.2978846130845,11.8768983031143],[10.2957927873073,11.8840388715967],[10.3031365899817,11.8980171375809],[10.3039389354336,11.8989276247102],[10.3019068875928,11.9115041956621],[10.2929962383857,11.917977211779],[10.289527502892,11.9167471748423],[10.2888261054405,11.9158789063865],[10.2881156023532,11.9149993658281],[10.2873142560481,11.9140073704438],[10.2864013434473,11.9128772643743],[10.2863781418378,11.9128485454241],[10.2854945777127,11.9117509183702],[10.284688809441,11.9107457865888],[10.2832235638165,11.9121806693025],[10.2783908787361,11.9111111010965],[10.2754165518324,11.912598264998],[10.2716689005993,11.9158105381259],[10.2666656132275,11.9188413406554],[10.267800050432,11.9208830526109],[10.266450000767,11.928687029383],[10.261270244826,11.9331514600719],[10.2598739106525,11.9404570739349],[10.2548261985702,11.9443615624362],[10.2493458289469,11.9370420837253],[10.2380115158189,11.9391937755723],[10.2368503660516,11.9368075504282],[10.2289961477541,11.9353471476528],[10.2227918589572,11.9330833319303],[10.2206259200502,11.9336230321773],[10.2190059910337,11.9355080471587],[10.2177132443708,11.9359346396719],[10.2108583734152,11.9376509139586],[10.2088245916816,11.9499770354119],[10.2154086965542,11.9515911098419],[10.2205492834227,11.9519899600687],[10.2217571089035,11.9520234364325],[10.2219377341391,11.9521553669766],[10.2167284147845,11.9599027341239],[10.2165675179766,11.9604948396652],[10.2152709428997,11.9652662764176],[10.2188188322234,11.9680092770066],[10.2098050901329,11.9799314688622],[10.1993505585814,11.9727360633187],[10.1921948554083,11.9678110979039],[10.1919329863183,11.9677185189945],[10.1894497971704,11.9669157391701],[10.1918885409235,11.9720935759578],[10.1913181090436,11.9744651673337],[10.1888055192593,11.9757165613702],[10.1870020359153,11.9764961602696],[10.1866120512053,11.9780225130286],[10.1866120512053,11.9799755473337],[10.1867546594,11.9822773180438],[10.1853285801499,11.9838118213585],[10.1836830888035,11.9842703928644],[10.1811216487451,11.9836025716015],[10.1781981883958,11.983463072363],[10.1776277574151,11.9848580692445],[10.1787686202757,11.9876480396254],[10.181620776078,11.9888337696628],[10.1822625116057,11.9908564744468],[10.1831181589759,11.9926001699619],[10.1837513500448,11.9945503534161],[10.1838311981513,11.9962967720784],[10.1854711883447,11.9977614493314],[10.1865377096476,11.9978309966033],[10.187610305871,11.9979009413754],[10.1885372568889,11.9960177852926],[10.1898920306927,11.9947623389108],[10.1913181090436,11.9946925919896],[10.1942415702923,11.9964362650217],[10.1960954723282,11.9999933220342],[10.1958102559386,12.0038990560966],[10.196451990567,12.006270366884],[10.197450246132,12.0072467833124],[10.1992328436209,12.0071770390891],[10.2020136966748,12.0068980639945],[10.2036536868682,12.0073165266364],[10.2045806378862,12.0094088353495],[10.2040102069056,12.0112221545788],[10.20120468275,12.0171426883844],[10.1986624126403,12.0221715596698],[10.1942415702923,12.023078178815],[10.1908189817107,12.0240545340895],[10.1904624616733,12.0261467133002],[10.1917459327287,12.0303310177623],[10.1931720110795,12.0325626215678],[10.195239824958,12.0333297306826],[10.1990902363254,12.0343060490849],[10.2010867456568,12.0364678843854],[10.2039389032578,12.0386994360302],[10.2061493244318,12.0384902294406],[10.209215392976,12.0360494649109],[10.2104430323201,12.0361586147283],[10.212352765168,12.0363284112273],[10.2159179610451,12.0396059994174],[10.218698814099,12.0415585849608],[10.2191979414319,12.0444874394438],[10.2184110661179,12.0482630083312],[10.218627509552,12.0566906505532],[10.2181996867662,12.0600377212639],[10.2184849022565,12.0630361032336],[10.2204814115879,12.0642912276581],[10.2232622646418,12.0631058312691],[10.226257028639,12.0626874540628],[10.2276118042414,12.0642912276581],[10.226898765066,12.0680565721531],[10.2292517944348,12.0716126812803],[10.2307270378226,12.0779119888472],[10.2243813468218,12.0762624073843],[10.2206588793039,12.0752487167549],[10.2184603417714,12.0760621886192],[10.2164994842639,12.0766432378952],[10.215073405913,12.0751906115575],[10.2148951458943,12.0735636606345],[10.2137067466691,12.0730988172567],[10.2118647300733,12.0715299589405],[10.2088937333592,12.0716461711339],[10.2084183733093,12.0730988172567],[10.209547351629,12.0749581907679],[10.2091314133841,12.0768756577854],[10.2082995341962,12.0772242862719],[10.205387956589,12.0771080767764],[10.2040807182506,12.0786187966202],[10.2035243292844,12.080851993125],[10.2020010207306,12.0814077957332],[10.2019319860723,12.0802939494063],[10.2018821807181,12.0794903619907],[10.1994925030766,12.0794390268896],[10.1944546889328,12.0794322576926],[10.1911271730806,12.0788512147118],[10.1886315364163,12.0781539613363],[10.1873837180842,12.0761202947158],[10.1876213972097,12.0721110190084],[10.1885721164101,12.0708326857799],[10.1891956802365,12.0712646103735],[10.1899981947609,12.0718204903234],[10.1911271730806,12.0720529129117],[10.1919590522685,12.0709488988726],[10.1913054330993,12.0700191986272],[10.1895228347111,12.069438134962],[10.1884435682161,12.0690159707106],[10.1877402372222,12.0687408582041],[10.1868576470628,12.0693826548857],[10.1860764788465,12.0692638157725],[10.1854822796835,12.0669976528195],[10.1828083830005,12.0667071178393],[10.180643978337,12.0673151009112],[10.1782924679231,12.0682178970384],[10.1768663895723,12.0682760040344],[10.1765098704342,12.0668814388274],[10.1776388487539,12.0661260469795],[10.1793968578787,12.0649395201428],[10.1794214471421,12.0627558097329],[10.1795997071608,12.0605477007159],[10.1799562262988,12.0589787695546],[10.1791837671172,12.0582233561231],[10.1777576887663,12.0586882273798],[10.1722316353817,12.0614774351356],[10.1725881554191,12.0635112123726],[10.172291055388,12.0644990429965],[10.1709487021209,12.0645788758145],[10.1699142578368,12.0639179658415],[10.1700330969499,12.0621747307792],[10.1681681440447,12.060844113665],[10.1674780402794,12.0592112047333],[10.1663454179068,12.0609227279016],[10.1642538358459,12.0626427280795],[10.1625900783695,12.0657108093064],[10.1617819673639,12.0675702349784],[10.1524930273314,12.0898722705888],[10.1527406295764,12.0974773236196],[10.1527976726745,12.1023855976173],[10.1538353338336,12.1080827731016],[10.1553646138859,12.1128153789267],[10.1568477362341,12.119731160065],[10.1573040810186,12.1293794889723],[10.1624898911955,12.1372499472273],[10.1639993340021,12.1389524304104],[10.1658496864139,12.1511096951564],[10.1669998167882,12.1534299847061],[10.1681203837488,12.1580495826222],[10.1681421077721,12.1581157376512],[10.1692155736399,12.161384642887],[10.1692600253299,12.1615200052441],[10.1699265227908,12.163763579026],[10.1703901287015,12.1649799345764],[10.1622190738512,12.1832363726605],[10.1515115000557,12.2022720607071],[10.149052812937,12.2245057433454],[10.1475360910179,12.2382203856623],[10.1521628583293,12.2441498911047],[10.1750188664276,12.2734413668257],[10.1798493598601,12.2879630310691],[10.1962409340719,12.3110248652054],[10.1970015087127,12.3112802996462],[10.1978096197182,12.3119537200882],[10.1984275870635,12.3129057927682],[10.1993783062639,12.3134863240347],[10.2002339527348,12.3134863240347],[10.2008043837154,12.3133469956674],[10.2013035119476,12.3130683434293],[10.2016124947209,12.3126968020159],[10.2019690147583,12.3120698270609],[10.202349302978,12.3115589572801],[10.2030861103358,12.3113964066189],[10.2042745077624,12.3112338577564],[10.205177690598,12.3113499647291],[10.2060571061506,12.3114428503073],[10.2066275380305,12.3118608354093],[10.2069127526215,12.3125574736486],[10.2065324662004,12.313207669998],[10.2059144979557,12.3136256506033],[10.2055342106353,12.3142294005664],[10.2058431952074,12.3147867077404],[10.2060808743329,12.3155762225647],[10.2061521779807,12.3163889578842],[10.2060095697859,12.3172481305968],[10.2063185543578,12.3179447562455],[10.2064611616534,12.3187574825718],[10.2061521779807,12.319291559358],[10.2054153706229,12.3191522363866],[10.2048211723593,12.3184556134358],[10.2043220441271,12.3172713519913],[10.2035614685869,12.3168301553874],[10.2026820539337,12.3167837125983],[10.2019927829406,12.3171784691111],[10.2018739429282,12.3180144186306],[10.2027771257638,12.3194308841281],[10.203300021279,12.3204525922134],[10.2041319013662,12.3211492079696],[10.204226972297,12.3226817579568],[10.2045121877873,12.3242607390419],[10.2037516131465,12.324469720801],[10.2032524858136,12.3241214178692],[10.2030623421534,12.3235176912885],[10.2026582857513,12.322797860433],[10.2019690147583,12.3231693847594],[10.2011371355704,12.3233551487212],[10.1999249690621,12.3231693847594],[10.198879178931,12.3227281989473],[10.1983800506988,12.32212446787],[10.1979759960954,12.3214278539124],[10.1971441169075,12.3210563259887],[10.1963835413674,12.3213117514362],[10.1962486043896,12.3223039752483],[10.1967448152211,12.3226306728673],[10.1972201743716,12.3232622667402],[10.1974863745966,12.3240610445816],[10.1975053898619,12.3247297876496],[10.1971060881755,12.3251756148628],[10.1966307281256,12.3255471382898],[10.1960793106118,12.3259929637044],[10.1956229658273,12.3261601485721],[10.1955088796311,12.3271261022878],[10.1949954917486,12.3281292042994],[10.1960495007839,12.3285892956595],[10.1964999999751,12.3289999998502],[10.1971753530601,12.3295065160129],[10.197907742948,12.3301205218447],[10.1981999992306,12.3304000005596],[10.1988999991357,12.3306000007894],[10.1986999998052,12.3315000009243],[10.200100001414,12.3332000001799],[10.2003999990608,12.3339999993006],[10.2010000006496,12.3348999994355],[10.2011521056852,12.3353901326486],[10.2016999978567,12.3361000008144],[10.2020218238482,12.3373783133585],[10.201174906197,12.3419187061834],[10.2076829320217,12.3542482774361],[10.2084293513336,12.3551841883996],[10.2096190815554,12.3556838751108],[10.2163053673988,12.3553031606124],[10.2205408082118,12.3563025340347],[10.2231820091425,12.3599906987118],[10.2258232109725,12.3639881941999],[10.2265568176431,12.3686338023082],[10.2361596534453,12.3754641847244],[10.2428978742375,12.3799215620305],[10.2540569373778,12.3910298503474],[10.2250009788121,12.4338528960943],[10.2404653456992,12.4340422933172],[10.2580733572996,12.4596214989331],[10.2870405878529,12.4550785079668],[10.2880549709602,12.4554575928937],[10.3027063309325,12.4485567638836],[10.3062851092704,12.4476614321295],[10.3078830273798,12.4472616681915],[10.3228787449582,12.4435100707332],[10.3257137291054,12.4428008222002],[10.3341481980809,12.4418727776066],[10.3392139370736,12.4413153966883],[10.3442586508161,12.4446649234475],[10.347732664431,12.4449028687724],[10.3497727630026,12.4433676630873],[10.3522000008294,12.4452169498024],[10.3577619245732,12.4459157733943],[10.362146424418,12.450915086662],[10.3631720544468,12.452084535373],[10.3721359543109,12.4585365424276],[10.3811501721428,12.4637316929633],[10.3888747630599,12.4648224599886],[10.3938660372879,12.4651705749621],[10.3998080307161,12.4635460306249],[10.4077703016582,12.460412953595],[10.4109789783972,12.4594846257149],[10.4145441742743,12.4592525439698],[10.4181093701513,12.4587883795801],[10.4208426868406,12.4589044209023],[10.4239325226678,12.4578600463041],[10.4259528010809,12.4578600463041],[10.4296197894218,12.4559698107582],[10.4311343628606,12.4509648191711],[10.432049751295,12.4479398730268],[10.4320697782977,12.445639611379],[10.4332704541682,12.443349837625],[10.4378367870381,12.4409173936228],[10.4425903821405,12.4399889982937],[10.4473439763435,12.4392926990988],[10.4519787314334,12.4392926990988],[10.4588714431626,12.4406852956899],[10.4623177990272,12.4418457880527],[10.4658126337461,12.4435746429555],[10.474780023879,12.4488307270565],[10.4847127139207,12.4538707571298],[10.4867161192536,12.4548873210931],[10.4908175907593,12.4569684836087],[10.5125475100596,12.4684055658642],[10.5156866808957,12.4681947171126],[10.5195846277284,12.4704226211071],[10.5339404839662,12.4747855426187],[10.5335601957465,12.4760851232299],[10.5367926406679,12.477013389956],[10.5389975795747,12.4778491748996],[10.5545710836886,12.4808192516072],[10.5543244302283,12.4792766058308],[10.5543244302283,12.4767006785935],[10.5548235566619,12.4748905519575],[10.5549661648567,12.4726626866337],[10.5547413829086,12.472459115196],[10.5552896114265,12.4716596160985],[10.5558454527055,12.4704337178418],[10.5565002805636,12.4690555346853],[10.5566373381427,12.468583449067],[10.5570770616571,12.4677515896642],[10.5577147574302,12.4671424473661],[10.5587534707961,12.4675722738414],[10.5595825710789,12.4676150968593],[10.5619837663378,12.4697925282027],[10.5625929697898,12.470977758217],[10.5643870498225,12.4707073212859],[10.565733057035,12.4705044252391],[10.5686565173844,12.4695993412366],[10.5700825957352,12.4699474508142],[10.5710095467532,12.4712006398977],[10.5715086740861,12.4731500337471],[10.5716512822809,12.474960173873],[10.5718651941235,12.4762133377754],[10.5726495369466,12.4771183992947],[10.5737190961594,12.4771880176129],[10.5745034389826,12.4766310602753],[10.5749312617684,12.4755171357073],[10.5757869091386,12.4748209318406],[10.5771416838417,12.4747513108244],[10.5786390658403,12.4752386552398],[10.5798512332478,12.4757956170741],[10.5812060070516,12.4769095389441],[10.5817764380323,12.4784411734215],[10.5821329580696,12.4801120364414],[10.582669732822,12.4808530912971],[10.583772948263,12.4817132703512],[10.5851990257145,12.4817828886694],[10.587266839593,12.481643652033],[10.589120741629,12.4819221262052],[10.5907607318223,12.4822702186957],[10.5922581138209,12.483175257732],[10.5936841930711,12.484358766444],[10.5947537522839,12.4855422679614],[10.5949467144194,12.4856270470506],[10.5951964120848,12.4854723061021],[10.5953772513591,12.4852058064029],[10.5964146957816,12.4852914668278],[10.5971744178651,12.4853892537112],[10.5984991039505,12.4848726813293],[10.5992224601484,12.4846823236304],[10.5998125655975,12.4846537710548],[10.600669171645,12.4848155743793],[10.6016780643912,12.4851106266541],[10.6024585266397,12.4859481967519],[10.6032294722624,12.487071303398],[10.6028392411381,12.4875567133716],[10.6025441879639,12.4879564620211],[10.6024400410751,12.4881281174187],[10.6024299731648,12.4882324810442],[10.6025108159214,12.4883448351461],[10.6033102223889,12.4886750419197],[10.6055919472107,12.4889535088973],[10.5965034381832,12.4978481861449],[10.5959330063033,12.499727765624],[10.5945782316002,12.5013288781253],[10.5922965058791,12.5029299816334],[10.5905139083902,12.5049487482862],[10.5928526772094,12.5101000146041],[10.5949062296388,12.5113251646247],[10.5970168260657,12.5117149847588],[10.5992415077894,12.5115479186016],[10.6010098447286,12.5113808542431],[10.6025500101749,12.5106569017946],[10.6046606057025,12.5106569017946],[10.6052310366831,12.5117149847588],[10.6052880797811,12.5129401275849],[10.6056303392688,12.5145550806525],[10.6043753902121,12.5150005832104],[10.6023788799814,12.5150005832104],[10.6008387163337,12.5141095780946],[10.5987281199069,12.514165265015],[10.5967886527741,12.5144993928328],[10.5945069279524,12.514722145011],[10.5924889104349,12.5156015767514],[10.5917828562938,12.5161298726955],[10.5916547712507,12.5162257116473],[10.5911558741443,12.51756150436],[10.5911984255669,12.5183975132347],[10.5925104177217,12.5198453722662],[10.5939364969718,12.5206806715758],[10.5952199671278,12.5210287119056],[10.5970497133736,12.5201501848832],[10.5982147320243,12.5220032226707],[10.6055019961203,12.528063742248],[10.6142465153644,12.5324657446984],[10.6423836419916,12.5311570413644],[10.6512846423724,12.5293523969956],[10.6912595873601,12.5143617920631],[10.7151731703056,12.5007988653754],[10.7397554693395,12.4836657470766],[10.7505081657193,12.4761714428578],[10.7607159889518,12.3970967236349],[10.7642614510052,12.3696318699149],[10.723620031939,12.3704126091546],[10.7212535819872,12.3700577267827],[10.7203833431169,12.3685619060072],[10.7078659178779,12.35438638992],[10.7078568985771,12.3519113117577],[10.7065756497465,12.3502645721524],[10.7063046651282,12.3500674155788],[10.6871604163202,12.3501246025684],[10.6813121295512,12.3514560506563],[10.6769745203579,12.3483933096036],[10.6769387929909,12.3483071131828],[10.6765807360122,12.3479409164402],[10.674299629924,12.3409851478464],[10.6610949193951,12.3342088560539],[10.6549606167391,12.3278894126663],[10.6509667410223,12.323214667423],[10.6463259631727,12.3223314783151],[10.6432257500684,12.3249649450762],[10.6256438790618,12.3216903489305],[10.6211290611573,12.3211852851728],[10.6183472719091,12.3264150703992],[10.6139157833867,12.3274972551942],[10.6068059690203,12.3282229712132],[10.6015937664392,12.3294834097316],[10.5962492663906,12.3282140832134],[10.5930628118993,12.3225745488764],[10.5588572642514,12.3302009482152],[10.5593441787909,12.3426097389483],[10.5254801109184,12.361096291061],[10.5201599123501,12.3614300843309],[10.5140058443943,12.3546529121023],[10.5059265635601,12.351359241336],[10.4986697604012,12.3251973029132],[10.4966827038438,12.319061005561],[10.5116112222801,12.3166822735681],[10.5274753000451,12.2948070112346],[10.5219103329955,12.2916752876844],[10.503740665999,12.2925062189869],[10.4913677717054,12.2714027863096],[10.4913316900056,12.27138278179],[10.4872573492473,12.262019888707],[10.4861897352681,12.2582784293061],[10.4734135741771,12.2605561530441],[10.4638113130417,12.2619497011179],[10.4578217841481,12.2607419601734],[10.454874554717,12.2591625968764],[10.4503111041741,12.2562825566947],[10.4419637947934,12.2586167722463],[10.4419447777294,12.2627858269045],[10.4428871916906,12.2678913519044],[10.4474206327561,12.2773040656302],[10.4462916544364,12.2796264946671],[10.4456159470184,12.2822692217472],[10.4454003552423,12.2842712915869],[10.4468264326937,12.2865936612685],[10.4481336719315,12.2894965918942],[10.4479554119128,12.2921672600111],[10.4479105959973,12.2944621284245],[10.4474206327561,12.2955926427863],[10.4459945544052,12.2966376648964],[10.4446873160668,12.2977407409425],[10.4433183626523,12.299219588813],[10.4335796788591,12.2999163133872],[10.4306430740187,12.296558892379],[10.4366537909398,12.285647496235],[10.4388641617517,12.2766653940927],[10.4361055048652,12.273885982652],[10.4296084930376,12.2718960635526],[10.4279903150011,12.2724268973835],[10.4202841637832,12.291252160259],[10.4191367448649,12.2958829268557],[10.417242393122,12.3036080285877],[10.4108658167041,12.3055164061573],[10.4048030632109,12.3007619324173],[10.3941312806342,12.2951647525513],[10.3958546083036,12.2922245549193],[10.383863835048,12.2882126477955],[10.3798127813349,12.2883995727821],[10.3759739028733,12.2876869445969],[10.3759978743025,12.2853744197937],[10.3748094759766,12.2835745778046],[10.3721949992998,12.2824714433025],[10.3702341408929,12.281716663893],[10.368095024266,12.2810780031474],[10.3664312649909,12.2809618826848],[10.3641243897288,12.2814532371772],[10.3619153508129,12.2820069641501],[10.359895073299,12.282761741761],[10.3587066740738,12.2829939808876],[10.3573400157292,12.2834003989094],[10.356329877422,12.2837487575991],[10.3551414781967,12.2832842802454],[10.3541907589964,12.2819489039188],[10.3546154503428,12.2797724960039],[10.3558496277582,12.2786078352834],[10.356516180977,12.2769245031633],[10.3569834956918,12.2756783530736],[10.3559733573846,12.2739365065646],[10.3549037990711,12.2720204631739],[10.3547255390524,12.2699882786362],[10.3554385782278,12.2680722055679],[10.3567657203618,12.2667882093085],[10.3587066740738,12.2667948157282],[10.3606081115751,12.2677818909216],[10.3626283899882,12.2688850883762],[10.3638762083204,12.2696979657886],[10.3650646066463,12.2702785923832],[10.3664312649909,12.2699302157069],[10.3670848850595,12.2686528357598],[10.3672037250719,12.2672593227596],[10.3661341658591,12.2666206269404],[10.365242866665,12.2653432299062],[10.3634602691761,12.2636593788773],[10.3619153508129,12.2608142278943],[10.3587503055822,12.2570844965523],[10.3571041190599,12.2545506000302],[10.3560645333516,12.252990272683],[10.3538342398583,12.2522785896852],[10.3515762823196,12.2519882570525],[10.3494965847996,12.252046323579],[10.3467038481041,12.2517559909463],[10.3445053105717,12.2518140565735],[10.3429009722021,12.2518140565735],[10.3414154738451,12.2513495252604],[10.3405835946572,12.2489687778868],[10.340524174651,12.2463557401254],[10.34165315387,12.2442072219857],[10.3428415521959,12.242755511158],[10.3433169122458,12.2415941365602],[10.3429009722021,12.2405488950155],[10.3415343138576,12.2405488950155],[10.3395140363438,12.2409553795871],[10.3379096979742,12.2418844808842],[10.3372560788051,12.2428716487076],[10.3369589787739,12.2437426762835],[10.3361865195923,12.2445556319369],[10.3349387021594,12.2451943808161],[10.3332155228781,12.2443233586362],[10.3320271245522,12.243394265433],[10.3308387262263,12.2421167559835],[10.3301256870508,12.2403746882413],[10.3313140862761,12.2382261224377],[10.3337923768168,12.2365383854382],[10.3354140613099,12.2345677118305],[10.3360082595736,12.2332901601129],[10.3360082595736,12.2321287450456],[10.3361865195923,12.2310253938069],[10.3355329013224,12.2300962529397],[10.3336314629217,12.2300962529397],[10.3313140862761,12.2309092508613],[10.3289372878256,12.2324771693859],[10.3261994142716,12.2334361488593],[10.3240285722608,12.2324609042474],[10.3227807539287,12.2324028332242],[10.3211169955529,12.2327512575645],[10.319928597227,12.2316479099231],[10.3197503372083,12.2299638448556],[10.3203445372706,12.2282797689962],[10.3220677147533,12.2270602577248],[10.3245411030895,12.2257960798253],[10.3264647898183,12.2252019463128],[10.3276531881442,12.224156640017],[10.3285444873383,12.2229371107591],[10.3285444873383,12.2212529899336],[10.3278908681691,12.2193946371528],[10.3258111697497,12.21742012344],[10.3251575505806,12.2152132950576],[10.3248604514487,12.211903019209],[10.3248010323418,12.2095799939216],[10.3240879922671,12.2071988733294],[10.3242467495879,12.204486257235],[10.3244445123045,12.2023784855787],[10.3249792905619,12.2005780788153],[10.3237908931353,12.1994165189572],[10.3218300347284,12.1993003634211],[10.3202851172644,12.1989518941147],[10.3203445372706,12.1974418559569],[10.3212952555716,12.1961641252742],[10.321473514691,12.1951187038651],[10.3207604764149,12.1937828823742],[10.3193343980641,12.1925632137214],[10.3164822413624,12.191343537874],[10.3136895037676,12.1894849773499],[10.3116692271532,12.1875102379072],[10.3105402479342,12.1862905395768],[10.3104214079217,12.1851870003798],[10.3206764122867,12.1823635464406],[10.3278314481628,12.1811212823214],[10.33555603908,12.1790303180948],[10.3439936700719,12.1743836712695],[10.3491898683178,12.1725666189544],[10.3621761685953,12.1694465191416],[10.368237002036,12.1681686526612],[10.371505097882,12.1682848225865],[10.3750113270112,12.1679101830086],[10.3790514287805,12.1671231224342],[10.3950755247158,12.1611558391707],[10.3952229928469,12.1576374251271],[10.4046144888676,12.1493307399218],[10.4055343667177,12.1485171169714],[10.4054121524489,12.1468601340879],[10.4059616076422,12.1452476433641],[10.4088201783086,12.1430069564059],[10.4106768790348,12.136899165764],[10.4030809460289,12.1350996781077],[10.4030405952473,12.1350901192137],[10.4026939425714,12.1318751139454],[10.4023436647284,12.1286264830258],[10.407419286371,12.1246948943539],[10.4103803311874,12.1242364532498],[10.4137470997489,12.1274920386267],[10.4187450271613,12.130627213775],[10.4310327502612,12.1147929332473],[10.4322260957578,12.1120009232041],[10.4321861352819,12.1119028386452],[10.4336899276481,12.1016237720195],[10.4404426032436,12.0941327764066],[10.4412338150885,12.0798955299548],[10.4412085828099,12.0797467739945],[10.4191047442886,12.0757341537083],[10.4199008961095,12.064208448661],[10.4177309579174,12.0616234958277],[10.4126328037609,12.0577059599621],[10.4126632179332,12.0575429497474],[10.4020809529737,12.051486733426],[10.3981810779944,12.052475329373],[10.3950091232725,12.0490948596401],[10.3963962187105,12.0453071939719],[10.4045373153449,12.0376563672476],[10.4031861541177,12.0258508984003],[10.4020489631891,12.0244282329766],[10.4070327874333,12.0107281308986],[10.4088225651093,12.0095130299025],[10.4101596897179,12.0016635132606],[10.4245271526061,11.9962406408929],[10.427779816985,11.9985958942851],[10.4324195983858,11.9977874370406],[10.4381962613484,11.9857779830675],[10.4264238290965,11.985258515768],[10.4234207463704,11.985580025198],[10.4155898196145,11.9791527926673],[10.416617998322,11.9753123493855],[10.4200923024179,11.9725402566276],[10.4306469303116,11.9681782856994],[10.4278431391496,11.958376107971],[10.4402309702831,11.9521090797703],[10.4353404875735,11.9453247021733],[10.4350946291139,11.9434250264439],[10.4391477593617,11.9284455191454],[10.4386245068156,11.9268928576194],[10.4531461072071,11.9136123594229],[10.456829110675,11.9102441258657],[10.4596304233054,11.9065697567889],[10.44134152689,11.9011560089427],[10.4392692757565,11.8995967077219],[10.4219189963646,11.9027531878094],[10.4188647566033,11.9138667299657],[10.4142475023204,11.9145621631134],[10.3967986302526,11.8902978931333],[10.3949143482187,11.8831115986214],[10.3832284532306,11.8825231668108],[10.3709819721403,11.8933200720637],[10.3699968727575,11.9017437185978],[10.3665609544245,11.9050130222332],[10.3560509706758,11.9120172319098]]]},"properties":{"FID":288,"globalid":"5cf13102-de9a-4305-b2c2-27fc88c75ca1","uniq_id":28356,"timestamp":1565308800000,"editor":"nuraddeen.isah","lganame":"Zaki","lgacode":"5020","statename":"Bauchi","statecode":"BA","source":"eHA_Polio","amapcode":"NIE BAS ZAK","Shape__Area":0.16968053691091,"Shape__Length":3.49388384099751}},{"type":"Feature","id":290,"geometry":{"type":"Polygon","coordinates":[[[10.0929809638005,11.2652960516715],[10.090469856099,11.2670971572081],[10.0841713426334,11.2696612349781],[10.0747829942399,11.2676799044041],[10.0696728799995,11.2670971572081],[10.0628244553844,11.2661392991894],[10.0519657397272,11.2660482095573],[10.0498849558261,11.26582558868],[10.0454295471359,11.2653489111234],[10.0316235885578,11.265258038228],[10.027722407763,11.2652323598855],[10.0118568596064,11.2613683840437],[9.9985356751813,11.2646285307821],[9.9947129647316,11.2676493409444],[9.99154755257752,11.270150736867],[9.9820868843023,11.2747963099018],[9.9803524239253,11.2756480011544],[9.97717094358421,11.2772102359637],[9.96945355263938,11.2788357650585],[9.96889133516703,11.2803855145799],[9.96841544271854,11.2814610327005],[9.96827457920853,11.2829957851274],[9.96772254386036,11.2830909621782],[9.96712450639092,11.2830949443762],[9.96607373581429,11.2827827591171],[9.96554835097567,11.2824096591785],[9.96500773791684,11.2820289446801],[9.96461179519827,11.2818462033397],[9.96400265290015,11.2823131484331],[9.96364287911564,11.282838534171],[9.9632431286675,11.2832097293456],[9.96229769028622,11.2834059236445],[9.96138397728879,11.2839579589927],[9.96034653196693,11.2847955290904],[9.95935953231663,11.2851997203908],[9.95846009605663,11.2860563264384],[9.95822690814532,11.2865560131495],[9.95765533772368,11.2862938104111],[9.94840538689914,11.2963008042388],[9.94147075866863,11.3139449550957],[9.91398497412729,11.316462150308],[9.91360000133903,11.316100001414],[9.91340000200853,11.3165999992906],[9.91299999885092,11.3163999990608],[9.91270000120414,11.3167999986211],[9.91213662630429,11.3170692277627],[9.91191732572406,11.3183066112612],[9.91369744018476,11.3199387018097],[9.91828296188925,11.3473738599158],[9.91670799267979,11.3478698728964],[9.91202354375162,11.3478097918884],[9.90910599734394,11.3478671290648],[9.90352052305377,11.3474593206911],[9.89900460797634,11.3499061628392],[9.89475999677649,11.3516199208227],[9.88502951659893,11.356684203813],[9.8826332091553,11.3589696878009],[9.88217196126703,11.3612232305677],[9.88274239224768,11.3625095120044],[9.88314169393408,11.3633483870185],[9.88405438440236,11.3645787333219],[9.88411142660112,11.3659768472538],[9.88348395342177,11.3675986513567],[9.88456777228492,11.3684375110823],[9.88468185938035,11.369500063677],[9.8856515920474,11.370338918906],[9.88736288588854,11.3705626126745],[9.8894734823154,11.3714014652055],[9.88918826592578,11.3735265443146],[9.88890305133481,11.3760989875782],[9.88878896423938,11.3794543149647],[9.8883896616536,11.3810201200826],[9.88736288588854,11.3816352572613],[9.8860508937338,11.3816352572613],[9.88445368608882,11.3812997282999],[9.88371212491467,11.3821944691994],[9.8823430896619,11.3840957852923],[9.88085996911235,11.3863885313057],[9.87997627278679,11.3888797765805],[9.88414646778529,11.3945967299552],[9.88514472335038,11.3963441882337],[9.88485950696071,11.398720712391],[9.88561478189672,11.4017322910125],[9.88555827119728,11.4064175439345],[9.88428047036746,11.408141480445],[9.8820867541005,11.4107799528326],[9.87916911326403,11.4131619043984],[9.87616476788975,11.4153820148682],[9.87612852790926,11.4188324077894],[9.87610373270115,11.4211422067475],[9.87607989077441,11.4234424701939],[9.87684019292061,11.4258536209479],[9.87869409495659,11.4306993417013],[9.879503250075,11.4337797157613],[9.8800749670861,11.4355242026799],[9.8790268468116,11.4374552593528],[9.87826627217078,11.4393655219014],[9.87774337575621,11.4417882784064],[9.87722048114034,11.4439780583407],[9.87688772928533,11.4458882777219],[9.87717294477562,11.4474257631884],[9.87800110526683,11.4484995591074],[9.87484517826243,11.4526971582473],[9.86887079215336,11.4582678998437],[9.86819340480184,11.4584076652816],[9.86756355381499,11.4583983483052],[9.86705016503316,11.4584635716366],[9.86638466222246,11.4584076652816],[9.8657464331514,11.458497638855],[9.86455928218516,11.4584076652816],[9.86346171358724,11.4605262953523],[9.85571272586168,11.4659701057358],[9.81941467974372,11.4508459200032],[9.80143817183421,11.4433557103978],[9.78800384100452,11.4633256609505],[9.78470351795306,11.4682315463488],[9.78648757863891,11.4821596148744],[9.7856150491952,11.4846462592175],[9.78528022800015,11.4856004713847],[9.78524303383898,11.489060403415],[9.78404903363605,11.4913396838793],[9.78452299344144,11.4928837002226],[9.78518295283106,11.4948101047026],[9.78514671285058,11.4982700349342],[9.78786953355217,11.5047161073625],[9.79213852177543,11.5065216105839],[9.79778525698407,11.5127796383696],[9.79861730794244,11.5137017636255],[9.8055768006289,11.5214146651547],[9.81537637302125,11.5292543207304],[9.81587965971858,11.5295562932884],[9.81999472537632,11.5320253316038],[9.82969882484093,11.5378477916423],[9.83078356820715,11.5403427007551],[9.8195679646899,11.5798757890365],[9.84798480295632,11.5746029208881],[9.84887710039794,11.5656799419758],[9.84783608566687,11.5576492623036],[9.85259500835298,11.5551210845704],[9.85764491298238,11.5528158415779],[9.86713850993431,11.5562448000575],[9.86944053785061,11.5633072938966],[9.88228540984386,11.5624109360159],[9.88518875955367,11.5612194260357],[9.90433476293902,11.5528586753876],[9.90375091227486,11.5407439647622],[9.90924659105735,11.5374983123972],[9.91022325030281,11.5346999567377],[9.91963504672009,11.5322167558986],[9.9250579325776,11.5428934208947],[9.92592208123909,11.5475920961983],[9.92278510115153,11.549386955044],[9.92392923664499,11.5628890066224],[9.922982076062,11.5638405792794],[9.92059434095614,11.5669653672579],[9.91475682806521,11.571904784778],[9.91387495736342,11.5720055628065],[9.90797706668832,11.5689394915643],[9.90385890826207,11.570680409973],[9.89556260393107,11.5858124503843],[9.89551816123418,11.586038839421],[9.89624152372738,11.5878230197166],[9.89888337576724,11.5919514223203],[9.89884961701625,11.5953529397864],[9.90234304429612,11.5988985673151],[9.9037879796316,11.5994294551053],[9.91242812985433,11.6103568304035],[9.9132929107393,11.6093634149897],[9.9198579805614,11.6003051375721],[9.92722036772585,11.604936594848],[9.93776444567266,11.6120798568],[9.93804730583855,11.615227265426],[9.93865427357593,11.6201025846666],[9.93608379173367,11.626626996139],[9.9397724321521,11.6311328621919],[9.94225067502867,11.6341012616639],[9.94835457610287,11.6420323468154],[9.94739520812243,11.6468260112115],[9.96406530057322,11.6615593506835],[9.96421964042412,11.6615689536443],[9.97087087878805,11.6592285543543],[9.97505730565018,11.6556286950083],[9.98443856288941,11.6586213752763],[9.98480575518153,11.6597870099626],[9.99068298393263,11.6651416678537],[9.99306599759774,11.6673127976475],[9.99534021757705,11.6697764849968],[9.99787533178119,11.6699961542992],[10.0022972434231,11.6681804006051],[10.0042580631591,11.6607882233978],[10.0058552708041,11.658385981328],[10.0064314961167,11.6536752461158],[10.0079658672311,11.6498941697802],[10.0133849651441,11.6510115279597],[10.0158948632574,11.6517378087529],[10.017377983807,11.6521288816426],[10.0251928936372,11.6546429121407],[10.0292429562974,11.6487209394199],[10.0413361011801,11.6533579661972],[10.0433535314403,11.649890678612],[10.0511475203418,11.6439162259531],[10.0533722020655,11.6422960127508],[10.0550264528086,11.6422960127508],[10.0568518328458,11.6419049263713],[10.0606737231139,11.6425194915813],[10.0633547514207,11.6438044878869],[10.0674048131816,11.646430331095],[10.072196437016,11.6491120159068],[10.0717971353296,11.6536373028193],[10.072196437016,11.6564865196372],[10.0725957387024,11.6590005096658],[10.0719597390508,11.6627688839769],[10.0714548758419,11.6657602377448],[10.069403503369,11.6702762643382],[10.0664990268087,11.6767708120234],[10.0648464326168,11.6791444070888],[10.0688879346305,11.6822957376582],[10.0747874953467,11.6838525909244],[10.075595008303,11.6742626244206],[10.0769880599511,11.6707321648576],[10.0793995497495,11.670224113552],[10.0829775888447,11.669894207152],[10.0863431343282,11.6695031567453],[10.0876987561927,11.6692878698394],[10.0905643262827,11.6688327868037],[10.0934076858161,11.6690330082668],[10.1003770872329,11.6591488474414],[10.1014025221087,11.6543542648375],[10.1023532404097,11.651607451123],[10.1059184362869,11.6444842287642],[10.1074395873671,11.6412717362017],[10.1015847202587,11.6346743429466],[10.1012093126597,11.6317557398356],[10.1115081508805,11.6222661106925],[10.1186580696143,11.6191091800447],[10.1253606376833,11.6148254573291],[10.1287356899002,11.6120782533088],[10.132015670287,11.6098432185897],[10.134535076033,11.6061181223535],[10.1380871966668,11.6001309182074],[10.1381801766739,11.5946647398859],[10.1381740253111,11.5946087921621],[10.1389559192803,11.5888889051989],[10.1405713633778,11.5873979515543],[10.1410950359073,11.5853963673486],[10.1456584873494,11.5799013513663],[10.1518394117595,11.5721264047099],[10.1562878300194,11.5727389860155],[10.1568929613412,11.5729878895795],[10.1686834771608,11.5747676730897],[10.1781991012076,11.569997162639],[10.1788279746314,11.56968188641],[10.1797166603956,11.5684749602513],[10.1786294196121,11.5677650174417],[10.1641621247823,11.5583182122158],[10.1643883933098,11.5558378199595],[10.1718300404241,11.554990191844],[10.1688082859737,11.5444456210686],[10.1662300987401,11.542358962796],[10.1699777220942,11.5352626733338],[10.1787829167982,11.5321648326409],[10.1795609427833,11.5288062389168],[10.1798982128323,11.5285347425843],[10.1903143334398,11.5201499908295],[10.1863218984369,11.5168467198004],[10.1760151479808,11.5083190918527],[10.1756184426371,11.5073506443168],[10.1810378274338,11.502813937813],[10.1837983621048,11.4970047697544],[10.1853017506753,11.495684727768],[10.1872342255791,11.4899666232611],[10.1994018019516,11.4907192712774],[10.1996141453765,11.4893457861791],[10.2065162541219,11.4855594991716],[10.2066423867368,11.4830968739216],[10.207766758729,11.4820332556303],[10.2124706716842,11.4826080267391],[10.2149545739944,11.4804631283707],[10.2174846492971,11.4782783567608],[10.220291056587,11.4781240106146],[10.2273077182766,11.4750262346731],[10.2274886501811,11.4751235476137],[10.2390016828814,11.4710392621523],[10.2443823365756,11.465912060793],[10.24443919891,11.4655982153854],[10.2445783168359,11.4617966632854],[10.252277308551,11.4518159431513],[10.2565688148989,11.4510248877884],[10.2568006277468,11.4457281849079],[10.2568005369153,11.4432756518499],[10.255904101693,11.4408144799044],[10.250922207394,11.4341211361815],[10.2438882121713,11.4311267867718],[10.2434153774178,11.4305223740084],[10.2323251600781,11.4392377300372],[10.2318488233645,11.4398201058133],[10.2278494384009,11.4423523646699],[10.2268792371871,11.44195403605],[10.2136455945686,11.4431511236255],[10.2074163396924,11.4316351807191],[10.1928448898798,11.4409578003622],[10.191235208638,11.438148339874],[10.1833770333235,11.4323289744027],[10.1808934619638,11.4317790911322],[10.1815113438735,11.4284419039707],[10.1817918478156,11.4226914949166],[10.1813683381783,11.4178763133413],[10.1680660161338,11.4223064726656],[10.1665018999428,11.4236613903609],[10.1610165049078,11.4215423484007],[10.159422791129,11.4215283918219],[10.1556540229149,11.4205386042732],[10.1475041246157,11.418744802131],[10.1476536602883,11.4145361773028],[10.1473235443461,11.4055717297516],[10.1459392466989,11.3989143337296],[10.1387105050858,11.4018129008447],[10.1280171585651,11.3996284772725],[10.1264607918321,11.3977556400108],[10.1290967524133,11.3902171026372],[10.1313877537419,11.3882342558063],[10.1231247719907,11.3787436113287],[10.1395674618689,11.3702373395816],[10.1379771700105,11.3604122246445],[10.1195404978957,11.3537088309978],[10.1158370483412,11.3461869481692],[10.1138142976918,11.3414591357306],[10.1282502934163,11.3198705808626],[10.1371865517181,11.318924691921],[10.157618632394,11.3122793234321],[10.160432495963,11.3105436363797],[10.1608299603345,11.3092987642266],[10.1592506294131,11.3072480797351],[10.1540564447492,11.2968933216695],[10.1476698867559,11.2872701333101],[10.1457911571362,11.2840889632351],[10.1415535489572,11.2731073057576],[10.1482261893872,11.2644632947453],[10.1471097835897,11.2637487761851],[10.1343111394476,11.2560920274252],[10.1389572808539,11.2463529587221],[10.1421107230315,11.244267902142],[10.143249405036,11.2434428551038],[10.1456776680899,11.2419733062231],[10.1456663869942,11.2409661797454],[10.1414898949428,11.2383827908332],[10.1396664115757,11.23703078874],[10.136514778834,11.2362195193154],[10.1331920158989,11.2368489530168],[10.1307819443313,11.2376182591753],[10.129812210765,11.2378560444209],[10.1199319790776,11.2373834183102],[10.1220545706619,11.2470095843249],[10.1156673246873,11.2500323271302],[10.1081769963714,11.2535771021016],[10.1029657884404,11.2577531157137],[10.0984321270411,11.2613861762311],[10.0929809638005,11.2652960516715]]]},"properties":{"FID":290,"globalid":"3f0a8add-c6e5-402a-bac0-e0e92d303007","uniq_id":28342,"timestamp":1565308800000,"editor":"nuraddeen.isah","lganame":"Shira","lgacode":"5016","statename":"Bauchi","statecode":"BA","source":"eHA_Polio","amapcode":"NIE BAS SHR","Shape__Area":0.10798949232076183,"Shape__Length":2.0654464675462179}},{"type":"Feature","id":291,"geometry":{"type":"Polygon","coordinates":[[[9.68121161702254,9.92996255532773],[9.68441424761949,9.91841448324186],[9.68337231557996,9.91438174062489],[9.6742834081528,9.89606334284906],[9.67318793857254,9.8958397911735],[9.67311114096645,9.89584351526605],[9.66931449376892,9.89454994302548],[9.66169320257927,9.88610268119385],[9.65725301311613,9.88549812363954],[9.65522603115647,9.88480734898002],[9.65119626079883,9.88164482095175],[9.63030666262244,9.90568270729113],[9.6301827450377,9.90577044694862],[9.63012456069998,9.90529760589982],[9.63016773085616,9.89329387880952],[9.62459331642845,9.8847844432475],[9.61399945201316,9.88647770118502],[9.60947652941837,9.88506038762682],[9.60825147562514,9.88420091094332],[9.60277357733878,9.89265905187381],[9.59602776177184,9.89035122962559],[9.59337597941794,9.88487904203419],[9.59348815005814,9.88382667785896],[9.58617696939166,9.8762107412328],[9.5861291659283,9.87622207718715],[9.57191061008666,9.86751242915534],[9.57175496711807,9.87388996874711],[9.56456949008992,9.8860904333269],[9.5646044350467,9.89070431155477],[9.56494942577541,9.89536133925446],[9.56637550412626,9.90519523337338],[9.56609028863596,9.91090812091312],[9.55385935412596,9.91112684322928],[9.54188538110549,9.90977631782283],[9.54335986096885,9.89808550714048],[9.53666095493918,9.89367284412651],[9.53589046976941,9.89354355758917],[9.52951693665733,9.89564132788502],[9.52899130630379,9.89581433316499],[9.52846212632613,9.89598850576499],[9.52019672629791,9.90103491293092],[9.50381947199111,9.89822847776207],[9.49453269213006,9.90240294813759],[9.49000754101525,9.90810886413283],[9.48370350301428,9.91070540113338],[9.46901000440823,9.90675663001451],[9.46366221014296,9.90478988284684],[9.44990055396744,9.90268264179053],[9.44181985130513,9.90102929036948],[9.43977142770927,9.89836664600398],[9.42665547666894,9.89046038034235],[9.4154607608055,9.8865969261073],[9.40773234237378,9.88443059689456],[9.39777738961487,9.88203096825464],[9.3864875560559,9.88021989103521],[9.37976189519537,9.87602892259673],[9.37706752274801,9.87357333903839],[9.37438092224181,9.87112483943986],[9.37056274437521,9.86764504768087],[9.36957879072867,9.86850886898918],[9.36736843340651,9.87044935685236],[9.36654810421169,9.87103968083665],[9.36464474216115,9.87176535278883],[9.35965293643392,9.87161002008639],[9.35556211919652,9.88432048570189],[9.35422190002072,9.88544479474155],[9.35275225940927,9.89113439523618],[9.34900496700567,9.90207588539386],[9.35500911437919,9.90622384195677],[9.36945113736016,9.91130214897504],[9.37094586186208,9.9142496787797],[9.37435621156993,9.94242643583141],[9.37175939218224,9.94464939715203],[9.37177889937675,9.94794411023253],[9.3687476435889,9.96186383484815],[9.36126401162488,9.9717644136968],[9.35924465681552,9.9789648041824],[9.35876929676567,9.97997136228861],[9.35848408127538,9.98135245025543],[9.35886436859579,9.98200787975992],[9.35919712135012,9.98280375728763],[9.35898320860827,9.9833889614315],[9.35867422493556,9.98397416107872],[9.35853161674078,9.98498070479576],[9.35848408127538,9.98608087783032],[9.35867422493556,9.98734490104641],[9.3585791531055,9.98830461886314],[9.35888813677815,9.98912388865659],[9.35898320860827,9.98975589531835],[9.35910204862068,9.99055175306103],[9.35912581680304,9.99148805433032],[9.35936349592862,9.992073241387],[9.35950610412345,9.99289250128794],[9.36000523235566,9.99354790830938],[9.36021914329888,9.99450760724034],[9.36045682332377,9.99516301156376],[9.36085968992279,9.99575521333247],[9.36119324487242,9.99604720521438],[9.36052099714635,9.9961777130311],[9.35926139589674,9.99693918069869],[9.35919009224898,9.99816805301327],[9.35940400409157,9.99883515122133],[9.35936835226767,9.99953735986134],[9.35879792128708,10.0001763668459],[9.35876226856391,10.0007732423913],[9.35894052768327,10.001264784842],[9.35883357311099,10.0017563272927],[9.35851270489746,10.0021074289148],[9.35837009670263,10.0023531992408],[9.35840574942586,10.0027745199282],[9.35883357311099,10.0026691904308],[9.35926139589674,10.0029500702896],[9.35919009224898,10.0037224890017],[9.35936835226767,10.0042140278551],[9.35979617505348,10.0046353458446],[9.35993878324831,10.0055130913561],[9.36018834691475,10.0060748447783],[9.36058051877598,10.0065663800345],[9.36093703791403,10.0066365999991],[9.36093703791403,10.0075845582808],[9.36104399428496,10.0084622947991],[9.36147181797008,10.0087782787946],[9.36189964075584,10.0092698095541],[9.36236311716419,10.0094102467855],[9.36261267993126,10.009726230781],[9.36186398893199,10.0106039610041],[9.3621492053216,10.0112710358297],[9.36261267993126,10.0116923439266],[9.36225616079321,10.0121838701895],[9.36268398357902,10.0126051782864],[9.36282659177385,10.0131669209167],[9.36232746534029,10.014185079378],[9.36222050896936,10.0148872529444],[9.36193529257974,10.0156947533102],[9.35516693280778,10.0139995546358],[9.35476714908469,10.0149362489088],[9.35455490098792,10.0156691244306],[9.35431505089895,10.0160974256557],[9.35428649742397,10.0171767497073],[9.35432456932347,10.0179693950716],[9.35414943984483,10.0187232086092],[9.35345336907778,10.0203069776849],[9.35216560465898,10.020950384153],[9.35102346296247,10.0214243727366],[9.34968144694125,10.0216813549106],[9.34869920560391,10.02166993442],[9.34785402094639,10.0218812292354],[9.34643159833962,10.0219955366647],[9.34637132217881,10.0253788482553],[9.34644262582657,10.027625725247],[9.34843913605732,10.027625725247],[9.35000782170368,10.0269937923297],[9.35114868456418,10.0265022876505],[9.35236085107249,10.0267831477241],[9.35385823397036,10.0273448660728],[9.3552843123212,10.0270640068985],[9.35726488566598,10.0266133521246],[9.35839392064298,10.0268317983488],[9.35936835226767,10.0272803927759],[9.35940400409157,10.028719791885],[9.35951095956318,10.0297730068189],[9.35943965591542,10.0308262181555],[9.35961791593411,10.0318092122254],[9.35921930942362,10.0335011067907],[9.36007210774164,10.0355620372583],[9.36028530732113,10.0389732323289],[9.3608538407322,10.0419580282405],[9.36194917811213,10.0449510709352],[9.36533103459959,10.0480697543157],[9.36639703339642,10.0527601468634],[9.36632596627038,10.0585165400063],[9.36732174330388,10.0622021658973],[9.36881329589693,10.0678973260008],[9.36960488096054,10.0767048409557],[9.37245946763039,10.0767337703473],[9.3780203733416,10.0767901263633],[9.37846370583543,10.0771100727717],[9.38457805703177,10.0879847549925],[9.38512637278393,10.0903716681181],[9.38117705397792,10.0942830274398],[9.38481579731126,10.1025684059073],[9.38947179168986,10.1168062692939],[9.39496314113609,10.122878550205],[9.39887600772164,10.129614109004],[9.41355581864616,10.1403649968472],[9.42189387220446,10.1466938480427],[9.42491078740295,10.1496915132528],[9.42762033590981,10.1503933918416],[9.43004466892637,10.1499020760201],[9.43225509099972,10.1482175612915],[9.43439420762661,10.1469541658022],[9.43750386990774,10.1477390536145],[9.4397707927879,10.1493080603188],[9.44074025655766,10.1481473719037],[9.44031243287253,10.1452696348858],[9.44316458957422,10.1435149028905],[9.44566022713781,10.1415495928395],[9.44772804101632,10.1402861739678],[9.44801325560729,10.137829511223],[9.44951063940454,10.1358641651991],[9.45150714783665,10.1340391916554],[9.45280643077223,10.1321158997291],[9.45414539269575,10.1309507506767],[9.45656972661163,10.1313719040901],[9.4576604432749,10.1315696919877],[9.45927927601781,10.1318632477907],[9.46255925640463,10.1322142082192],[9.4650548930689,10.1324949747633],[9.46740437011562,10.1307588317547],[9.47004616729686,10.1296170965518],[9.47093792964176,10.1281476960594],[9.471757461138,10.1258266816561],[9.47389657866421,10.1250545552236],[9.47567917705243,10.1244930068468],[9.47724786269873,10.1235804890484],[9.47860263740182,10.1239314566714],[9.48195392233572,10.1230189379737],[9.48473477359096,10.1209833081332],[9.48723041205392,10.1192986387213],[9.50400466218548,10.1180722341463],[9.50580396098405,10.117511580595],[9.50814028904313,10.1159663771467],[9.51220461225313,10.1151942273318],[9.51569850358311,10.1142114859713],[9.51826544479451,10.1131585471293],[9.52068977871039,10.1132287428123],[9.52511062105839,10.1117546226777],[9.52728219871454,10.1106862145972],[9.53637664056953,10.1110526586533],[9.53872966993839,10.110140102184],[9.54034589194941,10.1082915843892],[9.53823206066113,10.1050455390205],[9.5373986634176,10.1024885703912],[9.53891981359857,10.1004294097895],[9.54506319041394,10.0988503549599],[9.5480312832172,10.0998358302594],[9.54861714656408,10.0989318308394],[9.55008373757448,10.0978806492726],[9.55426487732228,10.0979042492817],[9.55473000308723,10.0947671019202],[9.55664779116267,10.0938933682843],[9.56306807373267,10.0907886252949],[9.56544487128383,10.0880741763822],[9.56573008677412,10.0856405137987],[9.56658573414438,10.082645212007],[9.56791673976579,10.0802115080547],[9.56972310633631,10.0777777870153],[9.57324076584871,10.0781522071587],[9.5762830671099,10.0764673129162],[9.57846972010157,10.0740335630985],[9.57913522381159,10.0708509388198],[9.57932536657245,10.0676682839642],[9.57932536657245,10.0654216848629],[9.59158459555272,10.0541199613672],[9.59390694275123,10.0537532133401],[9.59703761139667,10.053900521392],[9.5992429289181,10.0537906035536],[9.59981335989869,10.0513332798071],[9.60409159495117,10.0498588763861],[9.60544636875494,10.0485950959869],[9.60523245781172,10.046699417744],[9.60508984961689,10.0446633058669],[9.60655567080761,10.0427661716216],[9.61280287075596,10.03950649343],[9.6157854381475,10.0367293680659],[9.61942805036426,10.0343388261759],[9.61860435590637,10.0328600691369],[9.613065239869,10.0307533272043],[9.60957842890144,10.0286863856682],[9.60555678301915,10.028588537631],[9.60280812389584,10.0246525593682],[9.60152465373983,10.0223354444253],[9.59852988884336,10.0186139859467],[9.59532121300361,10.0151031343023],[9.5897595068958,10.0092750391118],[9.58754908572178,10.0082217576281],[9.58332602407683,10.0059591586883],[9.57532513804472,9.98914291921039],[9.575795919646,9.98638862493516],[9.59745340125352,9.98602669457637],[9.59924119232721,9.98507572716312],[9.60512029166819,9.98568194126864],[9.60671030743481,9.98163721428608],[9.61495180168436,9.98064594105739],[9.62270411510286,9.97440061709483],[9.62272472576552,9.97437323993313],[9.63648781006441,9.95609230881303],[9.63435667042404,9.9481801732764],[9.63254978674331,9.93675453309527],[9.63468006843044,9.93012744872283],[9.64207764156993,9.9297814345656],[9.64958171782206,9.92701214139726],[9.66606627833613,9.92659792355539],[9.68121161702254,9.92996255532773]]]},"properties":{"FID":291,"globalid":"a39fa2f7-0835-4932-b7fe-a07537f63d39","uniq_id":28346,"timestamp":1565308800000,"editor":"nuraddeen.isah","lganame":"Dass","lgacode":"5006","statename":"Bauchi","statecode":"BA","source":"eHA_Polio","amapcode":"NIE BAS DAS","Shape__Area":0.056018876995963751,"Shape__Length":1.3190371256786224}},{"type":"Feature","id":302,"geometry":{"type":"Polygon","coordinates":[[[10.7907392313305,10.435145830216],[10.7926048245531,10.4406562596787],[10.8004340111208,10.4506633479352],[10.8102564262931,10.4477737299737],[10.8135115278348,10.4377343083917],[10.8041358329024,10.4244696193775],[10.8354034420153,10.3995513920831],[10.8350725166833,10.3951025007798],[10.8348421382541,10.3920043462236],[10.8340339660947,10.3811359412707],[10.834029769858,10.3807372790023],[10.833864211864,10.3650083540523],[10.8282581143206,10.350982801715],[10.8221904883005,10.3430116076996],[10.8234397050784,10.3311143027829],[10.8222499748565,10.3207636474244],[10.8191895621486,10.3129516891692],[10.8220888532181,10.3097807147083],[10.8301195337895,10.3034156568071],[10.8473091573917,10.2864015188151],[10.8558752160684,10.2765505510671],[10.8628708318235,10.2682700271401],[10.8552809674428,10.240824782238],[10.8345076327211,10.2444940620514],[10.776024893634,10.238761018906],[10.7756600081029,10.2379350752436],[10.7573474667122,10.2356910059352],[10.7355139383176,10.2403402077344],[10.7328737077555,10.244300209587],[10.7323898050455,10.2446020202671],[10.7271432537582,10.2520187552614],[10.7208664706112,10.2543590142571],[10.7030597448114,10.2711948148889],[10.690549846898,10.2638432663537],[10.687965023567,10.2642040410837],[10.68300326329,10.2643656123831],[10.6799583980617,10.262898047407],[10.6764854195665,10.2563964679227],[10.666373583674,10.2533533896473],[10.6655075967982,10.2514963498767],[10.6658827130169,10.2408284128011],[10.6543507432922,10.2334488476862],[10.652020748259,10.2335807908209],[10.6490471938729,10.2331074497491],[10.6425130076692,10.2181277526937],[10.6414645159747,10.2154298414141],[10.6377223973708,10.2137428193757],[10.6298641707949,10.2232235128549],[10.6282473624259,10.2264257009854],[10.6272491068609,10.2286010000362],[10.6239691273734,10.2315481557229],[10.6210134029462,10.2341307838087],[10.6166961274244,10.235617991777],[10.6112770286121,10.2375827217652],[10.6089240001426,10.2386352514158],[10.6089240001426,10.239898280881],[10.6080683527723,10.2413016405583],[10.6057866279506,10.2425646610303],[10.6040040295624,10.2452310177973],[10.6018649120361,10.2453011856013],[10.5993692753718,10.2465641889862],[10.5958040785954,10.2467746897002],[10.5942353929491,10.2482481866046],[10.5923814909131,10.249511177399],[10.5896719424063,10.2515459870577],[10.5858928337873,10.2532299567971],[10.5809015595594,10.2547735891299],[10.5762756681876,10.2548884325552],[10.5660657630246,10.253048997913],[10.5594182217736,10.2553206224488],[10.5520592151607,10.2554922967321],[10.5327152260269,10.250845669692],[10.5250230556695,10.2511016041557],[10.5187483112856,10.2515927643946],[10.5131153024293,10.2534872303514],[10.506419505356,10.2544793075741],[10.5037744877025,10.255171189299],[10.4979988706514,10.2558728367621],[10.493791940146,10.2570656345714],[10.4894168903772,10.2581993343318],[10.4843310722213,10.2593272037874],[10.4791746366002,10.2608544882441],[10.4733277150021,10.2616964497314],[10.4671417606838,10.2635974186859],[10.4545842922313,10.2666826868565],[10.4510785163605,10.2670919674204],[10.449206787963,10.2675597138098],[10.4476321595965,10.2677643527427],[10.4456415920858,10.2674427776621],[10.4442452237381,10.2672089035681],[10.4430568254122,10.2673843100379],[10.4410068378953,10.2690506539645],[10.4383329412123,10.2700446107702],[10.4356293336269,10.2702200136428],[10.4327474669221,10.2712139668511],[10.4308163194177,10.2723540859723],[10.4285286518758,10.2726464231939],[10.4277264826911,10.2720617478514],[10.4261221452209,10.2722663840864],[10.4241315768109,10.2723833193348],[10.4227352093625,10.2732603309995],[10.4206555109431,10.274868179423],[10.4190511725736,10.2763298520411],[10.4177439342352,10.277119151028],[10.4163603956158,10.2793920139304],[10.4159244960187,10.2786416178164],[10.4155109328833,10.2782627559215],[10.4154681512342,10.2779540528373],[10.4154155148142,10.2768993261431],[10.4150260669994,10.2761860225669],[10.4144698956692,10.2761158619575],[10.4139707692357,10.2763263437858],[10.4132862511596,10.2765368229161],[10.4129012100229,10.2767473029458],[10.4120598241017,10.2768876232652],[10.4117033040643,10.2772103593707],[10.4112041767314,10.2774208394003],[10.410861918143,10.277575190043],[10.4103822197637,10.2774601100961],[10.4096354901858,10.2772384227151],[10.409193405951,10.2773085833245],[10.4084661062259,10.2775190615555],[10.407909935795,10.2777576067282],[10.406982984777,10.2778838931272],[10.4060702943087,10.2778558297828],[10.4053572551333,10.2777576067282],[10.4050007359952,10.2779821170811],[10.4047155196056,10.2782627559215],[10.4043732610172,10.2783890432198],[10.4037600483876,10.2781645319676],[10.4033322238031,10.2778417976609],[10.4026334460767,10.2776453506524],[10.4021200572948,10.2775330936774],[10.4018491023542,10.2772384227151],[10.4012644099246,10.2770139105636],[10.4005656321982,10.2769156866097],[10.4001235479634,10.2771963272488],[10.3999524177699,10.2776032542868],[10.399709984828,10.2781364686232],[10.3995103344344,10.2785574268838],[10.3989742467641,10.2788015316654],[10.3982696459275,10.2787398417703],[10.3977705176953,10.2785574268838],[10.3972098263724,10.2784431176558],[10.3967437419302,10.2782487237996],[10.3964023637781,10.2778406807029],[10.396201832049,10.2776874470181],[10.3956456616181,10.2775892221649],[10.3952178379329,10.2769577829753],[10.3947187106,10.2766911753575],[10.3937632375834,10.2764947265504],[10.3931785460531,10.2767613350676],[10.3911563673725,10.2773296310577],[10.389445072632,10.2776102698981],[10.3874485633006,10.2766981909688],[10.3850955339318,10.277750591117],[10.3824572890727,10.2778909087385],[10.3803894751942,10.277119151028],[10.3781790540202,10.2760667499806],[10.3747263651297,10.2749430398894],[10.3732543296236,10.275363978365],[10.3721847713102,10.275363978365],[10.3718282512728,10.275890179788],[10.3711449221005,10.2760363466002],[10.3706992729531,10.2767087148354],[10.3700159437809,10.2772641478222],[10.3693920337154,10.2772056819967],[10.3689760945712,10.2776441824331],[10.368322475402,10.2778488141715],[10.3674014671041,10.2779365133595],[10.3664804579068,10.2777318816211],[10.365648578719,10.2778780466346],[10.3650840886598,10.2781996118227],[10.3644304703899,10.2793104724004],[10.3639432257993,10.2802361859513],[10.3628023638381,10.2807974600348],[10.3618991810025,10.2815925947225],[10.3605681735824,10.281873230865],[10.3594430668441,10.2819602537627],[10.3588164750004,10.2824894589214],[10.3585193749692,10.282466072951],[10.3581985067557,10.2823491421992],[10.3578301039761,10.2822322114474],[10.3573428602848,10.2822789833884],[10.3569388047821,10.2823023693589],[10.3566417047509,10.282547924747],[10.3562851856129,10.2824894589214],[10.3559524337579,10.2823140623441],[10.355584030079,10.2820217341158],[10.3552869309472,10.2818229497694],[10.3549066427274,10.2816124742363],[10.3543837481116,10.2815306224403],[10.3539796917095,10.2816007812511],[10.3534092607288,10.2817177120028],[10.3528269461067,10.2815540084108],[10.3522683978683,10.2814370758604],[10.3516979668877,10.2812382924133],[10.3513295632088,10.2810862809072],[10.3511156522656,10.2807471798385],[10.3508066676936,10.2803729971162],[10.3507115958635,10.2800806661899],[10.3508185522344,10.2798584949736],[10.350825225204,10.2795610828777],[10.3505808722095,10.2792504480498],[10.3501411648829,10.2792036752095],[10.3497252248393,10.279145209384],[10.349309285695,10.27922706118],[10.3486675501674,10.2790984356444],[10.3481208873691,10.279145209384],[10.3477881346147,10.2792855279048],[10.3473840800114,10.27922706118],[10.3468619408259,10.2792169797798],[10.3464167836077,10.2791949320006],[10.3454469897868,10.2788645696442],[10.3450667033657,10.2785605448333],[10.3449003269885,10.2787242511233],[10.3447458351522,10.2788294897892],[10.3444725033035,10.2787710239637],[10.34424670692,10.2785956246884],[10.3439377241467,10.2785488509488],[10.3433316413422,10.2782799059929],[10.3429988885879,10.2779992671525],[10.3426899049152,10.2780694268626],[10.3422977339533,10.2781045067177],[10.342036285746,10.2778589477323],[10.3416322302433,10.2778355608625],[10.3413588992938,10.2780343470076],[10.3407528146907,10.277975881182],[10.3401942682509,10.2779875741672],[10.3396594890942,10.2780577338773],[10.3393267372392,10.2782799059929],[10.3389107980949,10.278385145558],[10.33867311807,10.2785605448333],[10.3382690616679,10.2786891712683],[10.3377937034167,10.2787125572387],[10.3372826906437,10.2788061029194],[10.3365102323614,10.2787827169489],[10.3360111050285,10.2788294897892],[10.3356664686327,10.2788879556147],[10.3353574858593,10.27906335489],[10.3350841540105,10.2791218216148],[10.3346444457846,10.2789113433838],[10.3342180160486,10.2787287864044],[10.3338579203068,10.2783470152027],[10.3335630038296,10.2780343470076],[10.3330282237736,10.2780226540223],[10.3327311246417,10.2782097462828],[10.3319943181833,10.2780694268626],[10.3314120017625,10.2780109610371],[10.3308415707819,10.2780811198479],[10.3303424434491,10.2783149858479],[10.329985924311,10.2784903851232],[10.3295105642612,10.2786891712683],[10.3291778133055,10.2789464223396],[10.3290114369283,10.2793673788016],[10.3287024532557,10.2796830965977],[10.3281082540927,10.2798701879589],[10.3274546349235,10.2800105073791],[10.3269792748737,10.2799286537844],[10.3263969602515,10.2798000291481],[10.3259929038495,10.2796830965977],[10.3256007328876,10.2793907656713],[10.3251610246616,10.2790165820497],[10.324566826398,10.2786657843985],[10.3239250908703,10.278513771993],[10.3232833553426,10.2785020781085],[10.3224673060214,10.2784413576825],[10.3219048133565,10.2785488509488],[10.3213819178413,10.2786190106589],[10.320938597938,10.278527000121],[10.3205695107744,10.2783743581901],[10.3204035040185,10.2781679691765],[10.3203242431694,10.2780694268626],[10.320215302894,10.2775818279391],[10.3200723016954,10.2772658628294],[10.3196398590923,10.2770900597585],[10.3191596121264,10.2768542584174],[10.3186652377106,10.2767981299298],[10.3182469216582,10.2765174901901],[10.3179997348999,10.2760684649877],[10.3179046630698,10.2754884742138],[10.3177767767769,10.27483299075],[10.3178286056057,10.2745342917243],[10.3174223350728,10.2741515798316],[10.3167447858432,10.2740478457316],[10.3162504123267,10.2741601018073],[10.3156609669801,10.2742349397907],[10.3153586742635,10.2739473689759],[10.3149003923393,10.2738233308821],[10.3143870026581,10.2739542982523],[10.3141398158998,10.2737297843021],[10.314291930828,10.27343043057],[10.3144250322895,10.2730562397537],[10.3147482756125,10.2727007593326],[10.314881377074,10.2721768898516],[10.3146912334137,10.2716530203706],[10.3143870026581,10.2712601182599],[10.3139686866057,10.2708485048547],[10.3135657003968,10.270546189655],[10.3131473843443,10.2706584484287],[10.3126720242946,10.2709952220519],[10.3122112548456,10.2713197783851],[10.3118924352877,10.2715565123232],[10.3114551039699,10.2719494153333],[10.310542414401,10.2722300586703],[10.3097818388608,10.2725107029067],[10.3092684509783,10.2726977987645],[10.3087360478304,10.2727539281513],[10.3084318179741,10.2725107029067],[10.3082606886799,10.2721178007959],[10.3080895593857,10.2716313512059],[10.3076902568,10.2711261903215],[10.3069296821591,10.270546189655],[10.3059219198607,10.2701907047373],[10.3048381000983,10.2697229619452],[10.303840924619,10.2692869993955],[10.3029218552595,10.2688077812542],[10.3018148141024,10.2685442448211],[10.3015295986121,10.2688623134451],[10.3015105842461,10.2694423150109],[10.3016056560762,10.2698539302148],[10.3012253687558,10.2700036079802],[10.3007309952393,10.2698726397106],[10.3005028219477,10.2703778032931],[10.3002936639215,10.2707707063031],[10.299818304771,10.2710326419429],[10.2991337866949,10.2711448998173],[10.2985633557144,10.2709952220519],[10.2982730347728,10.2709459688814],[10.2980119390998,10.2709016736733],[10.2972323491936,10.270621029437],[10.2965288167516,10.270508769764],[10.2958442995748,10.2703029644103],[10.2953689404243,10.2702655454186],[10.2950647096687,10.2706397380335],[10.2949125947405,10.2712945766834],[10.2947985094437,10.2720616723084],[10.2946654079822,10.2726042512852],[10.294399206858,10.272791347143],[10.2938353418276,10.2729479173126],[10.292921829379,10.2732277089916],[10.2923896798399,10.2738301522398],[10.2919473419963,10.2744905999613],[10.2911574908256,10.2745821095767],[10.2900870511765,10.2743032639845],[10.2888575061691,10.2747478564285],[10.2889288098168,10.2753442193603],[10.2888558846914,10.2759866878354],[10.288367663437,10.276284629632],[10.2876453387614,10.2762563027862],[10.2874658601614,10.2768349607649],[10.2876453387614,10.2776244234284],[10.2868966477621,10.2785715777162],[10.286112304939,10.2787469769914],[10.2851497020971,10.279132855397],[10.2845792711165,10.2794836521489],[10.2840580834139,10.2789145728493],[10.2837949282933,10.2783610985859],[10.2832244964134,10.2780103000354],[10.2831531918663,10.2787469769914],[10.2830105845709,10.2795538109597],[10.2817984180626,10.2791679352521],[10.281085973339,10.2795230766287],[10.2799516458518,10.2801080703312],[10.2786886883324,10.2814637191753],[10.2773179533609,10.2828103801949],[10.2705950759021,10.2930523111153],[10.2703458809577,10.3037564548965],[10.2653232024039,10.3082669398675],[10.2611400391815,10.3077057152466],[10.2550554375584,10.3063026487483],[10.2456433200832,10.3121019476468],[10.2344248378361,10.3142532743692],[10.2215901326786,10.3131308458119],[10.2187182988105,10.3114826699893],[10.2177069707002,10.3123665893467],[10.2172791470151,10.3140502353302],[10.2154965486268,10.3150323570577],[10.214640902156,10.3146114491591],[10.2131618618305,10.3135578340269],[10.2122165691394,10.3148920538252],[10.2110044026311,10.3166458379351],[10.2109330989834,10.3190309686044],[10.2114322263162,10.3205742780805],[10.2113609217692,10.323520575814],[10.2107955188981,10.3253902528579],[10.2155678531739,10.3349547559573],[10.2144180393611,10.3456146009331],[10.214673672552,10.352240295853],[10.2134717781001,10.3585793471592],[10.2202273908814,10.3647555977927],[10.230346102091,10.3699124677862],[10.2367451165939,10.3765492090788],[10.2331086170691,10.3798456668441],[10.2286877738218,10.3828615442249],[10.2266912653897,10.3976599631368],[10.2261919617897,10.41113826362],[10.228259951036,10.4186290326038],[10.2260062553844,10.4216400824239],[10.2271585890977,10.4286542457968],[10.2378146758067,10.4323738786516],[10.2419551796879,10.4417332697746],[10.2421031712244,10.4418531458061],[10.2425223821023,10.4417076184119],[10.2469023961287,10.440187104951],[10.2505881497234,10.4385660086144],[10.2574204081254,10.4436459119294],[10.2618668119039,10.4469518908172],[10.2692551517039,10.4524452493488],[10.2717536742927,10.4626996403762],[10.293503166438,10.4674520348835],[10.2937924126898,10.4842791327758],[10.3227661651265,10.4907391455951],[10.3254966138777,10.4993350743542],[10.3197088164088,10.5055798758107],[10.3142090016441,10.5074756646702],[10.3051293239592,10.5135179936605],[10.3030132371712,10.5157406168361],[10.3022544971474,10.5219652797739],[10.3063713362682,10.5324122111547],[10.3047896329352,10.5365290457789],[10.3102454186912,10.5454873221822],[10.3154770070583,10.5490754022081],[10.3280160600931,10.5569008457974],[10.3367206944046,10.5560546619931],[10.3409495234018,10.5664079766469],[10.343344748961,10.5735092636417],[10.3442142746691,10.5858014051108],[10.346135767052,10.5913683587628],[10.3567697007611,10.5954025762679],[10.3731364752682,10.5878794316905],[10.3832369698104,10.5990724199563],[10.3947215461625,10.6053387286994],[10.4025824284363,10.6029897237968],[10.4265431628368,10.6151402346342],[10.4273385889048,10.614980900848],[10.4300450968038,10.6145794425872],[10.4395790130611,10.6105820766016],[10.4538537081821,10.6078369599078],[10.4568010248475,10.6066640560014],[10.4669767296924,10.6069687508073],[10.4690564281117,10.6135392003739],[10.4695020772591,10.6183574396442],[10.4712872602989,10.6250792460104],[10.474552770594,10.6314977083526],[10.4763353689821,10.6347096874022],[10.4819802632786,10.6399655808469],[10.4867338565822,10.6453673767031],[10.4888135550016,10.6510610583213],[10.4891106550327,10.6574845721553],[10.4874589781494,10.6608562770955],[10.4881125982179,10.6623745251642],[10.4890633174182,10.6638927660384],[10.4899199432508,10.6640706150669],[10.4911151251629,10.663968755154],[10.4919748932268,10.665819753279],[10.4922125732517,10.6676883358481],[10.4923314132641,10.6690897628823],[10.4913806940638,10.6703744012577],[10.4912024340451,10.6720093858245],[10.4896092130948,10.672816837627],[10.4885285373622,10.6730604432849],[10.4876966581743,10.6742282804109],[10.4877560781805,10.6760968099199],[10.4883502773435,10.6779069365559],[10.4894792556632,10.6796002736338],[10.4906082348822,10.6800090074098],[10.4914995340763,10.6820526726927],[10.4907270748947,10.6833372553101],[10.4914995340763,10.6847386121972],[10.4910241740264,10.6861399618898],[10.490311134851,10.6873661380369],[10.4912024340451,10.6883587539534],[10.4942811083865,10.6883279782537],[10.4972257081999,10.6870152549501],[10.5253033482709,10.6627447526682],[10.528571757081,10.6496711156295],[10.5379503945951,10.6493983683401],[10.5625778162133,10.6422599852102],[10.5694782531189,10.6278642458383],[10.5661470077782,10.6181084560405],[10.5581912209481,10.6006146682324],[10.5699730394243,10.586753707118],[10.5933559333297,10.5713734502246],[10.6123916213763,10.5566207924157],[10.661892961591,10.4913926973152],[10.6655236703811,10.4908899798887],[10.6696182602745,10.4930552730825],[10.6748321221048,10.493302753919],[10.6817920446672,10.4932313702316],[10.6894301154076,10.4930529096641],[10.7014440129309,10.4874064487487],[10.7054472128187,10.4803828379976],[10.7215617346864,10.4900903126179],[10.7301849021116,10.4874062805754],[10.742491495686,10.473596098781],[10.7907392313305,10.435145830216]]]},"properties":{"FID":302,"globalid":"bc79a987-c4e5-43fb-ad48-5a5432688270","uniq_id":28354,"timestamp":1565308800000,"editor":"nuraddeen.isah","lganame":"Kirfi","lgacode":"5013","statename":"Bauchi","statecode":"BA","source":"eHA_Polio","amapcode":"NIE BAS KRF","Shape__Area":0.17062124963491243,"Shape__Length":2.1295518048137616}},{"type":"Feature","id":306,"geometry":{"type":"Polygon","coordinates":[[[10.4596304233054,11.9065697567889],[10.4674732193137,11.90234955229],[10.4696664112759,11.8999088282299],[10.4739392485975,11.8951537420516],[10.449780772165,11.8687783468433],[10.4352152111131,11.8769956781081],[10.4074317752563,11.8717999070401],[10.4079056658139,11.866412688295],[10.4083306692251,11.8658843851563],[10.3674376917961,11.8564725257865],[10.3603885456949,11.8403188447389],[10.3653320659221,11.8384612410935],[10.3703455327202,11.8379680780644],[10.3827819191503,11.8322072107942],[10.3905780709213,11.8244916301846],[10.390621359788,11.814451112329],[10.3906987527453,11.7965003061443],[10.3894188519985,11.7946330383841],[10.388944182628,11.7923246729454],[10.384147220418,11.785477060418],[10.358567146057,11.7824068226168],[10.3584992238601,11.7821643878763],[10.3504635979168,11.7735074266265],[10.3470245571377,11.7719323360085],[10.3427511379547,11.7699750991715],[10.3402230285699,11.7665571340046],[10.3353695358754,11.7599952873527],[10.3312523891865,11.7597598178614],[10.3305938030616,11.7592102259712],[10.3219702866994,11.7612123012068],[10.3073404708861,11.7522038372373],[10.3050750678601,11.7561026788956],[10.3043090163481,11.7574210832165],[10.2738725912471,11.7504401560884],[10.2739829929208,11.7488209771064],[10.2740443743484,11.7470102973874],[10.2732727020736,11.7467820161772],[10.2463661897479,11.7388223658596],[10.2441509401139,11.7500826836689],[10.2439685360192,11.7510098622154],[10.2408270071607,11.7518000497325],[10.2360459188841,11.7530026357631],[10.2353092536192,11.7546508889274],[10.2315798046643,11.762995349256],[10.2263900356717,11.7641958983221],[10.2158127817345,11.7786418072736],[10.2101180533056,11.7774407348021],[10.2071093093472,11.7759254616907],[10.2033302016276,11.7741803749244],[10.1981250155571,11.7720164540961],[10.1922479657711,11.7707184176209],[10.1864311732601,11.7694336857161],[10.170343031206,11.7672401358237],[10.1696719490013,11.7669430214034],[10.1526842321916,11.7613522276233],[10.1398448991229,11.7569228174341],[10.1336399232439,11.7612453198157],[10.1342103542245,11.7643168058759],[10.1341390496775,11.7674580649378],[10.1337112268916,11.7703898736938],[10.1325703640311,11.7733914563507],[10.1315008048184,11.7763232021541],[10.1307164619952,11.7805113557146],[10.1292190799966,11.7840014348184],[10.1272938743129,11.7876310716167],[10.1216665626618,11.8032015144384],[10.1193490178429,11.8108496611829],[10.1187479811344,11.8108206436578],[10.1115551107798,11.8104733866375],[10.0915785628005,11.8097826731319],[10.082714634273,11.797701284187],[10.0825683208714,11.7974104065651],[10.0808552166949,11.78809850774],[10.0762525709994,11.7837992843096],[10.0754124153507,11.7835474147814],[10.0738453053166,11.7832249790496],[10.0667033491803,11.7825046625602],[10.0552268829144,11.7768354721794],[10.0544328669833,11.7755514111687],[10.020577523434,11.7791842189766],[10.0155480801798,11.7748635530106],[10.0067539300499,11.7730602917991],[10.0020003358468,11.7698027548932],[9.99795977991994,11.7696864140968],[9.99344386574188,11.7688720231254],[9.98970040984608,11.7652072372243],[9.98863085063329,11.7604371242739],[9.98643231400013,11.7579938641256],[9.98155987888538,11.7537471925789],[9.97983670140269,11.7478715529299],[9.9746455591453,11.7473612623124],[9.96073516589524,11.7503441147891],[9.96070558809248,11.750344999722],[9.9536952171606,11.7514520049061],[9.95339233718664,11.7521252176048],[9.95294039188565,11.7534222387454],[9.95126055093374,11.7582431525994],[9.9476539538669,11.764591897698],[9.94639695525535,11.7654287852103],[9.94799677633023,11.7682005110448],[9.94723397496801,11.7683573123401],[9.93976140286651,11.7695970079956],[9.935347850423,11.7700242669064],[9.93098797131785,11.7605239951863],[9.93081805430978,11.7541504054169],[9.92484836086322,11.7497227273221],[9.92176599840218,11.7481911288176],[9.91253790290193,11.7404003172209],[9.91220380476182,11.7386783852993],[9.91154440025394,11.7382470848352],[9.9070378830919,11.7372953233206],[9.90280923935495,11.7407582725763],[9.90005325885085,11.7402505378321],[9.89524345612062,11.7393644286255],[9.89479491475356,11.739358495798],[9.88819782187204,11.736895292284],[9.88664165029195,11.7387938573507],[9.8743983420099,11.7351094131689],[9.87422494732351,11.734403775414],[9.8716851395576,11.7331391793297],[9.8639135581642,11.7298524126588],[9.86159068935888,11.7309099551304],[9.84604182936698,11.7262382100254],[9.84172298812547,11.7282654869627],[9.83453817119971,11.72614685959],[9.83225412612705,11.7213918957195],[9.82046241600773,11.7121944293295],[9.82701823630259,11.7027995230796],[9.82702403962776,11.7027191012056],[9.82777764362339,11.6922764649869],[9.80198206112328,11.6914724566886],[9.79828034276363,11.6982438183975],[9.78425433626865,11.7239008666318],[9.78482485268484,11.727239502601],[9.77956752122418,11.7365050503678],[9.75974458194696,11.7320230406308],[9.75124131843216,11.7302708591129],[9.74436777755096,11.7288544943395],[9.73486874509655,11.726897110913],[9.71255587265546,11.7208666053097],[9.70372517227895,11.7207271798155],[9.69239169372173,11.7221629186838],[9.6849043916244,11.7253406794289],[9.68084976760275,11.7256022679304],[9.67156277730038,11.7262014277537],[9.66443128567533,11.7268066840813],[9.66124543372985,11.727077069751],[9.65825207357437,11.7278982577984],[9.64386323200262,11.7318456421627],[9.64375643661032,11.7318749402763],[9.64038945490944,11.7327986222587],[9.63973510728943,11.7329781332343],[9.63711663222682,11.7348540560699],[9.63200976813636,11.7385127256818],[9.63211483683028,11.739724394865],[9.63207680809825,11.7404690587002],[9.6323049795912,11.7407669249537],[9.6328183692724,11.7405993767599],[9.63392120340086,11.7406366095919],[9.6346247349436,11.7411020231399],[9.63424444672387,11.7415115860909],[9.63365500137724,11.7418280674114],[9.6328183692724,11.7418653002434],[9.63203877936621,11.7419583818739],[9.63156342021574,11.7422748622951],[9.63065072884808,11.7423865607912],[9.63002325476947,11.7420886990343],[9.62981409674325,11.741716368016],[9.63015635623088,11.7413254210314],[9.63091693087171,11.7411578719383],[9.63116411762996,11.7407669249537],[9.63087890213967,11.7400967276819],[9.63066988710568,11.7394726386514],[9.62996621167139,11.7391286632572],[9.62912957866718,11.7390355789288],[9.62852566592682,11.739175560204],[9.62802674543798,11.7394265286114],[9.62772251468238,11.7398919448574],[9.62796970233995,11.7403759770697],[9.6276722767542,11.7407215748408],[9.62699996877359,11.7411392559719],[9.62629643723085,11.7411578719383],[9.62574501971693,11.7408600065841],[9.62532670366448,11.7410461734422],[9.62462317212174,11.7414185035611],[9.62407175460783,11.7411020231399],[9.62338723743113,11.7411764888039],[9.62289286301524,11.7416419023519],[9.62304497794344,11.7420328493366],[9.62361540982334,11.7422562463287],[9.62365343765606,11.7426844243467],[9.62357738109131,11.7434104641217],[9.62334920779978,11.7439689548034],[9.62287384864925,11.7443040493924],[9.62179002888678,11.7448811551412],[9.62087733931781,11.7452720958306],[9.6197043661636,11.7453480849462],[9.61914703111063,11.7454768750578],[9.61895688655113,11.7459236654449],[9.61931816040482,11.7463518371676],[9.61960337589511,11.7469103233528],[9.61948928879968,11.7473571101426],[9.61935911193353,11.7479093946029],[9.61926111730679,11.7483251457889],[9.61912801584532,11.7493117947036],[9.61965566517688,11.7508604092805],[9.61973172264095,11.7516888143873],[9.61995038829986,11.7523124438642],[9.61996940266584,11.7527871456103],[9.62004546012992,11.7532804633228],[9.62005496686328,11.7536807003041],[9.62034018325289,11.7539413211351],[9.62059687674451,11.754267094251],[9.62089159986749,11.7544532503173],[9.62113878662575,11.7543694802674],[9.62146203084808,11.7542391703015],[9.62166643595731,11.7538947821186],[9.62184707198486,11.7533595793811],[9.62217982383987,11.7530663824077],[9.62246979314648,11.7529407264335],[9.62280729791854,11.752884877635],[9.62304973175975,11.7529174555762],[9.62315431122255,11.7529826105591],[9.6232398763193,11.7531387121819],[9.62310677485783,11.7534179471806],[9.6230687461258,11.7538088779774],[9.62321135432057,11.7540229570939],[9.6235821340083,11.754255653076],[9.62420010225298,11.754637274091],[9.62450433210927,11.7550188942067],[9.62468496813682,11.7553632832889],[9.62475151886753,11.7556890546063],[9.62475151886753,11.7560427498731],[9.6247420112349,11.7564243681901],[9.62486560506369,11.7566756774406],[9.62515082055398,11.7569456026575],[9.62547406477631,11.7571317560258],[9.62574026590062,11.7573644502093],[9.62596843919215,11.7574109883265],[9.62612055412035,11.7572806801593],[9.6261490752197,11.7570479868751],[9.62608490229644,11.7567454864151],[9.62614136713046,11.756586275836],[9.62634644763051,11.7560080288475],[9.6265555076306,11.7557739883789],[9.62692063957593,11.7557780011539],[9.62739689355186,11.7565593312482],[9.6278912679677,11.7576204116527],[9.62811944035991,11.7584022597565],[9.62781520960431,11.7586070281918],[9.62720674989163,11.7583650287231],[9.62666855870708,11.7583078030627],[9.62619898759323,11.7585325661251],[9.62602785919842,11.758960718962],[9.62557151441393,11.7592957946653],[9.62540038422043,11.7598914849041],[9.62549545605049,11.7608222463496],[9.62578067244016,11.7613807019579],[9.62604687266509,11.7613620877902],[9.62629406032266,11.7607105550481],[9.62665080968719,11.76002025613],[9.62718773642496,11.7597425625693],[9.62791028233369,11.7594074868661],[9.6287557089089,11.7592741551782],[9.62895536020176,11.7594975377812],[9.62885553365601,11.7599722278361],[9.62881275200692,11.7606284163684],[9.628869795105,11.7609355663234],[9.62911222894627,11.7612566800518],[9.62963987827783,11.7614800608562],[9.63009622306231,11.7619128631881],[9.63029587435517,11.762638852601],[9.63035291655393,11.7632950330394],[9.63038143765328,11.7638255611008],[9.6306523925939,11.7640629029806],[9.63092334843384,11.764118749081],[9.63165064815894,11.7638814063019],[9.63202142784667,11.7639651736539],[9.63222107913953,11.764202516433],[9.63334768055108,11.7653333734365],[9.63416054627226,11.7661221777963],[9.63473097725284,11.7667155262006],[9.63512314911407,11.7673437745956],[9.635201582587,11.7678533538493],[9.63498767074447,11.7683350100527],[9.63462402088192,11.7690051380767],[9.63437445811479,11.7698776989967],[9.63445289158773,11.7701778603201],[9.63461689105674,11.7702825656879],[9.63484506434827,11.7702965267633],[9.63509765243475,11.7701827607259],[9.63536558205601,11.7700242902888],[9.63567931864571,11.7699195813237],[9.63600018685918,11.7699824070625],[9.6363210550727,11.770128996556],[9.63669896638424,11.7704500967946],[9.63699131169972,11.7707991200834],[9.63794678381709,11.7717205366735],[9.63846730332347,11.7720486165505],[9.63883808301119,11.7722301078333],[9.6393514708937,11.7723487751759],[9.63982920785173,11.7724115991161],[9.64005738024395,11.7725232850216],[9.64013938042814,11.7727340942031],[9.63996825023463,11.77299935014],[9.63974007784236,11.7734600539384],[9.63971155584369,11.7739067975607],[9.63992546768623,11.7742139349252],[9.640324770272,11.7744931501388],[9.64075259305775,11.7747165201513],[9.64130876438804,11.7748002848053],[9.64193623756734,11.7746327563966],[9.64257797399438,11.7747444423022],[9.64307710132721,11.7750096946418],[9.6433623168175,11.7754983187924],[9.64341935991558,11.7760427854462],[9.64316266642396,11.7765314059997],[9.64274910328851,11.7767826963644],[9.642235715406,11.7772573558423],[9.64163676242669,11.7775086480058],[9.6410092874487,11.7775644887103],[9.64069554995973,11.7778716206788],[9.64073833160876,11.7782066738989],[9.64135154603707,11.778737173182],[9.64197902101506,11.7788348971129],[9.64279188493759,11.7790582644274],[9.64360474975945,11.7792676706665],[9.64431778893487,11.7793374742451],[9.64467430897224,11.7795329203081],[9.64495952356322,11.7797423274465],[9.64540160869734,11.7797004460188],[9.64567256363796,11.7795329203081],[9.64644264591141,11.7792257901381],[9.64677064395011,11.7789884626475],[9.6467849053991,11.7786673714021],[9.64685620904686,11.7781089499681],[9.64721272818491,11.7777040940687],[9.64758350877196,11.7774946869303],[9.64803985355644,11.7775086480058],[9.64848193779125,11.7778297392511],[9.6490095871228,11.7782485553266],[9.64944910289381,11.7784137562899],[9.65004701715617,11.7783234023032],[9.65044992602333,11.778262516402],[9.65084922860905,11.7782764756789],[9.65099183590456,11.7786952917543],[9.65114870464907,11.7789605422952],[9.65149096323739,11.7790303440752],[9.65159078888382,11.7787790546097],[9.65174765672901,11.7784579633644],[9.65211843821538,11.7782345951505],[9.65244643625408,11.7781647915719],[9.65288827227602,11.7783444230568],[9.65505615911451,11.7780670676411],[9.65554102589766,11.7780949888927],[9.65574067719052,11.7784719226412],[9.65594032758412,11.7790582644274],[9.65595458903312,11.779714406195],[9.65619702197506,11.7799517336856],[9.65651075856471,11.7800773770693],[9.65720953808977,11.7800075752894],[9.65777996907036,11.7800075752894],[9.65806518456066,11.7801890611763],[9.65810796710906,11.7807474772143],[9.65833614040059,11.7810685657618],[9.658721180638,11.7812081702209],[9.6590919612251,11.7810406454095],[9.65979073895147,11.7808870807742],[9.66071768996949,11.7807195559628],[9.66115977510361,11.7808731205981],[9.6614022080455,11.7812221303971],[9.66167316298612,11.7823529181527],[9.66183003173063,11.7832044960907],[9.66225785541576,11.7834697412356],[9.66294237259245,11.7834139014304],[9.66368244808655,11.7828578164351],[9.66472229729624,11.7830323190863],[9.66559049740357,11.7839577709344],[9.66952297100835,11.7843404999142],[9.67308816688546,11.7921581086099],[9.67336840462821,11.7941174858333],[9.67545335059168,11.8086951076931],[9.67608293088261,11.8130970310032],[9.67579771629164,11.8204950681929],[9.67584037473358,11.8212012743194],[9.67643652542534,11.8310703112459],[9.67739557774377,11.8396711736858],[9.67760921169582,11.8415870587958],[9.67779422472375,11.8432462684006],[9.67582458443707,11.8451330811268],[9.67509242387632,11.8457334361492],[9.67345682687113,11.8470745906199],[9.67368316734434,11.8527002331293],[9.67376827108887,11.8593072860025],[9.67915210028923,11.8649049434085],[9.68255249000543,11.8667536806379],[9.68615991085125,11.8679267311338],[9.6873007737118,11.8671591543715],[9.688156421082,11.8656937711507],[9.68779828586224,11.8642227042145],[9.68894076390518,11.8636003526742],[9.69058075409856,11.864019038348],[9.69165031331136,11.8631118868042],[9.69179292060687,11.8617162630951],[9.69343291080025,11.861437138713],[9.69378477504739,11.8606275006587],[9.69393203813308,11.8594832518506],[9.69528681283617,11.8589249958919],[9.69671289118702,11.8600415060108],[9.69806766589011,11.8592041238713],[9.69920852785134,11.8602508519953],[9.70042069525891,11.8601810700004],[9.70099112623956,11.8591343418764],[9.70225265743426,11.8588874213175],[9.70313024376577,11.8587156499074],[9.70234590094265,11.8573200037152],[9.70204731163415,11.8562576696558],[9.70190322225596,11.8558211306407],[9.70175467224038,11.8549779199951],[9.70211119227775,11.8544836229209],[9.70291633192323,11.8541797752765],[9.70333811306352,11.853158848702],[9.7036561097417,11.8522738132859],[9.70385917935766,11.851166546399],[9.70386407976349,11.8511398257424],[9.70463653894518,11.8505582908325],[9.70535878807766,11.8507929401421],[9.70557591499653,11.8513793493775],[9.7056634586018,11.85161578564],[9.7060718281524,11.8518117856854],[9.70652752902231,11.8516930733767],[9.70674712727816,11.8515858786854],[9.70685617097558,11.8515326514108],[9.70709860391747,11.8512256012805],[9.70705582226844,11.8507091988705],[9.70734103685942,11.8501788389823],[9.707925729289,11.8498717879527],[9.7087100730115,11.8502625802539],[9.7094373727366,11.850471933433],[9.71020745501011,11.8508766814138],[9.71076411826948,11.8510912425668],[9.71140536096868,11.8514070404026],[9.71197579194927,11.8515186939326],[9.71247491928216,11.8514209969815],[9.71308813281115,11.8514907798756],[9.71374412888849,11.8516443049407],[9.71471386155554,11.8520769651798],[9.71545542272963,11.8523561003538],[9.71613994080565,11.8526631477861],[9.71669611123662,11.8529981101747],[9.71730932476555,11.8533191141858],[9.71815071068681,11.85350055061],[9.71882096821315,11.8535145071888],[9.71983348432786,11.8538634252569],[9.72204658188429,11.8545106196694],[9.7226143373818,11.8545054296819],[9.72342720130433,11.8545612568965],[9.72415450102943,11.8548683034295],[9.72477821144537,11.8554164231295],[9.72485327965518,11.8554823937975],[9.7251670171442,11.8559010902632],[9.72559483992995,11.856082525788],[9.72626509655703,11.8559569165785],[9.72724124768547,11.856044145421],[9.72791934819941,11.8561802218398],[9.72808518498334,11.8563014090828],[9.72829654634859,11.8564558631476],[9.72859602238856,11.8567419716647],[9.72918071391888,11.8568885170914],[9.72968697197621,11.856965276926],[9.72990405572762,11.8569250232712],[9.73036435932778,11.8568396686159],[9.73067096609225,11.8570211032414],[9.73090012773878,11.857266531825],[9.73104887740379,11.8574258413296],[9.73128417962124,11.8576910136294],[9.73164783038311,11.857928273671],[9.7319666454444,11.8579936813633],[9.73236086865921,11.857928273671],[9.73268971475858,11.8578801059821],[9.73309530000813,11.8579840999863],[9.73333773295008,11.8578654704152],[9.73361581771587,11.8576631013711],[9.73396520702875,11.8577956866217],[9.73410068539835,11.8580538819811],[9.73445720363708,11.8582143812887],[9.73483511494862,11.858346968338],[9.73516311298732,11.8584516422296],[9.7355053715757,11.8585563143225],[9.73597597780918,11.8587028561519],[9.73730936123809,11.8589401152942],[9.73831474572899,11.8591424834389],[9.73911335000116,11.8594983712529],[9.73983351990108,11.8598682156457],[9.74069629709646,11.8600147565758],[9.74135229317386,11.8600217353149],[9.74186568195569,11.8601054729892],[9.74256445968211,11.8602589926584],[9.74333454195562,11.8604194910667],[9.7439263651097,11.8605730098366],[9.74421871132449,11.860503228741],[9.74452531808902,11.8603497090718],[9.74485331612766,11.8603008623949],[9.74533818201155,11.8606288361519],[9.74581591896953,11.8609149401724],[9.74623661193016,11.8611731319345],[9.74647904487205,11.8612498917691],[9.7468926080075,11.8611242852576],[9.7472919096939,11.8610893942602],[9.74759851735774,11.8611242852576],[9.74779103702679,11.86137549918],[9.74802634014355,11.8621082020319],[9.74789799339771,11.8624431509307],[9.74791938377257,11.8627850803672],[9.74809764379125,11.8630711807904],[9.74836146800737,11.8632456330795],[9.74868946604607,11.8633154141751],[9.74904598608344,11.8632037651417],[9.74926702775116,11.8630293119533],[9.74953798269178,11.8630851373692],[9.74965206888794,11.8633712386917],[9.74963067761371,11.86372014327],[9.74971624271046,11.8639225078175],[9.74987311235429,11.8639783323342],[9.75000858892531,11.863908552138],[9.7502652833162,11.8638038800451],[9.75102439116279,11.8638648873547],[9.75135346928721,11.8640107681825],[9.75178405658897,11.8640550912695],[9.75201222898124,11.8639155299778],[9.75225466192313,11.8637271211098],[9.75250422558958,11.8637410776886],[9.75274665943084,11.8636364055957],[9.753217264765,11.8633712386917],[9.75342404678236,11.8631898085629],[9.75349535132943,11.8629804661756],[9.75332422113593,11.862792058207],[9.75335274313466,11.8625896918608],[9.75360943662622,11.8624571084089],[9.75400160758818,11.8626594729564],[9.75447221382166,11.8629734883359],[9.75474316876227,11.8633363485936],[9.75503595744351,11.8635940574198],[9.75534925156677,11.8637480564277],[9.75558646574285,11.8639634467557],[9.75580559814989,11.8643202590728],[9.75599098799375,11.8645435562402],[9.75637602913048,11.8646970732114],[9.75666837534527,11.8646761387928],[9.7569749821098,11.8645924020178],[9.75735289342134,11.864585424178],[9.75763218867462,11.8646874063987],[9.75797323677551,11.8649133934384],[9.75850801593225,11.8651576250244],[9.75908557763734,11.8654297679695],[9.75956331369599,11.8656391103567],[9.76011948502628,11.8660438349551],[9.76024783177206,11.8662252632853],[9.76051165598818,11.8663718024168],[9.76086104530106,11.8663438901585],[9.76121756533843,11.8664834496515],[9.76168817067258,11.8667974596351],[9.7622443411035,11.8668183940537],[9.76249390476994,11.8669579544461],[9.76265077441377,11.8673487215663],[9.76272920788671,11.8676697093896],[9.76295024955442,11.8677883353635],[9.76319981412018,11.8677604231051],[9.7634636383363,11.8676697093896],[9.76389859184661,11.8677813566243],[9.76431215498201,11.8679418496367],[9.76490397813615,11.868123277967],[9.76542449584383,11.8683465733357],[9.76557423386384,11.8685489333866],[9.76575249388253,11.868576845645],[9.76593788372639,11.8685210220276],[9.76608762264573,11.8684442639916],[9.7664298812341,11.8685419546475],[9.76696466129016,11.8687094272983],[9.76744239734882,11.868793163174],[9.76779356462134,11.8690137443888],[9.76802708887908,11.8690792582013],[9.76827665344484,11.8690234336846],[9.7686260418584,11.8691769488572],[9.76890412662419,11.8691839266969],[9.76925351683639,11.869086236041],[9.76957438415053,11.8691629931777],[9.76990951291373,11.8694141990061],[9.77023038022793,11.8695328240806],[9.77064394336332,11.8697351841315],[9.77080794193301,11.8696863383539],[9.7709862019517,11.8696095812173],[9.7712642867175,11.8697351841315],[9.77157089438134,11.869853809206],[9.7717135016768,11.8699166097638],[9.77188463097099,11.8699724333811],[9.77200584789159,11.8701050150345],[9.77199158734192,11.8704120417823],[9.7720350947439,11.8705795342182],[9.77217776679055,11.8706126508532],[9.77234097575547,11.8704539088209],[9.77249071377548,11.8704120417823],[9.77267610541799,11.8705655560556],[9.77285436363803,11.8706981359103],[9.77305966087471,11.8708486050791],[9.77330357859734,11.870830715765],[9.77338201296959,11.8707400038481],[9.77353888171405,11.8706841802308],[9.77372482014437,11.870670246135],[9.77393818429982,11.8706841802308],[9.77421626906562,11.8707818708867],[9.77447296255724,11.8708237379252],[9.77461557075202,11.8710051635575],[9.774722527123,11.8711377443115],[9.77488331871024,11.8712603938521],[9.77507718376506,11.8714082711748],[9.77534287137644,11.8714726824184],[9.77561839217509,11.8717047398819],[9.7759981938616,11.8718853237488],[9.77694720884665,11.8721006906944],[9.77721103396209,11.8721425577329],[9.77738216325628,11.8722262927093],[9.77760320492399,11.8724495835814],[9.77781491342756,11.8725516530364],[9.77803815933362,11.8724426057417],[9.77820928862781,11.8722960711069],[9.7784303311949,11.8723379390447],[9.77859432976453,11.8723728282435],[9.77876545905872,11.8723030489466],[9.7789274008789,11.8725138976983],[9.77936441203803,11.8726449639939],[9.7795498018819,11.872700786712],[9.77971723316381,11.8728110256084],[9.78003466866505,11.8727914986288],[9.7803270148799,11.8727705660089],[9.78038405797793,11.8725961191157],[9.78024858140697,11.8724077174422],[9.780277101607,11.8722402492881],[9.78052666617276,11.8722123370298],[9.78071205601663,11.8723937608634],[9.7808537648894,11.8726627543826],[9.78112561915208,11.8727566103294],[9.78112561915208,11.8729938577804],[9.78119692279978,11.8731403924152],[9.78138231264364,11.8731543480947],[9.78153205066366,11.8729799012015],[9.78175309323069,11.8729799012015],[9.78204334402517,11.8731850986135],[9.78218091691582,11.8734543943049],[9.78214526509197,11.8736637285982],[9.78225935128808,11.8739637748084],[9.78219530516924,11.8742289390144],[9.78216665636614,11.8743475550957],[9.78230213383648,11.8746196908461],[9.78250178512934,11.8746196908461],[9.7826515231493,11.8745568911876],[9.78259201141225,11.8743530553493],[9.78256595805254,11.8742638219179],[9.7826372617003,11.8741103103426],[9.78280126116931,11.8741312429626],[9.78299378173767,11.8743824442944],[9.78313041573614,11.8745215037644],[9.78317204085704,11.8745638681281],[9.78333008681409,11.874583974271],[9.78388508093178,11.8746545800449],[9.78433429499177,11.8748499568601],[9.78451255501045,11.8748499568601],[9.78464090175623,11.8747732006228],[9.78471220630331,11.8746127130063],[9.78502594289301,11.8745568911876],[9.78525411618455,11.8744033778137],[9.78533968038198,11.8741661321613],[9.78550367985099,11.8740335541053],[9.78571759079421,11.8740823980842],[9.78587446043804,11.8743056880571],[9.78595289391097,11.8745220010895],[9.78617393557869,11.8746476022051],[9.78650906524121,11.8746964470834],[9.786772888558,11.8745220010895],[9.78705810494762,11.8744940897305],[9.78725775624048,11.8746266686858],[9.78730053788956,11.8749057795781],[9.78724349479148,11.8754640031613],[9.78722540133123,11.8758026842465],[9.787210362868,11.8760841621544],[9.78736471171214,11.8762734235797],[9.78761487072973,11.8763035823445],[9.78779868676003,11.8764347061968],[9.78801357706499,11.8765804449316],[9.78837009710236,11.8764827569737],[9.78888348498486,11.8763432019772],[9.78894372877011,11.8763402908718],[9.78946104669001,11.8763152906182],[9.78954862087221,11.8765295388072],[9.78957513288611,11.8765944006112],[9.78960365488479,11.8769642216216],[9.78950382923836,11.8775712846871],[9.78961078471002,11.877920171279],[9.78990313092481,11.8782899886921],[9.79025965096218,11.8784574541482],[9.7909299075892,11.878513275967],[9.79158049964042,11.8786446390389],[9.79227042084329,11.8788691385999],[9.79296206874454,11.879085448035],[9.79387476011215,11.879336643971],[9.79452362456567,11.8795459737677],[9.79551475030553,11.8796157512659],[9.79602100656427,11.8796715721854],[9.79656291734483,11.8798320589024],[9.79703352267899,11.8800204560793],[9.79793195169827,11.8801739640572],[9.79863786104852,11.8803204950948],[9.79912985765685,11.8802646741754],[9.7996535220924,11.8801365621526],[9.79978585373419,11.8801041883577],[9.80019941686965,11.8801390757578],[9.80070567492703,11.8804112061123],[9.8008572853355,11.8805433408026],[9.80116201971151,11.8808089312872],[9.80193923270946,11.8813950518402],[9.80260235861203,11.8819672176131],[9.8033153977874,11.88226725483],[9.80399991586347,11.8824068071285],[9.80479852013565,11.8824486723684],[9.80558286295883,11.8816462468769],[9.80624898720106,11.8815385566591],[9.80866193839779,11.8820157756076],[9.81222271230837,11.8845931336662],[9.81415830156442,11.8856413249872],[9.81619101130616,11.8867421095608],[9.82055191563842,11.8876611771217],[9.82810260285288,11.889252496006],[9.83350832784708,11.8903917508787],[9.83432688897477,11.8910787582781],[9.84176406106263,11.897320447181],[9.84749034940018,11.9021262668138],[9.85589545281294,11.9091802980324],[9.86004704083831,11.9126645459321],[9.8698541522474,11.9205635837424],[9.87048955115193,11.9210753600399],[9.87301423591828,11.9231088431986],[9.88019478376231,11.9305846231819],[9.88271711590221,11.9332106606435],[9.88876388214749,11.9366306996471],[9.89094416703972,11.935695473967],[9.89155231738556,11.9354346103191],[9.89339433488072,11.9361322342153],[9.89487983323778,11.9365391801391],[9.89624649158236,11.9371205297887],[9.89725663078895,11.937294935313],[9.898742129146,11.9380506886884],[9.9005247266349,11.9381088226641],[9.90206964499816,11.9388645742408],[9.90215956101497,11.9399848911899],[9.90216902008427,11.9401027491426],[9.90231816275303,11.9400746570199],[9.90349572334901,11.9398528608209],[9.90498122170607,11.9406667409773],[9.90550716592304,11.941879572984],[9.9055826568142,11.9420536556518],[9.90586714475296,11.9420833152928],[9.90789279841397,11.9422944958943],[9.90872467670249,11.9431665019326],[9.90973481590908,11.9429921000055],[9.9118145143284,11.9436315719395],[9.91347827180488,11.9435734370645],[9.91520145018683,11.9441547723249],[9.91656810763209,11.9435734370645],[9.91728114770683,11.944271039377],[9.91888548607636,11.9439222382208],[9.92126228272821,11.9437478389916],[9.9234014011538,11.943805972068],[9.92363908027937,11.9449105068145],[9.92357966027316,11.9466545009045],[9.92631297696238,11.9479334222897],[9.92666949699975,11.9496773965946],[9.92797345730924,11.9501598513961],[9.93035353288928,11.950084321834],[9.93065063202113,11.9514794922848],[9.93148251120897,11.9518282826492],[9.93267091043424,11.9513632279307],[9.93267686484546,11.9499256292644],[9.93368104874145,11.9495611331398],[9.93433466791066,11.9503749827193],[9.93451292792935,11.952002678281],[9.93635494632377,11.952002678281],[9.93855282375387,11.9518822167909],[9.93968246217594,11.9508400401358],[9.94075202138873,11.9514213601078],[9.94140563965857,11.9536303630509],[9.94294092268547,11.953748196722],[9.94508967644748,11.9533978379399],[9.94503025644121,11.9546767269495],[9.94669401391764,11.9547348591265],[9.9488925505508,11.955374301383],[9.95031862980096,11.9551999084491],[9.9516852881456,11.955955610563],[9.95150702812691,11.957757663985],[9.95269542735213,11.9579901872974],[9.95435918482855,11.9585714919808],[9.95632004323545,11.959443444959],[9.95970697909388,11.9603735274164],[9.96047943827551,11.9595597057159],[9.96053885828172,11.9585714919808],[9.95952871907519,11.9576414032283],[9.95946929906893,11.9560718731185],[9.96053885828172,11.9551417771713],[9.96265666097617,11.9539206956836],[9.96495292963402,11.954118605889],[9.96780805499776,11.9543646792866],[9.9691200471525,11.9556482150931],[9.96963343503506,11.9575456038466],[9.96980456522857,11.9598894205604],[9.97043203930724,11.9617309749046],[9.97123064268004,11.962568041382],[9.97277080812637,11.9633493013292],[9.97334123910696,11.9641305585785],[9.97413984337913,11.9640747547462],[9.97465323126164,11.9630144756376],[9.97630748200476,11.9627354537782],[9.97767651725752,11.9640747547462],[9.97830399223551,11.9648560101967],[9.98024345756954,11.9673113698239],[9.98161249282231,11.9685948426779],[9.98355195995504,11.9691528738061],[9.98396179719924,11.970164876408],[9.98626296896089,11.9711050519566],[9.98896330301409,11.9722083231557],[9.9927240213965,11.9727316035807],[9.99658060391181,11.9751337656108],[10.0039734016512,11.9766303696958],[10.0104905798764,11.9784280227351],[10.0122137582584,11.9790092842511],[10.0138899029967,11.9799768918202],[10.0154258865954,11.9808635846867],[10.0166648214244,11.9826649878989],[10.0200796128839,11.9835500727777],[10.0215426884444,11.9832524466431],[10.0228499258834,11.981334313228],[10.0236818050713,11.9804624303969],[10.024989044309,11.9801718000886],[10.0289701793304,11.9787186530435],[10.0312281368691,11.9787186530435],[10.0372111681609,11.9745989100118],[10.0378625291324,11.9761820072939],[10.0405570661557,11.9760448426954],[10.0412701053311,11.9763354748024],[10.0410324253062,11.9771492452415],[10.0426367627765,11.979532416288],[10.0438845820079,11.9808693079722],[10.0445976211833,11.9811018097008],[10.0450729812331,11.9802299259704],[10.0457860204086,11.9801136751061],[10.0461425386473,11.9812761873462],[10.0481033970542,11.9811599355826],[10.047449777885,11.9796486680517],[10.0476280379037,11.9774980041296],[10.0485193370978,11.9774398773485],[10.0486975971165,11.9786024012798],[10.0510149737621,11.9790092842511],[10.0521970111832,11.978674820087],[10.0529164121627,11.9779048871009],[10.0540453895831,11.9780792656456],[10.0541048095893,11.9789511583693],[10.0543424896143,11.9800555492243],[10.0537482913506,11.980927433854],[10.0541642295956,11.9817411908033],[10.0561845080087,11.9823224442255],[10.0557091479589,11.9832524466431],[10.0560656679962,11.9840080723147],[10.0573730196492,11.9844145955572],[10.0576700063658,11.9853449406166],[10.0590960847166,11.9858680618616],[10.0598685438982,11.9855774396472],[10.0605221630674,11.9863330590235],[10.0612946222491,11.9863330590235],[10.0617105622927,11.9855774396472],[10.0628989597193,11.9853449406166],[10.0634337397753,11.9845893203409],[10.0633743197691,11.9836011983367],[10.064206198957,11.9834268233892],[10.0652163381635,11.9840080723147],[10.0664047355901,11.9836011983367],[10.0669989356524,11.984996194319],[10.0653351772767,11.9851705665685],[10.0636315348675,11.9862820998391],[10.0652757581698,11.9883674046321],[10.064562718095,11.989297388164],[10.0656322773078,11.9898205004158],[10.0671198027368,11.9899008125725],[10.0682467539846,11.9890067677482],[10.0681873339783,11.9877861646998],[10.0701481923852,11.9885999000654],[10.0697525266579,11.9901828363688],[10.069494573216,11.9919129440272],[10.0705641306301,11.9916804512919],[10.0715148498305,11.991971067211],[10.0726438290495,11.9927266668023],[10.0739510682872,11.9930172818221],[10.0747829465758,11.9937728814134],[10.075436565745,11.9932497736582],[10.0759119248955,11.9921454358632],[10.0772785841394,11.9921454358632],[10.0777539432899,11.9935403877787],[10.0783481433522,11.9948772111144],[10.0776945232837,11.9962721486408],[10.0789423416158,11.9984226641747],[10.0798336408099,11.9984807855599],[10.080190159948,11.9973183479634],[10.0795254098698,11.9961668767],[10.0793400191266,11.9955670540763],[10.0797148007975,11.995284069804],[10.0803525352413,11.9954973071551],[10.081319139167,11.9965627600634],[10.0821493941792,11.997533910062],[10.0830423166497,11.9976089575874],[10.0847728379961,11.9969379527244],[10.0848411720825,11.9961024348795],[10.0848843350441,11.9955746812266],[10.0857756342382,11.9943541069565],[10.0862509933887,11.9923198072134],[10.086607513426,11.9917385735764],[10.0879741717707,11.9920291903949],[10.0891031500904,11.9922035599464],[10.0896973501526,11.9939472482669],[10.090410389328,11.9953421920885],[10.0914799476415,11.9954003125744],[10.0927277659737,11.9941797392037],[10.0938887403731,11.9957088088145],[10.0942132643307,11.9975508362022],[10.0941538443245,11.998829516569],[10.0954016626566,11.9997013418435],[10.094807464393,12.0006312840066],[10.0935002251553,12.0006894053918],[10.0920147267983,12.002723643981],[10.0920147267983,12.0059783929885],[10.0923118268294,12.0070245554389],[10.0932031260235,12.0073732729582],[10.0949263044055,12.0085937887724],[10.0970602040652,12.0121097557607],[10.0958700178871,12.014399530414],[10.0958299638818,12.017849922436],[10.0965900618819,12.0187064106723],[10.0980550179248,12.0185023518022],[10.0987885994144,12.016846645956],[10.1003929368846,12.0163817027534],[10.1025320553102,12.017021000219],[10.1047305919433,12.0171372348955],[10.105503051125,12.0155099332369],[10.1071073903938,12.0148706330733],[10.1086523078578,12.0155099332369],[10.1098407061837,12.0138826207864],[10.1110885254151,12.0138826207864],[10.1119204037037,12.0148706330733],[10.1126928628854,12.0148125143861],[10.1133464820546,12.0134757908751],[10.1156044395933,12.0131851983383],[10.1181594971631,12.0133014348134],[10.119942094652,12.0142313311111],[10.1210116538648,12.0152193415994],[10.1226754122405,12.0145219227486],[10.1246362697481,12.0144056871728],[10.1265377072494,12.0149287508612],[10.127191327318,12.0161492307025],[10.1249333688799,12.0171372348955],[10.1253493089235,12.0183577048443],[10.1273101664311,12.0188807631367],[10.1291521839262,12.0190551147018],[10.1303405831515,12.0185901750966],[10.131350722358,12.0198687556386],[10.1321231806403,12.0213797992384],[10.1310536223269,12.0232395315792],[10.1294492839573,12.0244018576597],[10.1300434831203,12.0259128751791],[10.1303269557245,12.0271814696492],[10.1319579266171,12.0282484199287],[10.134381138179,12.028295614551],[10.1354608381472,12.0272372608909],[10.1351535973607,12.0261453391361],[10.1358666374354,12.0253898312757],[10.1371738748745,12.0255060632543],[10.1391347332814,12.0232976493671],[10.1406202307391,12.0239369279469],[10.1427593491647,12.0245762074261],[10.1437694883712,12.0269589575899],[10.144660786666,12.0275401147845],[10.1454926658539,12.0269008433992],[10.1453144058352,12.0251573673187],[10.1478100433988,12.0249830193509],[10.1504839400818,12.0242856247818],[10.1529795767461,12.0235301133241],[10.1549998551592,12.0232976493671],[10.1554110638696,12.0249561278231],[10.1571983917924,12.0259709911684],[10.1576705421618,12.0274650061052],[10.157970850974,12.0290511143175],[10.1563070925983,12.0294579190478],[10.1567824526481,12.030213415217],[10.159099830193,12.0310270228788],[10.161739945642,12.0361871061501],[10.1622872730393,12.0367401541349],[10.1641055232514,12.0367052856205],[10.1649255178984,12.0368796263937],[10.164747258779,12.0378907998206],[10.1635783055944,12.0387580106737],[10.1621090139199,12.0397387951094],[10.1619421618014,12.0404975162474],[10.1624273460452,12.0416618136418],[10.1645664635715,12.0424172756368],[10.1667055810977,12.041894264109],[10.1672403611538,12.0406739011797],[10.1703896169873,12.0402671117379],[10.1713403361876,12.0402089993459],[10.1718751153443,12.039337307171],[10.1744895920211,12.0394535328543],[10.1759156712712,12.0411969136067],[10.1762721913086,12.0427078366973],[10.175321471209,12.0436376313717],[10.175321471209,12.045380986943],[10.1749055320647,12.0461945478402],[10.1731229336765,12.0474148873872],[10.1707461370247,12.0484608870603],[10.1695615949916,12.0509309901731],[10.1689041186302,12.0515407521041],[10.1677751403105,12.0510177576634],[10.1662896419535,12.0502623208495],[10.1657548618974,12.0524124047088],[10.1656954418912,12.0539813736415],[10.16729978116,12.055027349033],[10.1681910803541,12.0570030678373],[10.168309918568,12.0579328121496],[10.1674780402794,12.0592112047333],[10.1681681440447,12.060844113665],[10.1700330969499,12.0621747307792],[10.1699142578368,12.0639179658415],[10.1709487021209,12.0645788758145],[10.172291055388,12.0644990429965],[10.1725881554191,12.0635112123726],[10.1722316353817,12.0614774351356],[10.1777576887663,12.0586882273798],[10.1791837671172,12.0582233561231],[10.1799562262988,12.0589787695546],[10.1795997071608,12.0605477007159],[10.1794214471421,12.0627558097329],[10.1793968578787,12.0649395201428],[10.1776388487539,12.0661260469795],[10.1765098704342,12.0668814388274],[10.1768663895723,12.0682760040344],[10.1782924679231,12.0682178970384],[10.180643978337,12.0673151009112],[10.1828083830005,12.0667071178393],[10.1854822796835,12.0669976528195],[10.1860764788465,12.0692638157725],[10.1868576470628,12.0693826548857],[10.1877402372222,12.0687408582041],[10.1884435682161,12.0690159707106],[10.1895228347111,12.069438134962],[10.1913054330993,12.0700191986272],[10.1919590522685,12.0709488988726],[10.1911271730806,12.0720529129117],[10.1899981947609,12.0718204903234],[10.1891956802365,12.0712646103735],[10.1885721164101,12.0708326857799],[10.1876213972097,12.0721110190084],[10.1873837180842,12.0761202947158],[10.1886315364163,12.0781539613363],[10.1911271730806,12.0788512147118],[10.1944546889328,12.0794322576926],[10.1994925030766,12.0794390268896],[10.2018821807181,12.0794903619907],[10.2019319860723,12.0802939494063],[10.2020010207306,12.0814077957332],[10.2035243292844,12.080851993125],[10.2040807182506,12.0786187966202],[10.205387956589,12.0771080767764],[10.2082995341962,12.0772242862719],[10.2091314133841,12.0768756577854],[10.209547351629,12.0749581907679],[10.2084183733093,12.0730988172567],[10.2088937333592,12.0716461711339],[10.2118647300733,12.0715299589405],[10.2137067466691,12.0730988172567],[10.2148951458943,12.0735636606345],[10.215073405913,12.0751906115575],[10.2164994842639,12.0766432378952],[10.2184603417714,12.0760621886192],[10.2206588793039,12.0752487167549],[10.2243813468218,12.0762624073843],[10.2307270378226,12.0779119888472],[10.2292517944348,12.0716126812803],[10.226898765066,12.0680565721531],[10.2276118042414,12.0642912276581],[10.226257028639,12.0626874540628],[10.2232622646418,12.0631058312691],[10.2204814115879,12.0642912276581],[10.2184849022565,12.0630361032336],[10.2181996867662,12.0600377212639],[10.218627509552,12.0566906505532],[10.2184110661179,12.0482630083312],[10.2191979414319,12.0444874394438],[10.218698814099,12.0415585849608],[10.2159179610451,12.0396059994174],[10.212352765168,12.0363284112273],[10.2104430323201,12.0361586147283],[10.209215392976,12.0360494649109],[10.2061493244318,12.0384902294406],[10.2039389032578,12.0386994360302],[10.2010867456568,12.0364678843854],[10.1990902363254,12.0343060490849],[10.195239824958,12.0333297306826],[10.1931720110795,12.0325626215678],[10.1917459327287,12.0303310177623],[10.1904624616733,12.0261467133002],[10.1908189817107,12.0240545340895],[10.1942415702923,12.023078178815],[10.1986624126403,12.0221715596698],[10.20120468275,12.0171426883844],[10.2040102069056,12.0112221545788],[10.2045806378862,12.0094088353495],[10.2036536868682,12.0073165266364],[10.2020136966748,12.0068980639945],[10.1992328436209,12.0071770390891],[10.197450246132,12.0072467833124],[10.196451990567,12.006270366884],[10.1958102559386,12.0038990560966],[10.1960954723282,11.9999933220342],[10.1942415702923,11.9964362650217],[10.1913181090436,11.9946925919896],[10.1898920306927,11.9947623389108],[10.1885372568889,11.9960177852926],[10.187610305871,11.9979009413754],[10.1865377096476,11.9978309966033],[10.1854711883447,11.9977614493314],[10.1838311981513,11.9962967720784],[10.1837513500448,11.9945503534161],[10.1831181589759,11.9926001699619],[10.1822625116057,11.9908564744468],[10.181620776078,11.9888337696628],[10.1787686202757,11.9876480396254],[10.1776277574151,11.9848580692445],[10.1781981883958,11.983463072363],[10.1811216487451,11.9836025716015],[10.1836830888035,11.9842703928644],[10.1853285801499,11.9838118213585],[10.1867546594,11.9822773180438],[10.1866120512053,11.9799755473337],[10.1866120512053,11.9780225130286],[10.1870020359153,11.9764961602696],[10.1888055192593,11.9757165613702],[10.1913181090436,11.9744651673337],[10.1918885409235,11.9720935759578],[10.1894497971704,11.9669157391701],[10.1919329863183,11.9677185189945],[10.1921948554083,11.9678110979039],[10.1993505585814,11.9727360633187],[10.2098050901329,11.9799314688622],[10.2188188322234,11.9680092770066],[10.2152709428997,11.9652662764176],[10.2165675179766,11.9604948396652],[10.2167284147845,11.9599027341239],[10.2219377341391,11.9521553669766],[10.2217571089035,11.9520234364325],[10.2205492834227,11.9519899600687],[10.2154086965542,11.9515911098419],[10.2088245916816,11.9499770354119],[10.2108583734152,11.9376509139586],[10.2177132443708,11.9359346396719],[10.2190059910337,11.9355080471587],[10.2206259200502,11.9336230321773],[10.2227918589572,11.9330833319303],[10.2289961477541,11.9353471476528],[10.2368503660516,11.9368075504282],[10.2380115158189,11.9391937755723],[10.2493458289469,11.9370420837253],[10.2548261985702,11.9443615624362],[10.2598739106525,11.9404570739349],[10.261270244826,11.9331514600719],[10.266450000767,11.928687029383],[10.267800050432,11.9208830526109],[10.2666656132275,11.9188413406554],[10.2716689005993,11.9158105381259],[10.2754165518324,11.912598264998],[10.2783908787361,11.9111111010965],[10.2832235638165,11.9121806693025],[10.284688809441,11.9107457865888],[10.2854945777127,11.9117509183702],[10.2863781418378,11.9128485454241],[10.2864013434473,11.9128772643743],[10.2873142560481,11.9140073704438],[10.2881156023532,11.9149993658281],[10.2888261054405,11.9158789063865],[10.289527502892,11.9167471748423],[10.2929962383857,11.917977211779],[10.3019068875928,11.9115041956621],[10.3039389354336,11.8989276247102],[10.3031365899817,11.8980171375809],[10.2957927873073,11.8840388715967],[10.2978846130845,11.8768983031143],[10.301186980295,11.874987348987],[10.3029283375728,11.873242950202],[10.3121896873043,11.8707719441699],[10.3252817928205,11.8715650706715],[10.3373136129329,11.8561078426029],[10.3519790032285,11.8798655442595],[10.3528747450734,11.8834359517078],[10.3578162930875,11.888579257227],[10.3377518031033,11.9041105633519],[10.3373242672012,11.9047774816955],[10.3368312039969,11.9083925368861],[10.339144664095,11.9102350373172],[10.3560509706758,11.9120172319098],[10.3665609544245,11.9050130222332],[10.3699968727575,11.9017437185978],[10.3709819721403,11.8933200720637],[10.3832284532306,11.8825231668108],[10.3949143482187,11.8831115986214],[10.3967986302526,11.8902978931333],[10.4142475023204,11.9145621631134],[10.4188647566033,11.9138667299657],[10.4219189963646,11.9027531878094],[10.4392692757565,11.8995967077219],[10.44134152689,11.9011560089427],[10.4596304233054,11.9065697567889]]]},"properties":{"FID":306,"globalid":"74f6ad22-dfe3-40d8-b58b-6d2523fca910","uniq_id":28359,"timestamp":1565308800000,"editor":"nuraddeen.isah","lganame":"Itas/Gadau","lgacode":"5010","statename":"Bauchi","statecode":"BA","source":"eHA_Polio","amapcode":"NIE BAS TSG","Shape__Area":0.13459350025971162,"Shape__Length":3.03268731232763}},{"type":"Feature","id":309,"geometry":{"type":"Polygon","coordinates":[[[9.87884288329246,11.1307649802197],[9.87924218497892,11.1299254280161],[9.8804400909375,11.1279664617828],[9.88112460811425,11.1255037439027],[9.88226547097474,11.1224812879811],[9.88434111794828,11.1181521270191],[9.88750193366735,11.1134318769796],[9.89034865756452,11.1065656134124],[9.88898909666955,11.0939500397625],[9.85516452792069,11.0765399932262],[9.85424357807869,11.072757605679],[9.85404205259869,11.071929931721],[9.85293197622974,11.066160201632],[9.85918221408798,11.0555474559504],[9.85432052587163,11.0454502106588],[9.85436916390586,11.0408401491536],[9.8544063571677,11.037389755333],[9.8556251525788,11.0327997217298],[9.85686874409731,11.02589988737],[9.85781974208749,11.0231903703394],[9.85036752074456,11.0243232382269],[9.83201082623867,11.0298838309741],[9.8272604965747,11.0245279176294],[9.82570781436419,11.0177925548825],[9.82432248879189,11.0146865843184],[9.81567090099134,11.0135324888333],[9.78598392411885,11.0084919677302],[9.78424977310857,11.0120288601439],[9.78208481895928,11.0163739400054],[9.7815463498842,11.0201880664262],[9.78037910631076,11.0225444754472],[9.78010679519247,11.0388929541465],[9.77817019419916,11.0418786089107],[9.76912142621291,11.0478231609102],[9.75601189902994,11.0445219601204],[9.75070966082222,11.0422226355662],[9.7296486545618,11.0411101049474],[9.72545835521896,11.0343950632816],[9.72175068514605,11.0368811950112],[9.70914405255604,11.0389117958428],[9.70678627027019,11.0394156850858],[9.70013123766654,11.0405354345627],[9.69610019027164,11.0407593837386],[9.6923733718337,11.0403488099496],[9.67895297509978,11.0368310730956],[9.67365333233545,11.045259529204],[9.67348162387788,11.0481341122995],[9.6728076746345,11.0516664784253],[9.65869196076545,11.055487915435],[9.65672885675139,11.0535388993008],[9.65485031688866,11.0533035701037],[9.65266549311804,11.0543852899492],[9.65162123633104,11.0546464665612],[9.64977537243556,11.0553038089237],[9.63388751839432,11.0538538922434],[9.62788333324926,11.0524360004212],[9.62808798657136,11.0538420086019],[9.62683877069276,11.0572905929865],[9.62529525077525,11.0607233987659],[9.62813165495197,11.0654439725614],[9.63001315538287,11.0669321230191],[9.63082130415989,11.0690624919405],[9.631712603354,11.0712201211118],[9.63385172088027,11.0725030291915],[9.63953244956292,11.076504201108],[9.64944737079958,11.0872842377774],[9.65701868396513,11.0927263628315],[9.65681135965656,11.0994037822588],[9.65678290240908,11.0996875651291],[9.65549660208654,11.1099168021188],[9.65601740667802,11.1115966799429],[9.65671779868751,11.1123811513691],[9.64215730171816,11.1315553116284],[9.64275791394664,11.1337748501293],[9.64344297611251,11.1389468817932],[9.63495452443181,11.1458787176288],[9.62537141076206,11.1492995381432],[9.62254887233263,11.1534150732471],[9.62085458826868,11.1550470405885],[9.62098187201582,11.1560203786376],[9.61444952042905,11.1767037568729],[9.61701386799564,11.1804232269504],[9.62593441604054,11.1816232139402],[9.62799625572268,11.1838758070229],[9.62830808844757,11.1874958678401],[9.62960569504685,11.1892840968836],[9.630319261225,11.1963718931484],[9.62380238427266,11.1993313938288],[9.61880977994741,11.2003662553984],[9.61807371992626,11.2054067980853],[9.61621635729909,11.2072705027315],[9.61486608190421,11.2122562551221],[9.61752219629238,11.2160184591846],[9.62053074239986,11.2202236288175],[9.62057907736261,11.2208211932435],[9.6171648848516,11.2283609132256],[9.61754236358928,11.2302974071997],[9.61665491709078,11.2326105030723],[9.61532913203388,11.2360661102628],[9.61530947465258,11.238238380397],[9.61542648274605,11.2402502465517],[9.61821365443666,11.2398605352356],[9.6250588693714,11.2370778727457],[9.62592342722445,11.236726420388],[9.63011341270391,11.2360425516225],[9.63752446308354,11.234832953578],[9.63780601833315,11.2347870000201],[9.64603556868661,11.2341963756622],[9.64755088676407,11.2340876242445],[9.65247967159962,11.2318559071244],[9.66200587527095,11.2284429017186],[9.66331786832501,11.2291982423051],[9.66403090660111,11.2299675700474],[9.6656708967945,11.229827691295],[9.66587133589348,11.2309976787],[9.66759610337749,11.2314362789612],[9.66866566169097,11.2310166472005],[9.66887957263424,11.2301074461018],[9.66959261180966,11.2287086693697],[9.67051956282762,11.2273098863423],[9.67087608286499,11.2258411558447],[9.6705908673747,11.2245122987036],[9.67244476941062,11.2229736153402],[9.67429867144659,11.2221343293359],[9.67615257258319,11.2221343293359],[9.6776499545818,11.2212950406337],[9.6795550793035,11.2219783752019],[9.68264122970902,11.2218545664351],[9.68406730805987,11.2219245067106],[9.68485165088305,11.2229736153402],[9.68463773904045,11.2240926597485],[9.68520817092042,11.224372419052],[9.68649164107643,11.2232533764422],[9.68794565236999,11.2238454370174],[9.68927249413036,11.2246521792547],[9.68955770962066,11.2258411558447],[9.69109065261159,11.226371770241],[9.69261987600652,11.2269010950096],[9.69390724922022,11.2271700066905],[9.69490550298661,11.2262607939006],[9.69593261419885,11.2267049357842],[9.69597506219941,11.2276595832232],[9.69661679682775,11.2287086693697],[9.69835375462213,11.2292603890558],[9.6996828662713,11.2289184856996],[9.70105197796647,11.2294419163114],[9.70118024826991,11.2304571393855],[9.70053851274224,11.2310166472005],[9.70168548379809,11.2312697712829],[9.70417501316638,11.231506217438],[9.70574369881268,11.2306669548162],[9.70746572786112,11.2312667486616],[9.70916628739428,11.2309467087236],[9.71016454206,11.2299675700474],[9.71180453225338,11.2301074461018],[9.71315930695653,11.2298976306712],[9.71372973793711,11.2305270778624],[9.71394364977965,11.2317160310701],[9.71244626688178,11.231506217438],[9.71180453225338,11.2323454737647],[9.71249317372104,11.2330178348053],[9.71295169666354,11.2341331659129],[9.71223235593851,11.2351429858601],[9.71315930695653,11.2356325471044],[9.7143001689177,11.2359822340929],[9.71380104158487,11.2366816053718],[9.71380104158487,11.2380104058556],[9.71415776486901,11.2387737908778],[9.71487060079761,11.2394790742999],[9.71525613836013,11.2403658202265],[9.71571167285549,11.2414135591885],[9.71529842358342,11.2421366446904],[9.71522711993566,11.2430458080177],[9.71571271696837,11.2438829410449],[9.71551233632533,11.2446543210401],[9.71611468604397,11.2455426560688],[9.71708102197164,11.2462628241701],[9.71836449302697,11.2467523674279],[9.72007578686811,11.246962170268],[9.72086012969129,11.2475216466067],[9.72228620804214,11.2468922362877],[9.72328446270785,11.2462628241701],[9.72456793286386,11.2459830846517],[9.72563749207666,11.2459830846517],[9.7255661884289,11.2468223014081],[9.7247818447064,11.2475915823857],[9.72600848490373,11.2484099240788],[9.72670705128945,11.249339936389],[9.72578010027144,11.2501092092726],[9.72635053125208,11.2508784803576],[9.72730472633208,11.2512261555627],[9.728204433288,11.2510882813991],[9.72963051163885,11.2501791432529],[9.73041485536135,11.249339936389],[9.73134180637931,11.2490602013672],[9.73214689206549,11.2498116478893],[9.73380519605303,11.2502306429299],[9.73540428507977,11.2492057557411],[9.73761470625374,11.2484364810588],[9.73961835620224,11.2482204459169],[9.74146511762115,11.2486462829996],[9.74281989232423,11.2492756897213],[9.74388945063771,11.2485763490193],[9.74481628564314,11.2484357454134],[9.74552944083109,11.2475972696983],[9.74460248981308,11.247247597099],[9.74552944083109,11.2461985784017],[9.74552944083109,11.2449397487704],[9.74745464741409,11.2452194891881],[9.75037943516287,11.2453234391255],[9.76249377796552,11.2457539958503],[9.76421106758676,11.2482266782187],[9.76528062590023,11.2502547636465],[9.76713452793615,11.250394631607],[9.76770495981611,11.2522828373831],[9.76756235162128,11.2533318335973],[9.76877451812953,11.2543808271136],[9.77134145934093,11.2557794788399],[9.77298145043363,11.2559193441025],[9.77547708709795,11.2564788042534],[9.77647534176367,11.2570382599078],[9.7769031654488,11.2583669677614],[9.77854315474286,11.260604776889],[9.77911358662277,11.2615838130426],[9.78118139960196,11.2619334667561],[9.78282138979534,11.2624929143166],[9.78488920367386,11.2610243636835],[9.78731353669042,11.260604776889],[9.78888222323604,11.2606747081713],[9.7899966082569,11.2634123802772],[9.79201959632735,11.2634020128926],[9.79316045828858,11.2653600636161],[9.79430132114908,11.2666188024158],[9.79387349836333,11.2688565467922],[9.79408740930654,11.2703250569559],[9.79636913502759,11.2722830600152],[9.79815173341581,11.2732620556994],[9.80071867372789,11.2744508317405],[9.80219375523768,11.2738538725582],[9.80317297215498,11.2742801377182],[9.80445640813679,11.2748388316468],[9.80578125160355,11.2762689515509],[9.8080629773246,11.2764088069209],[9.80920384018515,11.2776674971573],[9.81084383037853,11.2782968409265],[9.81184208504425,11.2774577159009],[9.81369598708017,11.2770381542874],[9.81466377271499,11.2779815116375],[9.81626292829156,11.2785765489686],[9.81768900574309,11.277807351628],[9.8198857581213,11.2776439142353],[9.82268028087032,11.2784366953972],[9.82492236177762,11.2795558513215],[9.82493019127537,11.2788295750249],[9.82551881194365,11.2779950922997],[9.82612419057898,11.2765398030695],[9.82616138474015,11.2730903634296],[9.82855129170878,11.268509865338],[9.82974624609244,11.2662200933826],[9.8297566719329,11.2652528878106],[9.82977104219987,11.2639198299362],[9.83097743955722,11.2604799267073],[9.83217334722224,11.2581901547519],[9.83458709701694,11.2513103491933],[9.83697700488494,11.2467298511018],[9.83815515183886,11.2413047106439],[9.83854265262136,11.2395203405913],[9.8387422850285,11.2386010760789],[9.83979472474681,11.2355534067644],[9.84073073733373,11.232842893285],[9.84186183085887,11.2295674571724],[9.84859282020255,11.2277161325935],[9.85176663292384,11.2202350304224],[9.85190394770905,11.219843182317],[9.8525009158846,11.2181396487259],[9.85489177703391,11.2135601039157],[9.85608673141758,11.2112703319603],[9.85967159276981,11.2044095992237],[9.86022242932171,11.2028401941197],[9.8608789443079,11.2009696959947],[9.86147058579894,11.1982067277583],[9.86431911463546,11.1983010009905],[9.86627997304237,11.1978929803768],[9.86794373141811,11.1981844236723],[9.87022519273853,11.1983605073316],[9.8719842864457,11.1985924442859],[9.87256399303391,11.1981375078398],[9.87311326476538,11.1975432493215],[9.87376688393459,11.196552336721],[9.8757277423415,11.1971352260099],[9.87733207981171,11.196552336721],[9.87923351821235,11.1966689149385],[9.88095669569498,11.196144315208],[9.8802586617079,11.1949859119703],[9.87924852340069,11.1945195982009],[9.87871374424395,11.1939949921752],[9.87877316425016,11.1930623592405],[9.87871374424395,11.1915468226278],[9.87877316425016,11.1907307616154],[9.87829780420037,11.1892735037692],[9.87770360503737,11.1885740182764],[9.87669346583084,11.1884574373609],[9.8752079683731,11.1881659832736],[9.874316669179,11.1874664941834],[9.87378188912294,11.1867670041939],[9.87419782916652,11.1859509287924],[9.87491086834194,11.1847268129921],[9.87562390661805,11.1833278168253],[9.87627752578726,11.1816956471365],[9.87681230584332,11.1802966356813],[9.87746592501247,11.1789559110865],[9.87764418503116,11.177498593885],[9.87806012417542,11.1762161489561],[9.87829780420037,11.1745256447427],[9.87871374424395,11.1733597753334],[9.8790108433758,11.1720773124181],[9.87994034487104,11.1702667855837],[9.87995542740111,11.1695057567853],[9.88026896074399,11.1677588668783],[9.88140982360454,11.1660799729125],[9.88169503999416,11.1652405232316],[9.8826647726612,11.1638414317367],[9.88289294505341,11.1621625161872],[9.88294998905081,11.1600918370686],[9.88329224673987,11.1575734250736],[9.88369154932559,11.1556706107102],[9.88391972171786,11.154159543728],[9.88363450622751,11.151585113862],[9.88334929073721,11.1485629286363],[9.88334929073721,11.1473316596284],[9.88272181575923,11.1454847462241],[9.88220842787672,11.1435818518211],[9.88123869520967,11.1417908816439],[9.87998374615302,11.1396640911249],[9.87924218497892,11.1377051914415],[9.87855766690285,11.1356343387538],[9.87815836521645,11.1345709219106],[9.87805837589337,11.1325273222781],[9.87884288329246,11.1307649802197]]]},"properties":{"FID":309,"globalid":"fabf19ef-536e-492a-945c-4989510366f4","uniq_id":28360,"timestamp":1565308800000,"editor":"nuraddeen.isah","lganame":"Warji","lgacode":"5019","statename":"Bauchi","statecode":"BA","source":"eHA_Polio","amapcode":"NIE BAS WRJ","Shape__Area":0.049874680813630334,"Shape__Length":1.1333925016548023}},{"type":"Feature","id":310,"geometry":{"type":"Polygon","coordinates":[[[10.3937856118166,11.4454251295661],[10.3913586437864,11.4478225710549],[10.391284953338,11.4479697819799],[10.3899955080863,11.4528012170026],[10.3873028137739,11.4579596626084],[10.3861909207744,11.4593334462816],[10.3812782787696,11.4631016020573],[10.3810473688411,11.4652831873693],[10.3813310635778,11.4661530683095],[10.3795862394135,11.4731215047537],[10.3742795342731,11.4784348909575],[10.3700039684085,11.4809076983316],[10.3660788602513,11.4832431072836],[10.3645941523982,11.4863829166383],[10.3612669360203,11.4905994833795],[10.3595789193317,11.4945483911953],[10.358842533756,11.495303399932],[10.356868455315,11.4995317972547],[10.358104309966,11.5018471953918],[10.3561679841652,11.5069202836442],[10.3560219081846,11.5094936001496],[10.3593443581557,11.5113693916841],[10.3610660031935,11.5123414014346],[10.3698991254443,11.5102251779497],[10.3754208980561,11.5224021603315],[10.3783443584055,11.5299476854374],[10.3828629219863,11.5386290587841],[10.3908575370457,11.5456538413517],[10.3931815875603,11.5460542950697],[10.3963786072869,11.5459362959234],[10.4003318453384,11.5502672087647],[10.4042663100422,11.5525226571949],[10.4057718012277,11.5570179337307],[10.4045011940749,11.5661799236646],[10.4049589310099,11.5677153793613],[10.3996435815861,11.5705692771505],[10.3990803056117,11.5706355418968],[10.396954680614,11.5708856055863],[10.3945999578219,11.568325296875],[10.3913118898319,11.5647501149259],[10.3886500602521,11.5620601113851],[10.3850583118916,11.5615489250429],[10.3758624346037,11.5583449580534],[10.3729199176202,11.5586501259027],[10.3727046253182,11.5589772444043],[10.37235720642,11.5601872858147],[10.3727861866333,11.5669361887541],[10.3724724923117,11.5682648318565],[10.3708574466139,11.5722128448469],[10.3702870156333,11.5733305141919],[10.3631399252674,11.571776320221],[10.3624082539378,11.5710943903939],[10.3553520931246,11.5645178380278],[10.351825027603,11.5639520250659],[10.3493236640559,11.5635507529649],[10.3472558501774,11.5652273077941],[10.3458663013888,11.5663565972792],[10.3425207127607,11.5690755419028],[10.3409811048941,11.5703267668669],[10.3377532312267,11.5722116118764],[10.3357759188236,11.5731908063107],[10.3319968120033,11.5744481808389],[10.3318542038085,11.5759151099944],[10.3302855181622,11.5802459976547],[10.3309272527906,11.5822717115703],[10.3324246347891,11.5833893413451],[10.3329950657697,11.5847165221498],[10.3333515858071,11.5875105628622],[10.3349230296741,11.5912191007809],[10.3348418820473,11.5955377468696],[10.3350914852838,11.5960136905794],[10.3387212291015,11.6029348892338],[10.3407475770391,11.6032148059186],[10.3448681411518,11.6048245042475],[10.3451299859601,11.6051474579888],[10.3457288166316,11.6088033846685],[10.3483896515612,11.6118550568654],[10.3486368742924,11.6127558906718],[10.3464680278772,11.6213310495883],[10.339494042616,11.6276701953233],[10.3232906848173,11.6263017886967],[10.320826787926,11.6260937107562],[10.3189900593438,11.6259385947903],[10.3171634130611,11.6257843295832],[10.3156165638534,11.6256536949621],[10.3092389514165,11.6251150909887],[10.3020923376913,11.6245115415744],[10.2932691988145,11.6237664073938],[10.2759520882183,11.6072819637916],[10.2697706835702,11.6141632010709],[10.2697097068375,11.6143260709914],[10.2598172497663,11.607738001008],[10.2579602369754,11.6095652561317],[10.2492719127686,11.6067935590755],[10.2383637937541,11.6009728311313],[10.2239719070779,11.5943382581042],[10.2163707031455,11.5889582798008],[10.199235832068,11.580659177679],[10.1984476518377,11.5762168100578],[10.1867595337255,11.5659614333735],[10.1835526322482,11.565796779198],[10.1834790389266,11.5658371515634],[10.1816216852926,11.5664249889222],[10.1797166603956,11.5684749602513],[10.1788279746314,11.56968188641],[10.1781991012076,11.569997162639],[10.1686834771608,11.5747676730897],[10.1568929613412,11.5729878895795],[10.1562878300194,11.5727389860155],[10.1518394117595,11.5721264047099],[10.1456584873494,11.5799013513663],[10.1410950359073,11.5853963673486],[10.1405713633778,11.5873979515543],[10.1389559192803,11.5888889051989],[10.1381740253111,11.5946087921621],[10.1381801766739,11.5946647398859],[10.1380871966668,11.6001309182074],[10.134535076033,11.6061181223535],[10.132015670287,11.6098432185897],[10.1287356899002,11.6120782533088],[10.1253606376833,11.6148254573291],[10.1186580696143,11.6191091800447],[10.1115081508805,11.6222661106925],[10.1012093126597,11.6317557398356],[10.1015847202587,11.6346743429466],[10.1074395873671,11.6412717362017],[10.1059184362869,11.6444842287642],[10.1023532404097,11.651607451123],[10.1014025221087,11.6543542648375],[10.1003770872329,11.6591488474414],[10.0934076858161,11.6690330082668],[10.0905643262827,11.6688327868037],[10.0876987561927,11.6692878698394],[10.0863431343282,11.6695031567453],[10.0829775888447,11.669894207152],[10.0793995497495,11.670224113552],[10.0769880599511,11.6707321648576],[10.075595008303,11.6742626244206],[10.0747874953467,11.6838525909244],[10.0743932037834,11.6885350352637],[10.0736436008715,11.6937691633163],[10.0738934703074,11.6997379457496],[10.0717543518819,11.7063011818541],[10.068688284237,11.7118169730749],[10.066040148634,11.7186743828166],[10.0660523893064,11.7197034077861],[10.0654331188434,11.7202462916331],[10.0611300687977,11.7199159085924],[10.0544685781624,11.717643500747],[10.050077961129,11.7161457437311],[10.0434837559706,11.7140775368489],[10.0391684616552,11.7171930177436],[10.0346763147602,11.7146795547177],[10.0335354518996,11.7133529962438],[10.02838219808,11.7096526151761],[10.0281876576344,11.7095129207847],[10.0265476683402,11.7074881331708],[10.0224833451303,11.7064408231855],[10.0200264269781,11.705667524037],[10.0184903246688,11.7051840458071],[10.0150677369865,11.7044160130886],[10.0070103951137,11.7017627900208],[10.0015978973252,11.7009735162148],[9.9827531866103,11.7069804559833],[9.98225996332667,11.707361863859],[9.98172394310552,11.7112786092205],[9.98184915211675,11.7124551302002],[9.98291978961663,11.7245602882268],[9.98308222156732,11.7259719090764],[9.97986666861192,11.7322437018854],[9.98003220142499,11.7415683935666],[9.97789907967882,11.7437168316665],[9.9746455591453,11.7473612623124],[9.97983670140269,11.7478715529299],[9.98155987888538,11.7537471925789],[9.98643231400013,11.7579938641256],[9.98863085063329,11.7604371242739],[9.98970040984608,11.7652072372243],[9.99344386574188,11.7688720231254],[9.99795977991994,11.7696864140968],[10.0020003358468,11.7698027548932],[10.0067539300499,11.7730602917991],[10.0155480801798,11.7748635530106],[10.020577523434,11.7791842189766],[10.0544328669833,11.7755514111687],[10.0552268829144,11.7768354721794],[10.0667033491803,11.7825046625602],[10.0738453053166,11.7832249790496],[10.0754124153507,11.7835474147814],[10.0762525709994,11.7837992843096],[10.0808552166949,11.78809850774],[10.0825683208714,11.7974104065651],[10.082714634273,11.797701284187],[10.0915785628005,11.8097826731319],[10.1115551107798,11.8104733866375],[10.1187479811344,11.8108206436578],[10.1193490178429,11.8108496611829],[10.1216665626618,11.8032015144384],[10.1272938743129,11.7876310716167],[10.1292190799966,11.7840014348184],[10.1307164619952,11.7805113557146],[10.1315008048184,11.7763232021541],[10.1325703640311,11.7733914563507],[10.1337112268916,11.7703898736938],[10.1341390496775,11.7674580649378],[10.1342103542245,11.7643168058759],[10.1336399232439,11.7612453198157],[10.1398448991229,11.7569228174341],[10.1526842321916,11.7613522276233],[10.1696719490013,11.7669430214034],[10.170343031206,11.7672401358237],[10.1864311732601,11.7694336857161],[10.1922479657711,11.7707184176209],[10.1981250155571,11.7720164540961],[10.2033302016276,11.7741803749244],[10.2071093093472,11.7759254616907],[10.2101180533056,11.7774407348021],[10.2158127817345,11.7786418072736],[10.2263900356717,11.7641958983221],[10.2315798046643,11.762995349256],[10.2353092536192,11.7546508889274],[10.2360459188841,11.7530026357631],[10.2408270071607,11.7518000497325],[10.2439685360192,11.7510098622154],[10.2441509401139,11.7500826836689],[10.2463661897479,11.7388223658596],[10.2732727020736,11.7467820161772],[10.2740443743484,11.7470102973874],[10.2739829929208,11.7488209771064],[10.2738725912471,11.7504401560884],[10.3043090163481,11.7574210832165],[10.3050750678601,11.7561026788956],[10.3073404708861,11.7522038372373],[10.3219702866994,11.7612123012068],[10.3305938030616,11.7592102259712],[10.3312523891865,11.7597598178614],[10.3353695358754,11.7599952873527],[10.3402230285699,11.7665571340046],[10.3427511379547,11.7699750991715],[10.3470245571377,11.7719323360085],[10.3504635979168,11.7735074266265],[10.3584992238601,11.7821643878763],[10.358567146057,11.7824068226168],[10.384147220418,11.785477060418],[10.388944182628,11.7923246729454],[10.3894188519985,11.7946330383841],[10.3906987527453,11.7965003061443],[10.390621359788,11.814451112329],[10.3905780709213,11.8244916301846],[10.3827819191503,11.8322072107942],[10.3703455327202,11.8379680780644],[10.3653320659221,11.8384612410935],[10.3603885456949,11.8403188447389],[10.3674376917961,11.8564725257865],[10.4083306692251,11.8658843851563],[10.4167665897064,11.8553993297153],[10.423651625722,11.8468418289873],[10.4225543152295,11.8410262712455],[10.4219484158867,11.8387803619242],[10.4271760724179,11.8295205662212],[10.4293030347073,11.8270330162607],[10.4295283229738,11.8266017463736],[10.450553433694,11.8245374101734],[10.4518449455878,11.8256848560713],[10.4671124301946,11.8163721298699],[10.4746981873715,11.8184036686944],[10.4749135246395,11.8022773621106],[10.4764355957262,11.7988739731554],[10.4863169605593,11.7962902955608],[10.4904728680285,11.7708088570432],[10.4891151039789,11.767974110317],[10.4846888746919,11.7637235968666],[10.4847365684379,11.7488835483371],[10.4847488288954,11.7450686341102],[10.4805141372177,11.7426302060192],[10.462380658041,11.7353414418541],[10.4717735219305,11.7079229203066],[10.4766553261824,11.7053388667953],[10.4815998878246,11.701065393653],[10.5000053120955,11.7234727317812],[10.5012685493041,11.722840598315],[10.5124180724362,11.7079213968551],[10.5123112527622,11.7075047643335],[10.5117392083978,11.6980827372286],[10.5082084232802,11.6898915141821],[10.5083897086182,11.6894595913871],[10.5229777572177,11.6871403081788],[10.5229818302473,11.6789578211466],[10.5261360170636,11.6738336289189],[10.5303816507926,11.6755423273166],[10.5381460340123,11.6737056383046],[10.5473486382291,11.6664193922412],[10.5517694805771,11.6634166467609],[10.5571172748424,11.6629278256587],[10.56588765679,11.6599250433061],[10.5790788819849,11.6590870523257],[10.591485762558,11.6590870523257],[10.5973683368793,11.6602043727337],[10.5984378951928,11.6559445611926],[10.5933346679606,11.6539365801091],[10.5940527037693,11.6496594728065],[10.5947657438441,11.6453995002868],[10.5962631258427,11.6423965281773],[10.5977961596651,11.6415352051856],[10.5976535523696,11.6391141735803],[10.5990796307204,11.6313387952492],[10.5998877417259,11.6300351182261],[10.601171211882,11.6291970364142],[10.6021219310823,11.6288711158094],[10.6027398993269,11.6277071070974],[10.6045462640989,11.6259378069843],[10.6046626309757,11.6250898218378],[10.6039758331182,11.6240288097818],[10.6035670237991,11.622035991268],[10.6033958954043,11.6210861381148],[10.6039092832868,11.6185718063438],[10.6044797142674,11.6166161972797],[10.6045367573655,11.6152752010897],[10.6046508435616,11.6143253236548],[10.6055064909319,11.6125931889246],[10.6064762235989,11.6066703213783],[10.6035621998357,11.6059437743857],[10.5947342657738,11.6022356312694],[10.5950675967922,11.6013061045931],[10.5947253382038,11.5992386198665],[10.5948394244,11.5950477242731],[10.5936415193407,11.5946565704444],[10.593299259853,11.5928684322324],[10.5935274322453,11.5906332464272],[10.5948394244,11.5891244844075],[10.5972352363171,11.5873921913966],[10.59803383969,11.5859951737384],[10.5985599493822,11.5846285207896],[10.59640431131,11.5835969219604],[10.595966864879,11.581830114768],[10.5998355037056,11.5696964401387],[10.5993156101273,11.5675501999818],[10.6040974844114,11.5589549034461],[10.6201954272772,11.5598297621339],[10.621563130634,11.5561890214063],[10.6215692981846,11.5555001739939],[10.6216067423573,11.5513176825651],[10.614817242222,11.5420650958276],[10.6125493363828,11.5418762795667],[10.6046786299149,11.5332110967148],[10.6045136762652,11.5331829650219],[10.5998133093368,11.5166567119377],[10.5994484067186,11.5167136120436],[10.5934291714192,11.5132903102996],[10.5879305086861,11.5082743047154],[10.5871495823874,11.5049833022376],[10.5844560957722,11.4997444077782],[10.5845144662696,11.4995912964013],[10.5756810031758,11.4883375490387],[10.5749871627274,11.4883515379931],[10.5659795567112,11.49548272205],[10.5648975149084,11.5045982179334],[10.5609555381676,11.507959490738],[10.5583399157546,11.508921122312],[10.550685608654,11.5028846955723],[10.5455512405973,11.4973797978395],[10.5410828618846,11.4932805458606],[10.5389065061304,11.4920453719964],[10.5278261831319,11.4988805253161],[10.5255475276963,11.5016183700918],[10.5248885170914,11.5012206179372],[10.521155841369,11.5003531381868],[10.5118673231185,11.5100257487893],[10.5059533255856,11.5106531913917],[10.5008436843886,11.5117034241737],[10.4988234059754,11.5100149038648],[10.4973973276246,11.5076276696813],[10.4943072040143,11.5065346678407],[10.4908611350334,11.5065213839547],[10.4889756317201,11.504384934717],[10.4863307597568,11.5051008876958],[10.484443783354,11.5032607246028],[10.4827800249782,11.5016886080429],[10.4802249683077,11.4973215712336],[10.4779670098696,11.4969139768986],[10.4764567909482,11.4968752368028],[10.4755264440902,11.4947047419303],[10.4694699597709,11.4908582309226],[10.4666852881955,11.4897736827093],[10.464835204681,11.4890531287989],[10.4600221913711,11.4862581069261],[10.45093094121,11.4818908308972],[10.4457073253328,11.4813578090157],[10.4447066110213,11.4808072719381],[10.4404288274285,11.4767189179437],[10.4392290239004,11.4767788892344],[10.4324395741271,11.4717041138538],[10.4296468374317,11.4665213379894],[10.4253091823729,11.4642502035841],[10.4232957190223,11.4527100563241],[10.4182931268264,11.4531289902108],[10.4155375968826,11.4527678206784],[10.4092035278206,11.4517994576789],[10.3937856118166,11.4454251295661]]]},"properties":{"FID":310,"globalid":"237f6342-3254-4430-8059-8d525a4609bb","uniq_id":28362,"timestamp":1565308800000,"editor":"nuraddeen.isah","lganame":"Katagum","lgacode":"5012","statename":"Bauchi","statecode":"BA","source":"eHA_Polio","amapcode":"NIE BAS KTG","Shape__Area":0.11568272125416001,"Shape__Length":2.4280668315573304}},{"type":"Feature","id":313,"geometry":{"type":"Polygon","coordinates":[[[9.57922054609139,9.55167291337432],[9.57815613010138,9.54279669561106],[9.57397492290443,9.53762699229191],[9.57004881200311,9.53435523260794],[9.57046521789556,9.52912041927198],[9.57385594979229,9.52495636214644],[9.57672602188848,9.52275239540677],[9.54850479516023,9.51763970730667],[9.54569322486248,9.51478327792597],[9.54500173614127,9.5140807563219],[9.54112558887488,9.5097683407364],[9.53105926497312,9.51585769707509],[9.52273387117128,9.52432494364126],[9.5126087154199,9.5296692997984],[9.5064765783315,9.53191953036207],[9.49703933739556,9.53229669343773],[9.49091115912273,9.52848907541056],[9.48611844531007,9.52993903166106],[9.48524986299083,9.53076278997082],[9.48455761973838,9.54015175979595],[9.48448214233707,9.54019247120561],[9.47301420883872,9.54205290771557],[9.46920074072165,9.54236221694282],[9.46814817959483,9.54466152890649],[9.46196391959927,9.54683728661155],[9.46108213343376,9.54837501039844],[9.45391258969431,9.55163594044632],[9.45077136660535,9.55163221905173],[9.44812242700846,9.55379628557017],[9.44508433097712,9.55440361663364],[9.43495592057934,9.56786263205487],[9.42998125233299,9.57044883674445],[9.42387314063296,9.57362428982918],[9.41937869237279,9.5809426012201],[9.41220757661841,9.58505342567508],[9.40460979640505,9.59155147621971],[9.40805788436393,9.59444902530231],[9.4215938008133,9.60867020716438],[9.42707513900649,9.61721085639596],[9.43078186569062,9.62078223870941],[9.43212364159285,9.62145882836228],[9.43473465498039,9.62926983963143],[9.43621852196725,9.63081056355674],[9.43443754505671,9.63603837567052],[9.43640936529999,9.6377781672287],[9.43993897410439,9.63942213062688],[9.43956221482438,9.64635019290711],[9.43681354311059,9.6474284197858],[9.43430627011833,9.65079045341673],[9.4376358022505,9.65498066732397],[9.44835118306071,9.65585782557821],[9.44882741365427,9.65216099413465],[9.45039946995962,9.64930910093432],[9.45427312610394,9.64523333924728],[9.4609991952567,9.64231582071858],[9.46344881630989,9.6467266859878],[9.46623844944492,9.65174978632365],[9.4687219848318,9.65431666098516],[9.47298295829694,9.66090053922858],[9.47335638109217,9.66201372455379],[9.47476764491091,9.66362835386548],[9.47375535092874,9.66772439796267],[9.47284182678891,9.67142079233577],[9.47361657204721,9.67985066937297],[9.47385709842638,9.68033745081277],[9.47411030344779,9.68375293295156],[9.47470797129591,9.68628265032407],[9.47717294017912,9.68684920972328],[9.48749511670633,9.69174875040454],[9.4875808086075,9.69185034321879],[9.48980417642167,9.69609407218371],[9.49030823743527,9.69675283367638],[9.49266721042346,9.69669605767695],[9.49367665805136,9.6988851820056],[9.49654076224641,9.70509637669647],[9.5019389464253,9.70585088361145],[9.50855495294877,9.71439359498845],[9.50213028978112,9.71898932669615],[9.50205978563065,9.71903976067648],[9.49563999139252,9.72158939983098],[9.49399991756218,9.71791148382795],[9.48815978764412,9.71079642101807],[9.48229426716676,9.70927730420425],[9.48185175935129,9.70893406625419],[9.47510321164395,9.71468483413781],[9.47128436198375,9.72003657013164],[9.47103514815359,9.72159978879927],[9.46594121361619,9.72537020367201],[9.45549991019277,9.72882634775777],[9.45528324732408,9.72867631565947],[9.44949259360834,9.72635081363921],[9.4446692407929,9.72361467667605],[9.44329881878548,9.72198309784176],[9.43949464696044,9.71792901341331],[9.4392993789632,9.71790968338524],[9.43441674283844,9.7181748646783],[9.43279328758018,9.71795755609639],[9.42347276515602,9.72539862224869],[9.4080417945932,9.73171156263857],[9.41198584786861,9.74090972240583],[9.4136661330856,9.74883121988495],[9.41797713133957,9.75423167305331],[9.41886120088378,9.75451708279718],[9.43004510509758,9.74669972860966],[9.4352668665727,9.74608940190444],[9.44030011575779,9.74892894111781],[9.4416375416393,9.74902511731534],[9.44689341619824,9.75188448927781],[9.45000248672545,9.75139760081868],[9.45287773441993,9.75072100217255],[9.45435667941729,9.74875906637789],[9.45999043021425,9.74359782927644],[9.46497551171052,9.74695259638526],[9.46604450524978,9.7530633089246],[9.46629320916435,9.75339037256771],[9.46729365277992,9.75530405433869],[9.46848868720321,9.75668689778217],[9.47177641524939,9.7591805460454],[9.47202771370809,9.75914029958523],[9.48058802122023,9.7578473047094],[9.48225531033438,9.75616542589376],[9.48365050416749,9.75192315922646],[9.48795270075658,9.75143035412759],[9.49336902785842,9.75152598443668],[9.50041505690939,9.75043918522027],[9.50307349244775,9.75207999109875],[9.51385961213145,9.7494258147496],[9.52345471826067,9.76780729636965],[9.52408154302884,9.76792769310862],[9.52530220992907,9.76714692509057],[9.53262232356144,9.75481004324894],[9.53484180720369,9.75251822713454],[9.53526704713659,9.75233323569034],[9.53765470220281,9.74836756361219],[9.53871451816053,9.74660730977956],[9.54732268219607,9.74637839994324],[9.55138736513481,9.74627030862791],[9.55260300392553,9.74706631296004],[9.55644845013592,9.74633154166736],[9.55696458005139,9.74629591772248],[9.55994861063994,9.74565581086705],[9.56243331064883,9.74410895896136],[9.57502946074106,9.73626721605922],[9.58717398299297,9.74153498235358],[9.5908881758487,9.74314603775946],[9.58830502525677,9.73936155479197],[9.59044414278299,9.7364333649079],[9.59293978034663,9.7338565374493],[9.59698033537421,9.73127968840697],[9.60066437126375,9.73045977829617],[9.60351652796544,9.72975699588869],[9.60601216462976,9.72917134298314],[9.60886432223072,9.7275315101711],[9.61028638690726,9.72516234786411],[9.61349907642131,9.7236661565679],[9.61778397455083,9.7249588852444],[9.62324394485222,9.72718011626938],[9.62728450077913,9.72647732666735],[9.62787869994207,9.72788290407283],[9.62809803919322,9.72997808971712],[9.63227577500709,9.73069403819937],[9.63738588924741,9.73081116770129],[9.63940616676126,9.73280237373064],[9.6402380459491,9.73479356716945],[9.64178296431243,9.73713613292625],[9.64368440181374,9.73619911040066],[9.64522932017701,9.73409079465449],[9.64689307765349,9.73186533771519],[9.65022059440497,9.72917134298314],[9.65010175439249,9.72636019626611],[9.65011161096214,9.72470843214847],[9.65342927114398,9.72483748126479],[9.65628142694635,9.72354902436803],[9.65699446702109,9.72507174476527],[9.65758866618404,9.72706298496882],[9.66151038119921,9.7277657718729],[9.66460021792574,9.72659445886723],[9.66614513628906,9.72483748126479],[9.66745237462743,9.72354902436803],[9.66994801219107,9.72460321596571],[9.67274810534082,9.72735386259075],[9.67050260970774,9.72076880443683],[9.69492238506007,9.71465416365879],[9.71171184182811,9.71403826565347],[9.71514813877565,9.71391220858163],[9.71669674885595,9.71291126224503],[9.72455161556468,9.70769159798891],[9.73060443964323,9.7054634727611],[9.73623819943339,9.70172899479729],[9.74003667944925,9.70099006234153],[9.74212716793448,9.69904485033965],[9.74451695889059,9.69661314737891],[9.74657875270731,9.6934779650361],[9.75143965401685,9.69163586210539],[9.75326596485246,9.68978010117075],[9.75677619776337,9.68925705367013],[9.76042929427655,9.68909931977782],[9.76252806102127,9.68894376584217],[9.76512357908996,9.68836320489805],[9.76988553339072,9.68705433429017],[9.77310101260167,9.68829024739705],[9.77784619904293,9.68863651336443],[9.78296472194444,9.68805595691691],[9.78920017944478,9.68946503268518],[9.79153894736459,9.68963372121931],[9.79440220799557,9.68900465713926],[9.79872638221684,9.68895896888137],[9.80226305699455,9.68929634415099],[9.80340391895572,9.68693470107564],[9.80431661032338,9.68462927192343],[9.80511521279686,9.68193021131026],[9.80614199036063,9.67996213224666],[9.80711172302762,9.67911866709284],[9.80870893067265,9.6791748981031],[9.80962162114093,9.67771288644059],[9.8093934478494,9.6758010159042],[9.80762511091018,9.672089703577],[9.80709547137894,9.6704641088316],[9.80633105843162,9.67021691757674],[9.80551451538264,9.66995287122808],[9.80443069562017,9.66843458628716],[9.80435656810118,9.66764368380899],[9.80543010501538,9.66675366075287],[9.80578949299075,9.66645570816445],[9.80602790416447,9.66387968919634],[9.80562860157875,9.66157410086413],[9.80500112660076,9.65977460691261],[9.80694976412036,9.65490940504503],[9.80661113609511,9.6540274983704],[9.8063131187555,9.65325135916294],[9.8064272049516,9.65077699236434],[9.80689534884135,9.64903676013842],[9.806484248949,9.64740282328171],[9.80540042918653,9.64605314593598],[9.80403139393371,9.64487217511083],[9.80328983275962,9.64329754044917],[9.80363209224731,9.64172289679431],[9.80460182491436,9.64059814798617],[9.80465886801238,9.63840487598429],[9.80387927900557,9.63577105668895],[9.80283348797514,9.633896439669],[9.80250073612012,9.63300599393153],[9.80250073612012,9.63155315535391],[9.80259580795024,9.63010030868236],[9.80297609616997,9.629209852153],[9.80406942266575,9.62817879381635],[9.80478246184117,9.62714773278168],[9.80502014186612,9.62597606814109],[9.80449724635088,9.62466379899519],[9.80349899078584,9.62302345626756],[9.80212044879971,9.62246105083688],[9.80156253278471,9.6213509393944],[9.8009320495745,9.62025828828945],[9.80083697774438,9.61810237772261],[9.80064683498352,9.61618079540744],[9.79841264472782,9.60938486511947],[9.7974143900621,9.60769757778104],[9.79713572163627,9.60764646031595],[9.79537034526527,9.60732262523902],[9.79503759341026,9.6053072409365],[9.79465730519053,9.60385428274901],[9.79532280890055,9.60277627800286],[9.79645340060398,9.6021373357695],[9.79794703872489,9.60129321770791],[9.79888800477767,9.60033903611765],[9.79917481206797,9.59869884537545],[9.80026654676379,9.59705810514748],[9.80045669132329,9.59546449928729],[9.80145494598901,9.59537075665514],[9.80247639327098,9.59625324698982],[9.80305777079951,9.59498479731059],[9.80359406261596,9.59377714270101],[9.80316623983015,9.59251162121438],[9.80429849258144,9.59160444269094],[9.80430710179138,9.58998056205337],[9.80463985364639,9.58904312763826],[9.80455107707058,9.58839239169555],[9.8052578209917,9.58749635667158],[9.80644622021691,9.58735573957574],[9.80706418666296,9.58609019380742],[9.80720679485773,9.58444966402084],[9.80706418666296,9.58332472365714],[9.80692157936744,9.58234039859059],[9.80775844799405,9.57999554315984],[9.80328514189586,9.57911290533639],[9.80153803525218,9.57699529329818],[9.79390716628274,9.56774616175602],[9.78821270675104,9.56150891730272],[9.78427219410651,9.55719280190635],[9.78281499291762,9.55654532330806],[9.78145215219513,9.55593818829681],[9.77769947105378,9.55120468135101],[9.76383039715517,9.54011372926522],[9.76087597314768,9.53870916719438],[9.74568700744948,9.53148818403253],[9.74435394867584,9.53159409539126],[9.73260021242993,9.53252792442424],[9.71355056780453,9.52782154103136],[9.70393562263092,9.52739429471097],[9.69590002096925,9.52374927860637],[9.6944999689984,9.52311420435711],[9.69234165634242,9.52247031135585],[9.68756019574647,9.52378797373603],[9.6832200585589,9.52578672058075],[9.67813753102229,9.53081214296606],[9.67282657388733,9.53343906805861],[9.66785825935125,9.53532360100343],[9.66359520035826,9.53429117120066],[9.65860691457749,9.53172585596354],[9.65627394908353,9.52803785586241],[9.65449044687665,9.52498008356406],[9.65100695890408,9.52190266107897],[9.6497696392575,9.52289251697613],[9.64837857331258,9.52228724625945],[9.64554259811246,9.5239868318269],[9.6410935692129,9.52632157797848],[9.6376136065827,9.5281954026957],[9.63582901169957,9.53030717543584],[9.63121880630291,9.53232971744256],[9.62744141089246,9.53461994805218],[9.6270844915561,9.53604762629698],[9.627679358016,9.53786196355884],[9.62651937017284,9.53833785600727],[9.62532963995096,9.53714812488613],[9.62419939628518,9.53717786906344],[9.62339632777838,9.53818913961715],[9.62303940934135,9.53928964000494],[9.62024354210581,9.54137166856771],[9.62009482571568,9.54333472491766],[9.61825074337713,9.54464342825167],[9.6150979568053,9.54461368407431],[9.61411643042896,9.54696340213934],[9.61191542785474,9.54758801097796],[9.610844670745,9.54889671431198],[9.60950622413299,9.54773672826747],[9.60721599262399,9.54699314541739],[9.60599651912412,9.54604136141973],[9.60421192334167,9.546279307644],[9.603260139344,9.54705263197343],[9.60192169183267,9.54616033543118],[9.59885813599425,9.54654699624695],[9.59731148643601,9.54580341519551],[9.59558042909356,9.54561603155469],[9.59218969719683,9.5438016933935],[9.59028612830224,9.54368272028137],[9.58845383967304,9.54438252143626],[9.58821108657241,9.54434357989237],[9.58668719255996,9.54409912617376],[9.58597335478652,9.54490219378124],[9.58374260983362,9.54627038457062],[9.58152971102737,9.54854574399093],[9.57990572876639,9.54975034630149],[9.57922054609139,9.55167291337432]]]},"properties":{"FID":313,"globalid":"7bf1d2c8-0a3d-4ab2-a27a-766984d80763","uniq_id":28365,"timestamp":1565308800000,"editor":"nuraddeen.isah","lganame":"Bogoro","lgacode":"5003","statename":"Bauchi","statecode":"BA","source":"eHA_Polio","amapcode":"NIE BAS BGR","Shape__Area":0.068739664208798956,"Shape__Length":1.5011079357613686}},{"type":"Feature","id":320,"geometry":{"type":"Polygon","coordinates":[[[10.8019578322882,11.936386925816],[10.8027200697754,11.9347400666009],[10.8046598426777,11.9321098329025],[10.8064002997341,11.9283599846256],[10.8127899172209,11.9169101715672],[10.8145884983605,11.905971221095],[10.8148899079429,11.9015197748178],[10.8162403119409,11.8955202103895],[10.8162980133427,11.8948072161801],[10.8163502252827,11.8941620443429],[10.8166198726091,11.8908300408737],[10.8170003892566,11.8861303331484],[10.8407470139636,11.8729301677931],[10.8604965397835,11.8555601033162],[10.8657538577544,11.8473528561494],[10.8740480873494,11.8344046592477],[10.8775171196194,11.828989119952],[10.8693318159106,11.8095694906395],[10.8617441980364,11.8026611783707],[10.860384820603,11.8018633825891],[10.8588194255761,11.8019556377425],[10.8546823759909,11.7999417040464],[10.8550146116351,11.7974557386914],[10.8543479909671,11.7952935535547],[10.8497522502662,11.7930632870411],[10.847176133272,11.7968175410967],[10.8400792952233,11.7946692333985],[10.833576894658,11.8011575415873],[10.825068525692,11.8013240222858],[10.8254686115872,11.7958213827507],[10.8236657829495,11.7883418570911],[10.8152453200155,11.7827022301238],[10.814049692939,11.7824254862472],[10.8099694742119,11.7806703927245],[10.8120760353808,11.7732665692968],[10.803014721852,11.7666302749673],[10.8048697957046,11.7606374887292],[10.7942814980927,11.7571093602089],[10.794271116319,11.757084144118],[10.7836684502388,11.7558044762956],[10.7804203724023,11.757866294394],[10.7787245469004,11.7582932781123],[10.7775438251874,11.7580292587434],[10.7757457467688,11.7557423808063],[10.7647212878572,11.7533187240799],[10.7629530390516,11.7539054049105],[10.7566408289112,11.7494043718144],[10.7511548313304,11.7512297887238],[10.7482755160023,11.7572109341373],[10.7476618402218,11.7574797666779],[10.7395617211965,11.766365903064],[10.7350025766077,11.7679680210074],[10.7351579183033,11.7701295811153],[10.736101383572,11.7832578771494],[10.7355548700613,11.7843754493675],[10.7210896373769,11.7901698046928],[10.7138063069156,11.7973337726356],[10.6980421402326,11.8058805561428],[10.6869166532809,11.8093144716856],[10.6838929131275,11.8062152757145],[10.6828413709326,11.8017051477744],[10.6806435258781,11.7945521920301],[10.6803914791835,11.7925643440693],[10.6793440226086,11.7791138668115],[10.6758510063189,11.7681165836135],[10.6652779216388,11.7594336112722],[10.655736086851,11.7528659100338],[10.6507798816862,11.733808936833],[10.6379132200191,11.7236127328414],[10.6369327809231,11.7207582459963],[10.6316569692938,11.7053980430853],[10.6222820981404,11.7030924106863],[10.6213905822096,11.7008485266383],[10.6192229876508,11.7013326361923],[10.6175116938097,11.7000060129672],[10.6170838701245,11.6988190301741],[10.6147308407557,11.6977716869139],[10.6127343314243,11.6986095609825],[10.6103813020555,11.6991681433951],[10.6083847918247,11.7002154803602],[10.6071013216687,11.7005645917826],[10.6024643335622,11.6939477398963],[10.60068396909,11.6921159683773],[10.5993291943869,11.6928840352701],[10.5978318123883,11.6936521012635],[10.5963344303897,11.6949089299032],[10.5968335568232,11.6963752241373],[10.5984735470166,11.6977716869139],[10.5987587634062,11.6992379658595],[10.5964057340374,11.7011231696986],[10.5929831463552,11.7019610338747],[10.5905588124393,11.7009137041042],[10.5892674372425,11.6992369568201],[10.5894179495788,11.6977716869139],[10.587492743895,11.6972131018032],[10.5852823227211,11.6984000926902],[10.5818597341395,11.6978415102775],[10.581717126844,11.6966545166927],[10.5811117760877,11.6947403438918],[10.5797919211603,11.6945598112863],[10.5779380191244,11.6950485784292],[10.5773675881437,11.69462963465],[10.5755849897555,11.6928840352701],[10.5752284697181,11.6914875473125],[10.575727597051,11.6899514018358],[10.5751571660704,11.6882755979406],[10.5734458722293,11.6833877781235],[10.5688824207871,11.6775222801292],[10.5644615784391,11.672773929873],[10.5598268242486,11.6687936321205],[10.5571172748424,11.6629278256587],[10.5517694805771,11.6634166467609],[10.5473486382291,11.6664193922412],[10.5381460340123,11.6737056383046],[10.5303816507926,11.6755423273166],[10.5261360170636,11.6738336289189],[10.5229818302473,11.6789578211466],[10.5229777572177,11.6871403081788],[10.5083897086182,11.6894595913871],[10.5082084232802,11.6898915141821],[10.5117392083978,11.6980827372286],[10.5123112527622,11.7075047643335],[10.5124180724362,11.7079213968551],[10.5012685493041,11.722840598315],[10.5000053120955,11.7234727317812],[10.4815998878246,11.701065393653],[10.4766553261824,11.7053388667953],[10.4717735219305,11.7079229203066],[10.462380658041,11.7353414418541],[10.4805141372177,11.7426302060192],[10.4847488288954,11.7450686341102],[10.4847365684379,11.7488835483371],[10.4846888746919,11.7637235968666],[10.4891151039789,11.767974110317],[10.4904728680285,11.7708088570432],[10.4863169605593,11.7962902955608],[10.4764355957262,11.7988739731554],[10.4749135246395,11.8022773621106],[10.4746981873715,11.8184036686944],[10.4671124301946,11.8163721298699],[10.4518449455878,11.8256848560713],[10.450553433694,11.8245374101734],[10.4295283229738,11.8266017463736],[10.4293030347073,11.8270330162607],[10.4271760724179,11.8295205662212],[10.4219484158867,11.8387803619242],[10.4225543152295,11.8410262712455],[10.423651625722,11.8468418289873],[10.4167665897064,11.8553993297153],[10.4083306692251,11.8658843851563],[10.4079056658139,11.866412688295],[10.4074317752563,11.8717999070401],[10.4352152111131,11.8769956781081],[10.449780772165,11.8687783468433],[10.4739392485975,11.8951537420516],[10.4696664112759,11.8999088282299],[10.4674732193137,11.90234955229],[10.4596304233054,11.9065697567889],[10.456829110675,11.9102441258657],[10.4531461072071,11.9136123594229],[10.4386245068156,11.9268928576194],[10.4391477593617,11.9284455191454],[10.4350946291139,11.9434250264439],[10.4353404875735,11.9453247021733],[10.4402309702831,11.9521090797703],[10.4278431391496,11.958376107971],[10.4306469303116,11.9681782856994],[10.4200923024179,11.9725402566276],[10.416617998322,11.9753123493855],[10.4155898196145,11.9791527926673],[10.4234207463704,11.985580025198],[10.4264238290965,11.985258515768],[10.4381962613484,11.9857779830675],[10.4324195983858,11.9977874370406],[10.427779816985,11.9985958942851],[10.4245271526061,11.9962406408929],[10.4101596897179,12.0016635132606],[10.4088225651093,12.0095130299025],[10.4070327874333,12.0107281308986],[10.4020489631891,12.0244282329766],[10.4031861541177,12.0258508984003],[10.4045373153449,12.0376563672476],[10.3963962187105,12.0453071939719],[10.3950091232725,12.0490948596401],[10.3981810779944,12.052475329373],[10.4020809529737,12.051486733426],[10.4126632179332,12.0575429497474],[10.4126328037609,12.0577059599621],[10.4177309579174,12.0616234958277],[10.4199008961095,12.064208448661],[10.4191047442886,12.0757341537083],[10.4412085828099,12.0797467739945],[10.4412338150885,12.0798955299548],[10.4404426032436,12.0941327764066],[10.4336899276481,12.1016237720195],[10.4321861352819,12.1119028386452],[10.4322260957578,12.1120009232041],[10.4310327502612,12.1147929332473],[10.4187450271613,12.130627213775],[10.4137470997489,12.1274920386267],[10.4103803311874,12.1242364532498],[10.407419286371,12.1246948943539],[10.4023436647284,12.1286264830258],[10.4026939425714,12.1318751139454],[10.4030405952473,12.1350901192137],[10.4030809460289,12.1350996781077],[10.4106768790348,12.136899165764],[10.4088201783086,12.1430069564059],[10.4059616076422,12.1452476433641],[10.4054121524489,12.1468601340879],[10.4055343667177,12.1485171169714],[10.4046144888676,12.1493307399218],[10.3952229928469,12.1576374251271],[10.3950755247158,12.1611558391707],[10.3790514287805,12.1671231224342],[10.3750113270112,12.1679101830086],[10.371505097882,12.1682848225865],[10.368237002036,12.1681686526612],[10.3621761685953,12.1694465191416],[10.3491898683178,12.1725666189544],[10.3439936700719,12.1743836712695],[10.33555603908,12.1790303180948],[10.3278314481628,12.1811212823214],[10.3206764122867,12.1823635464406],[10.3104214079217,12.1851870003798],[10.3105402479342,12.1862905395768],[10.3116692271532,12.1875102379072],[10.3136895037676,12.1894849773499],[10.3164822413624,12.191343537874],[10.3193343980641,12.1925632137214],[10.3207604764149,12.1937828823742],[10.321473514691,12.1951187038651],[10.3212952555716,12.1961641252742],[10.3203445372706,12.1974418559569],[10.3202851172644,12.1989518941147],[10.3218300347284,12.1993003634211],[10.3237908931353,12.1994165189572],[10.3249792905619,12.2005780788153],[10.3244445123045,12.2023784855787],[10.3242467495879,12.204486257235],[10.3240879922671,12.2071988733294],[10.3248010323418,12.2095799939216],[10.3248604514487,12.211903019209],[10.3251575505806,12.2152132950576],[10.3258111697497,12.21742012344],[10.3278908681691,12.2193946371528],[10.3285444873383,12.2212529899336],[10.3285444873383,12.2229371107591],[10.3276531881442,12.224156640017],[10.3264647898183,12.2252019463128],[10.3245411030895,12.2257960798253],[10.3220677147533,12.2270602577248],[10.3203445372706,12.2282797689962],[10.3197503372083,12.2299638448556],[10.319928597227,12.2316479099231],[10.3211169955529,12.2327512575645],[10.3227807539287,12.2324028332242],[10.3240285722608,12.2324609042474],[10.3261994142716,12.2334361488593],[10.3289372878256,12.2324771693859],[10.3313140862761,12.2309092508613],[10.3336314629217,12.2300962529397],[10.3355329013224,12.2300962529397],[10.3361865195923,12.2310253938069],[10.3360082595736,12.2321287450456],[10.3360082595736,12.2332901601129],[10.3354140613099,12.2345677118305],[10.3337923768168,12.2365383854382],[10.3313140862761,12.2382261224377],[10.3301256870508,12.2403746882413],[10.3308387262263,12.2421167559835],[10.3320271245522,12.243394265433],[10.3332155228781,12.2443233586362],[10.3349387021594,12.2451943808161],[10.3361865195923,12.2445556319369],[10.3369589787739,12.2437426762835],[10.3372560788051,12.2428716487076],[10.3379096979742,12.2418844808842],[10.3395140363438,12.2409553795871],[10.3415343138576,12.2405488950155],[10.3429009722021,12.2405488950155],[10.3433169122458,12.2415941365602],[10.3428415521959,12.242755511158],[10.34165315387,12.2442072219857],[10.340524174651,12.2463557401254],[10.3405835946572,12.2489687778868],[10.3414154738451,12.2513495252604],[10.3429009722021,12.2518140565735],[10.3445053105717,12.2518140565735],[10.3467038481041,12.2517559909463],[10.3494965847996,12.252046323579],[10.3515762823196,12.2519882570525],[10.3538342398583,12.2522785896852],[10.3560645333516,12.252990272683],[10.3571041190599,12.2545506000302],[10.3587503055822,12.2570844965523],[10.3619153508129,12.2608142278943],[10.3634602691761,12.2636593788773],[10.365242866665,12.2653432299062],[10.3661341658591,12.2666206269404],[10.3672037250719,12.2672593227596],[10.3670848850595,12.2686528357598],[10.3664312649909,12.2699302157069],[10.3650646066463,12.2702785923832],[10.3638762083204,12.2696979657886],[10.3626283899882,12.2688850883762],[10.3606081115751,12.2677818909216],[10.3587066740738,12.2667948157282],[10.3567657203618,12.2667882093085],[10.3554385782278,12.2680722055679],[10.3547255390524,12.2699882786362],[10.3549037990711,12.2720204631739],[10.3559733573846,12.2739365065646],[10.3569834956918,12.2756783530736],[10.356516180977,12.2769245031633],[10.3558496277582,12.2786078352834],[10.3546154503428,12.2797724960039],[10.3541907589964,12.2819489039188],[10.3551414781967,12.2832842802454],[10.356329877422,12.2837487575991],[10.3573400157292,12.2834003989094],[10.3587066740738,12.2829939808876],[10.359895073299,12.282761741761],[10.3619153508129,12.2820069641501],[10.3641243897288,12.2814532371772],[10.3664312649909,12.2809618826848],[10.368095024266,12.2810780031474],[10.3702341408929,12.281716663893],[10.3721949992998,12.2824714433025],[10.3748094759766,12.2835745778046],[10.3759978743025,12.2853744197937],[10.3759739028733,12.2876869445969],[10.3798127813349,12.2883995727821],[10.383863835048,12.2882126477955],[10.3958546083036,12.2922245549193],[10.3941312806342,12.2951647525513],[10.4048030632109,12.3007619324173],[10.4108658167041,12.3055164061573],[10.417242393122,12.3036080285877],[10.4191367448649,12.2958829268557],[10.4202841637832,12.291252160259],[10.4279903150011,12.2724268973835],[10.4296084930376,12.2718960635526],[10.4361055048652,12.273885982652],[10.4388641617517,12.2766653940927],[10.4366537909398,12.285647496235],[10.4306430740187,12.296558892379],[10.4335796788591,12.2999163133872],[10.4433183626523,12.299219588813],[10.4446873160668,12.2977407409425],[10.4459945544052,12.2966376648964],[10.4474206327561,12.2955926427863],[10.4479105959973,12.2944621284245],[10.4479554119128,12.2921672600111],[10.4481336719315,12.2894965918942],[10.4468264326937,12.2865936612685],[10.4454003552423,12.2842712915869],[10.4456159470184,12.2822692217472],[10.4462916544364,12.2796264946671],[10.4474206327561,12.2773040656302],[10.4428871916906,12.2678913519044],[10.4419447777294,12.2627858269045],[10.4419637947934,12.2586167722463],[10.4503111041741,12.2562825566947],[10.454874554717,12.2591625968764],[10.4578217841481,12.2607419601734],[10.4638113130417,12.2619497011179],[10.4734135741771,12.2605561530441],[10.4861897352681,12.2582784293061],[10.4872573492473,12.262019888707],[10.4913316900056,12.27138278179],[10.4913677717054,12.2714027863096],[10.503740665999,12.2925062189869],[10.5219103329955,12.2916752876844],[10.5274753000451,12.2948070112346],[10.5116112222801,12.3166822735681],[10.4966827038438,12.319061005561],[10.4986697604012,12.3251973029132],[10.5059265635601,12.351359241336],[10.5140058443943,12.3546529121023],[10.5201599123501,12.3614300843309],[10.5254801109184,12.361096291061],[10.5593441787909,12.3426097389483],[10.5588572642514,12.3302009482152],[10.5930628118993,12.3225745488764],[10.5962492663906,12.3282140832134],[10.6015937664392,12.3294834097316],[10.6068059690203,12.3282229712132],[10.6139157833867,12.3274972551942],[10.6183472719091,12.3264150703992],[10.6211290611573,12.3211852851728],[10.6256438790618,12.3216903489305],[10.6432257500684,12.3249649450762],[10.6463259631727,12.3223314783151],[10.6509667410223,12.323214667423],[10.6549606167391,12.3278894126663],[10.6610949193951,12.3342088560539],[10.674299629924,12.3409851478464],[10.6765807360122,12.3479409164402],[10.6769387929909,12.3483071131828],[10.6769745203579,12.3483933096036],[10.6813121295512,12.3514560506563],[10.6871604163202,12.3501246025684],[10.7063046651282,12.3500674155788],[10.7065756497465,12.3502645721524],[10.7078568985771,12.3519113117577],[10.7078659178779,12.35438638992],[10.7203833431169,12.3685619060072],[10.7212535819872,12.3700577267827],[10.723620031939,12.3704126091546],[10.7642614510052,12.3696318699149],[10.766091993151,12.3602417714407],[10.7679235677185,12.3508478562436],[10.772070500853,12.3295754436518],[10.7759386558444,12.3097315231913],[10.7816637480835,12.290856755335],[10.785018787687,12.2872161791834],[10.7879455251659,12.2821479283842],[10.7890162822757,12.2783645839584],[10.7894445852994,12.2750095452544],[10.7893915738621,12.2749783369807],[10.7895081430864,12.2531860272134],[10.7895081430864,12.2410793313461],[10.7921167768678,12.2303490586622],[10.7949016759716,12.1847421552263],[10.8031515303189,12.1447637586406],[10.7994953212521,12.128041829267],[10.8044189349859,12.1170569836929],[10.8192050538702,12.1121381921239],[10.8232203946056,12.1094315547225],[10.8237557727108,12.1084500274468],[10.8244101248275,12.1032746997676],[10.8266862738525,12.0958846053903],[10.8217917945557,12.0656048889545],[10.8223628658536,12.0607507892176],[10.8256531290887,12.0496423390228],[10.8259107371908,12.0480039019586],[10.8258917012411,12.0451104771668],[10.823092509212,12.026492497231],[10.8228620390519,12.0200559333347],[10.8226753496877,12.0148419563913],[10.8245767880883,12.0144700003902],[10.8261930100994,12.0133541242935],[10.8257176500496,12.0116803043027],[10.8243866426295,12.0087975886378],[10.8227906751496,12.0070850789133],[10.8222915478167,12.0067782041509],[10.8205041146732,12.0074122756561],[10.8194460577894,12.0089085020258],[10.8193253049189,12.0096516424094],[10.8189687848816,12.0100282559993],[10.8183840942506,12.0099027178362],[10.8176191057372,12.0097365483031],[10.8157601090418,12.0088705155619],[10.8151998628834,12.0079868686991],[10.8156276505957,12.0069868810398],[10.8155889788483,12.006080762817],[10.8170578406469,12.0039047362147],[10.818206970975,12.0029158237064],[10.818206970975,11.9994982983079],[10.8205600003438,11.999916772641],[10.8216565347213,11.9991861580148],[10.8225494401046,11.9985912196091],[10.822833457698,11.9976973816289],[10.8225565087759,11.9971966741872],[10.8204376448815,11.9950749072812],[10.8200811257434,11.9943076884491],[10.8201952119395,11.992829042926],[10.8207739121863,11.991407652741],[10.8217068562864,11.9897601307255],[10.8219335412,11.9882753284437],[10.8215927700903,11.9877932189819],[10.8216212911897,11.9871654769053],[10.8219492892284,11.9865237863437],[10.8225197211083,11.9859518409048],[10.8228049365986,11.9855333440886],[10.8223485900155,11.985198546276],[10.8216070297407,11.9850171979854],[10.8208512080169,11.9849613986497],[10.8200953871924,11.984640549322],[10.8194251305654,11.9843057497106],[10.8187976546881,11.9839709509986],[10.8185267006468,11.9835803520517],[10.8183698319023,11.983133951071],[10.818455396999,11.9827294000418],[10.8189117426828,11.9825619993368],[10.8196105204092,11.9824922488183],[10.8203235586853,11.9822132476433],[10.8212362491536,11.9816133944427],[10.8217211159368,11.981222790999],[10.8219350277794,11.9809298377419],[10.8221774607213,11.980692685619],[10.8226338064051,11.9806647859511],[10.8230331089908,11.9808182372719],[10.8234181501276,11.980581085149],[10.823803190365,11.9801346787725],[10.8240456251056,11.9797580238138],[10.8239743196592,11.9791721164001],[10.8235754433521,11.9784666567109],[10.8234751923263,11.9780142437624],[10.8237176270669,11.9776515372886],[10.8236605830695,11.9772051264155],[10.8232612813831,11.9767866152102],[10.8227764137006,11.9766192109079],[10.8221346790722,11.976758714643],[10.8217496379355,11.9770656217811],[10.8215642471923,11.977707338423],[10.8215072040942,11.9782095468332],[10.8210793822078,11.9787954587435],[10.8207941649188,11.9794790199409],[10.8206658190724,11.9798277752317],[10.819981300097,11.9798696251831],[10.8193110452686,11.9799114760339],[10.8188404381357,11.9797440744296],[10.8186979720338,11.9794151204115],[10.8185552217461,11.9786001547733],[10.8183270502532,11.9776515372886],[10.8182985291538,11.977079572964],[10.8176710532765,11.9768145157773],[10.8172004479424,11.9766331611915],[10.8169757981946,11.9761050801853],[10.8169865369991,11.975042816273],[10.817143403945,11.9739825803319],[10.8173145341385,11.9731316004431],[10.8177566183733,11.9727270332261],[10.8181273989604,11.9722108610425],[10.8182842668055,11.9717644429747],[10.8187120922893,11.9713738251419],[10.8188546977862,11.9710390093429],[10.8186978308403,11.9704809827113],[10.8182447380043,11.969928743217],[10.8170007525827,11.9696295783424],[10.815660876948,11.968944079106],[10.8146863913639,11.9684790531658],[10.8140684231193,11.9684558020936],[10.8138045026757,11.9688609151991],[10.8128324884286,11.969037084294],[10.8109114430088,11.9681651609934],[10.8107295740107,11.9676219812695],[10.8110736582228,11.9668979595732],[10.8103179192366,11.9663924947179],[10.8098139562491,11.9658748962095],[10.8096738904378,11.9654408995779],[10.8102417790349,11.9647355675924],[10.8110261218581,11.9642240323133],[10.8115727855557,11.9636427402203],[10.8111219868902,11.9625728392652],[10.8115252500903,11.9615733291459],[10.8121669847186,11.9606897551282],[10.8128087202463,11.9596666665835],[10.8132840811954,11.9588528439836],[10.8139258158238,11.9579227570297],[10.8137356721636,11.956597377567],[10.8140446549369,11.9558067979454],[10.8140446549369,11.9550627195689],[10.8136639107609,11.9545800714132],[10.8126661129508,11.9543651460347],[10.8118342346622,11.9550394675974],[10.8111449627698,11.9558998067308],[10.8105745308899,11.9566903872516],[10.8097188853184,11.9571786849484],[10.8088148049594,11.9570970408957],[10.8081026633073,11.9574577122037],[10.8072470150378,11.957318198576],[10.8069488708937,11.9564230565788],[10.8072470150378,11.9554580120777],[10.806981170045,11.9547387406004],[10.8056307930268,11.9526444551775],[10.8048939847696,11.9508307402465],[10.804917752952,11.9500633964087],[10.8055927966703,11.9491434601027],[10.8064864412963,11.9481799066774],[10.8067716549879,11.9472962885929],[10.8055542823043,11.9454475882357],[10.8044899301662,11.945738324664],[10.8036784853738,11.9458028267391],[10.8033966036704,11.9463894158389],[10.8034679073181,11.9471800233395],[10.8027311008597,11.9475288199991],[10.8018279171247,11.9474823142575],[10.8014000934396,11.9475753257407],[10.8007345897296,11.9469009861916],[10.799831406894,11.9463429091979],[10.7996650323154,11.9456685660516],[10.7997838714286,11.9445291528982],[10.7999046099098,11.9439204143957],[10.8003543042078,11.9433897361475],[10.8015427016344,11.9431572020433],[10.8026996146955,11.9431875982291],[10.8032064591109,11.942529357444],[10.8037539555806,11.9415517107429],[10.803705587343,11.9405993071124],[10.8030638518154,11.939204081803],[10.8031826918278,11.9382041660895],[10.8032777627586,11.9372274996495],[10.8019578322882,11.936386925816]]]},"properties":{"FID":320,"globalid":"4a31e6a8-c40e-4056-8ab7-5985877568b0","uniq_id":28370,"timestamp":1565308800000,"editor":"nuraddeen.isah","lganame":"Gamawa","lgacode":"5007","statename":"Bauchi","statecode":"BA","source":"eHA_Polio","amapcode":"NIE BAS GAM","Shape__Area":0.23722441079694789,"Shape__Length":3.0542079830727462}},{"type":"Feature","id":338,"geometry":{"type":"Polygon","coordinates":[[[9.62256431189354,10.9439092450157],[9.61976919739061,10.9423410800769],[9.61777268805918,10.9411089450218],[9.61623252441154,10.9398768045709],[9.61338036591121,10.9394287533344],[9.6124534373763,10.9391253913238],[9.6101289066238,10.938364626926],[9.60796126799818,10.937188481863],[9.60647178384579,10.9349488695947],[9.60603800664876,10.9310138032445],[9.60510911129649,10.9281712207253],[9.60505206819846,10.926434944617],[9.60318445689722,10.9230294188727],[9.60153917779087,10.920623815137],[9.5997015399941,10.9149325616884],[9.59969001428277,10.9148968639991],[9.59803576264039,10.9115361721567],[9.59843506522611,10.909799799821],[9.59792167644429,10.9075032928428],[9.59649559809344,10.9046466377322],[9.59546882232831,10.9021260349886],[9.59324413880603,10.899437369639],[9.59113354417775,10.8923795091071],[9.59022085370947,10.8872260439468],[9.59042394041256,10.8865314687523],[9.59187510355321,10.8815683334119],[9.59352935519564,10.8779271762982],[9.59542712076507,10.87682160913],[9.59689489977984,10.8759665337286],[9.60180060981037,10.8769748652978],[9.60413937862944,10.878823464931],[9.60607884576217,10.8789915194431],[9.6079042249001,10.8770308840681],[9.60818944128971,10.8757424604462],[9.60784718180207,10.8720452108179],[9.60299851486963,10.8671714959678],[9.60230329396188,10.8663370177392],[9.60145835212131,10.8653228252882],[9.60026044616274,10.8622416796099],[9.59832097903001,10.8592725471904],[9.59683785668182,10.8576479147196],[9.59558290762516,10.857423827048],[9.58771095469683,10.8557991837853],[9.58354948671951,10.855649184962],[9.58069465003814,10.8554630495801],[9.576473458983,10.8563594065614],[9.57293678330598,10.857423827048],[9.56991349820942,10.8582081338983],[9.56614865103944,10.8572557599454],[9.56329649433781,10.8557431623171],[9.56015915542076,10.8511848828761],[9.55902029355178,10.8498015816777],[9.55747091005452,10.8479196396797],[9.55606215804221,10.8461631387179],[9.55525341301467,10.8451547558873],[9.55308577259041,10.8429698008157],[9.54994840129774,10.8414011052768],[9.5474385022851,10.8403366272336],[9.54367365511513,10.840448678264],[9.54133488809464,10.8415131554078],[9.53686650938192,10.8412890542465],[9.53329974688586,10.8407585261851],[9.53047767700326,10.840448678264],[9.52808186508605,10.8391600963614],[9.52580014026432,10.8364148366754],[9.52329024215101,10.8353503424444],[9.51929722258882,10.8323249160621],[9.51489047801317,10.8304438221247],[9.51473377204599,10.8290753489483],[9.51313656440095,10.8274505528008],[9.50994214821162,10.8262179429038],[9.50726112080412,10.8259378031871],[9.50577264299312,10.824315749972],[9.50469417959278,10.8224640530736],[9.50366740382765,10.8211753938294],[9.49950325497127,10.8214555380427],[9.49744970164244,10.8227441963876],[9.49522501991879,10.8243129899525],[9.49254399161197,10.8257136921332],[9.48974887890768,10.8262179429038],[9.48798054286783,10.8255456079435],[9.48706785239949,10.8245371019058],[9.48472908268104,10.8227441963876],[9.48170579758454,10.8214555380427],[9.47776982112038,10.8194384962896],[9.47565922559284,10.8195505554139],[9.47458881562142,10.8196074959892],[9.46962048579684,10.8198717878528],[9.46585563862686,10.8180967833399],[9.46013307258329,10.8160259297529],[9.45727178866218,10.8143988223478],[9.45615814827994,10.8120984213052],[9.45366251161568,10.810697656172],[9.4518086095797,10.8106276178703],[9.45123817769979,10.811818268998],[9.44931297201612,10.8118883081989],[9.4473877672317,10.8121684596068],[9.44560516794417,10.811818268998],[9.44482082512104,10.8106276178703],[9.44253910029931,10.8096470780503],[9.44097041285431,10.808036183623],[9.43997215908792,10.807615950216],[9.43861738438483,10.8078260660202],[9.43704869873852,10.8079661453214],[9.4367395208123,10.8068407454041],[9.43719130603398,10.8054447268927],[9.43622907191417,10.8049827028895],[9.43462436482264,10.8044641708848],[9.43341219831433,10.8034836112797],[9.43134438443582,10.8026431282778],[9.42884874777155,10.8022228858775],[9.4267096311446,10.8007520338793],[9.42371486534881,10.7985807619926],[9.42157574872186,10.7974600997039],[9.42121922778517,10.7966196014135],[9.42171835511806,10.795148720637],[9.42100531594264,10.7937478763635],[9.41957923759179,10.7926271960883],[9.41815316014026,10.790245737351],[9.41751142371328,10.7891950872835],[9.41766680228113,10.7874329475725],[9.4167270808901,10.7865334240783],[9.41522969979087,10.7856228497148],[9.4132331886608,10.7854827623197],[9.41230623764278,10.7838016928939],[9.41145059207122,10.7833113798164],[9.40909756180309,10.7843620496689],[9.40738626796195,10.7850624947384],[9.40517584678793,10.7848523618471],[9.40332194565133,10.7840118275838],[9.40246629738175,10.782190659971],[9.40218108189146,10.7805095743574],[9.40210977914302,10.7785482941685],[9.40046978894964,10.7765870031877],[9.39932892608914,10.7751860716799],[9.397617632248,10.7743455086384],[9.39633416119261,10.774065322157],[9.39562112111787,10.7728745208425],[9.39583503296046,10.7718238096211],[9.39419504276708,10.7702127128464],[9.39255505257364,10.7673407368856],[9.39219853343565,10.7652392739734],[9.3907724550848,10.7636981912186],[9.38799160203087,10.7620870512765],[9.38442640615375,10.7611764031685],[9.38214468133202,10.7597754006143],[9.37914991733487,10.7580941890956],[9.37558472055844,10.7566231212601],[9.3727325638568,10.7554322506979],[9.37052214178345,10.7549418917549],[9.36774128872952,10.7535408604224],[9.36474652473237,10.7524200299605],[9.36374827006665,10.7519296656216],[9.36175176073522,10.7503184627269],[9.36004046599476,10.7489174098106],[9.35771120480831,10.7477592008265],[9.35614251916201,10.7465682960901],[9.35535817543951,10.7454474404471],[9.35378948979314,10.7454474404471],[9.35157906771985,10.7448870108269],[9.35008168662057,10.7439763105583],[9.34894082286075,10.7439763105583],[9.34737213721439,10.7450271180072],[9.34494780329851,10.7450971715973],[9.34280868667162,10.7448169572368],[9.34138260922009,10.7449570653164],[9.33952870718412,10.7457977092969],[9.3376034997018,10.746288082629],[9.3361061177032,10.7457977092969],[9.33468003935241,10.7437661488887],[9.33211309814101,10.7435559872191],[9.3300452842625,10.7425752279644],[9.32911833414386,10.7411741390753],[9.32719312756086,10.74173457589],[9.32426966811073,10.7431356620812],[9.32255837337027,10.7430656075917],[9.32113229501942,10.7440463650478],[9.31977752121566,10.7440463650478],[9.31785231373334,10.7432057156713],[9.31592710894898,10.7425752279644],[9.3142871187556,10.7423650653955],[9.31321756044213,10.7418046303794],[9.31264712766284,10.7411040845859],[9.31022279644498,10.7408939211176],[9.30822628531484,10.7408238657289],[9.30680020696406,10.7410340300964],[9.30458978668935,10.7394928241346],[9.30173762908834,10.7383719433106],[9.29845764870157,10.7375312777463],[9.29688896215595,10.7361301645755],[9.29460723733416,10.7348691585848],[9.29239681705951,10.7337482588751],[9.29125595419896,10.7312962780009],[9.29075682686613,10.7298250788643],[9.28854640389346,10.7287742192549],[9.28583685628593,10.7275832389753],[9.28391164970293,10.7270928350663],[9.28289361894542,10.7270493456508],[9.28143488711038,10.7256525240448],[9.28056036476909,10.7242204481153],[9.27856385633697,10.7239402139697],[9.27635343426363,10.7235899217375],[9.27435692493219,10.7221887447149],[9.27139976878436,10.7220000912313],[9.26916431138392,10.7207932630986],[9.26731041024726,10.7203028456998],[9.26531389911719,10.7189717141733],[9.2628182615536,10.7186214147466],[9.26153479139754,10.7175004547822],[9.25882524199136,10.7164495520053],[9.25561656705099,10.7144177964442],[9.25312092858803,10.7135770652294],[9.25155224294173,10.7139974299375],[9.24912790992516,10.7131566978234],[9.24755922337948,10.7118255357199],[9.24529764876752,10.7099710967888],[9.24456446028165,10.7103542421546],[9.24363750926369,10.709793746884],[9.24249664640314,10.7079020697248],[9.24114187080073,10.706640945923],[9.23921666601638,10.7056600679578],[9.23779058766553,10.7060103826731],[9.23648105066002,10.7055626183202],[9.2345819100272,10.704749249878],[9.23251409704801,10.7034881116871],[9.23030367587398,10.7031377960725],[9.22827634587674,10.7021715572716],[9.22775345216013,10.7018352512958],[9.22767450967092,10.7015759057035],[9.22751577213523,10.7004713412794],[9.22680978274531,10.6992142185614],[9.22564344119189,10.6975123028506],[9.22558446005485,10.69742623863],[9.22532911824425,10.6969868028987],[9.22490316784695,10.6971333923922],[9.22434987794458,10.6976407413272],[9.22399088477158,10.6978862850241],[9.22338014437821,10.6983040192152],[9.22286675559633,10.6984628322939],[9.2223246010995,10.6982633716573],[9.22170687836979,10.6976594247427],[9.22102236119304,10.6973137721129],[9.22014769855747,10.6974165340459],[9.21904010341808,10.6979190095547],[9.21791351099978,10.6981171796642],[9.21618549966115,10.698583640023],[9.21467285796609,10.6999949973713],[9.21173395535783,10.7004582129762],[9.21056640331693,10.7001167529858],[9.20771873782951,10.7011520381361],[9.20429687769882,10.6984796720992],[9.19937690801794,10.6977089611996],[9.19723778959235,10.6970083137827],[9.19477347991221,10.6967773328077],[9.19253173175406,10.695396817709],[9.19124826159805,10.6955019160806],[9.18647089921268,10.6964477951297],[9.15447739061915,10.7095440546145],[9.13634652667093,10.715162409018],[9.12143773306497,10.7166420869628],[9.10908903413167,10.7182697231692],[9.09146955077921,10.7193054876582],[9.08292299030381,10.7206313887277],[9.0685792821082,10.7228566514134],[9.0523151427297,10.7281833197045],[9.03689719255146,10.7368579418406],[9.03524604267079,10.7377869280244],[9.04334535680283,10.7752851697748],[9.02362599334498,10.7904156129902],[9.02031372010214,10.8089070511195],[9.0209540553854,10.8125197833614],[8.98622645758502,10.8089687167329],[8.96713325789358,10.8062894969628],[8.96051737727521,10.8059474677015],[8.95713150081815,10.8065067326996],[8.95250883531457,10.8093080372362],[8.95200035593172,10.8096156089732],[8.92936665574661,10.823306090104],[8.9065428199952,10.8353017241953],[8.89758848442108,10.8365532882037],[8.86342303574457,10.8432429096326],[8.81392327833669,10.8529350031479],[8.79465208662452,10.8543517510325],[8.76616951960767,10.8511366324497],[8.74578668670625,10.8572109782041],[8.74507364843021,10.8594518522212],[8.7454301675682,10.8618327605735],[8.74714146230866,10.8635834186399],[8.74894154621546,10.8643947186414],[8.74969864857383,10.8656419173407],[8.75013622630587,10.8668746243645],[8.74965119944335,10.8698539901695],[8.74935410031151,10.8761269601911],[8.74994829857519,10.8856091069748],[8.75232509612636,10.8966955399673],[8.75395914539831,10.9039890219759],[8.756038842019,10.9076356973296],[8.75767289039163,10.9162416679187],[8.75960403789605,10.9235346696893],[8.76242648459464,10.9245556763034],[8.76524893219249,10.9265976778406],[8.76718007879765,10.9300982187578],[8.7679228288755,10.9363699189366],[8.76671737580631,10.941724745001],[8.77074753557037,10.9418211001637],[8.77327062224145,10.9382659883847],[8.77728146906458,10.9368074741856],[8.7886972427836,10.9422502521475],[8.78970718503859,10.9476804728756],[8.78825855259015,10.9557895662355],[8.78707400695993,10.9632199970053],[8.78654639270189,10.9640241393026],[8.78411483812931,10.974309921166],[8.7848612349581,10.9855788032193],[8.78682209156631,10.9938616977592],[8.7829003765512,10.999811240996],[8.77981053982461,11.0115349866504],[8.78037526370753,11.0192602691462],[8.78171197822525,11.0250079703416],[8.78239554301996,11.0276588641653],[8.78424453835481,11.0372495663145],[8.78606487859133,11.0428541538961],[8.786845276988,11.0452568896937],[8.78755584662508,11.0474445948922],[8.78845405620979,11.050209999392],[8.79196276207188,11.0555351190505],[8.79381273496978,11.0614993680015],[8.79186376110374,11.0642052175967],[8.79043768275289,11.0682172955918],[8.79424567669668,11.0687564976143],[8.79336054505313,11.0746620541105],[8.79310011128115,11.0766702663198],[8.79264460466482,11.0819793366771],[8.79268908423387,11.0829005338326],[8.79400947515722,11.0832882801301],[8.7955259497628,11.0836798476469],[8.7977106827019,11.0779673477149],[8.79846641899007,11.0744870550336],[8.80074628491315,11.0742228324178],[8.80143644263779,11.0742228324178],[8.8023538221712,11.0743124183834],[8.80441760978493,11.0791257662412],[8.81291814475662,11.0918491632083],[8.81189403997803,11.097126070212],[8.80983424985078,11.0984964238709],[8.80505688836473,11.1001057381893],[8.805270799308,11.1036741851156],[8.80869338699029,11.1040940003379],[8.81067207085943,11.1032893562189],[8.81117119909163,11.102729600191],[8.81167032642446,11.1019599379009],[8.81238336470057,11.1009453758285],[8.8133816202656,11.0998958283299],[8.81420161491263,11.0991261561472],[8.81579468117963,11.0987941867024],[8.8171963798091,11.0977267489903],[8.81776681078975,11.0968521151331],[8.81905028184508,11.0964672763438],[8.82076140931161,11.096450711731],[8.82254417407444,11.0966771880019],[8.82457633522972,11.0958375368729],[8.82734648725062,11.0963869659857],[8.83263485971105,11.0976114532061],[8.83671600294122,11.0984460852187],[8.84563380355723,11.1008295548401],[8.85598109994783,11.0993513679713],[8.8561807494421,11.0984837362355],[8.86885145692924,11.1025373251375],[8.87274465084499,11.1066421682016],[8.87641680219372,11.1098956806412],[8.8795304943369,11.1109435733873],[8.88141291657291,11.1121190241737],[8.88266786742821,11.1123429175916],[8.8832287898768,11.1118764707226],[8.88375168539204,11.1109902176245],[8.88489254825254,11.1109435733873],[8.88641369933282,11.112016405233],[8.88764963312411,11.1135556776525],[8.88855281685903,11.1143486332829],[8.88893310328012,11.1143486332829],[8.89102468534099,11.1161677576359],[8.89335394562812,11.1170539954456],[8.89363916201773,11.1194328263639],[8.89401944933815,11.1213918501538],[8.89492971433492,11.1228619035541],[8.89691914240456,11.1244236446356],[8.8984466651815,11.1264524504203],[8.89848479733558,11.1286032006772],[8.89987809719645,11.1308532855508],[8.90114984199164,11.1314199780496],[8.90162252565909,11.1336703965716],[8.9009977270635,11.135375162234],[8.90214798694012,11.1369594969833],[8.90333649588263,11.137613921945],[8.90487686817295,11.1386193648918],[8.90554320735316,11.1396491569831],[8.90597733438653,11.1398914622213],[8.90686578362909,11.1407799123631],[8.90807107571959,11.1422033260228],[8.90978236866141,11.1435465534307],[8.91018737384826,11.145464463814],[8.91069992626063,11.1461753859853],[8.91112630383589,11.1464235862795],[8.91168900874084,11.1464423713184],[8.91195000908567,11.1465128233082],[8.912246961628,11.146686082197],[8.91234792221888,11.1473423228899],[8.91233782642962,11.1478067399891],[8.91252076831887,11.1480788901287],[8.91313541087055,11.1497653680773],[8.91299406712255,11.1503206490788],[8.91296377885539,11.1508355451244],[8.91318174214371,11.1513376321261],[8.91375526139626,11.1515086912731],[8.91412482070399,11.1517441868448],[8.91425136970497,11.1519096755911],[8.9143873166214,11.1520874517745],[8.91460943028102,11.1523398519027],[8.9147709656076,11.1525720613516],[8.91485173372058,11.1527537891561],[8.91475077402907,11.15305666913],[8.91429258023845,11.1534867240331],[8.91452866306741,11.1537936788353],[8.91466293904347,11.1541965103607],[8.91466918303644,11.1543985286692],[8.91487192619849,11.1545407843298],[8.91552816779074,11.1546013599648],[8.91593942776245,11.1548522006686],[8.91746033062981,11.1563443683979],[8.918590145319,11.1576233608295],[8.91954305077121,11.1585372689798],[8.91969782319603,11.1587710162694],[8.91955647944803,11.1589931281304],[8.91892043123295,11.1590335121869],[8.91833486196435,11.1593666822267],[8.9179613078681,11.1597099453577],[8.91799159613532,11.1600935943439],[8.91824399626347,11.1605075306981],[8.91888452130365,11.1611713247968],[8.91845601323445,11.1617190532917],[8.91819502278213,11.1621385033893],[8.91817332483913,11.1621733746016],[8.91811274830474,11.1628498068731],[8.91827428542996,11.1633445122395],[8.9186770540029,11.1637624532747],[8.91953628697013,11.1650305468223],[8.92015450342763,11.1666614241854],[8.92045868382127,11.1676845819779],[8.920111049985,11.1686651056102],[8.91941577961461,11.1693472081072],[8.9191876998525,11.1702503990367],[8.92028486555415,11.1710950881678],[8.92102359116586,11.1722034917977],[8.92093668158265,11.1738234612837],[8.91989377737599,11.177489674409],[8.92263140271712,11.1788538353363],[8.92432612475091,11.1800474704145],[8.92576011983374,11.1802606187326],[8.9278355365808,11.1819261532694],[8.93261587122555,11.1857623589457],[8.9349724493191,11.1885732934228],[8.93815821403041,11.1902100127819],[8.94023837020467,11.191879290297],[8.94183824074224,11.1911736183678],[8.94335914540829,11.1916425275807],[8.94466277566659,11.193219761283],[8.94644440728359,11.1939444322898],[8.94870403396402,11.194370709141],[8.94913857828283,11.1934328988093],[8.94883439698987,11.1921966907248],[8.95039875509849,11.1919409226355],[8.95178929494006,11.1921114349948],[8.95265838267829,11.1924950866789],[8.9527887466034,11.1936460381342],[8.95222383925881,11.1941149428504],[8.95235420228465,11.1951380053147],[8.95322329002289,11.1956921621636],[8.95396201473523,11.1973546273143],[8.95478764813151,11.1987613207784],[8.95587400757944,11.2002958888443],[8.95761218305586,11.2013615557912],[8.95952417590007,11.2014468088232],[8.96130580571838,11.2020009548802],[8.96326125290454,11.2023845921752],[8.96417771962609,11.2033171288824],[8.96537254630601,11.2045329016721],[8.9667829377824,11.2059680128136],[8.9668245134406,11.2079259790008],[8.96751978291172,11.2083096082019],[8.96882341406933,11.2087358643687],[8.97034431783607,11.208607987069],[8.97189823931234,11.2102401306776],[8.97364008492201,11.2120696502942],[8.97325576234363,11.2137230071111],[8.97403794139791,11.2158542366837],[8.97499393692073,11.2174739615541],[8.97669454501727,11.2193442717208],[8.97786192708634,11.2206281375786],[8.97981737427244,11.2216937298818],[8.98133827803917,11.2214806121406],[8.98229427266261,11.2208412571184],[8.98342408825113,11.2205428899425],[8.98420626640609,11.2208838795874],[8.98446699425642,11.2223330831054],[8.9847277194088,11.2237822794287],[8.98524917331076,11.2246773665673],[8.98681352962075,11.225103597553],[8.98820407036163,11.2249331058782],[8.98976842757094,11.2248052357731],[8.99189769302416,11.2259134361562],[8.9937662306271,11.2268511403679],[8.99563477002869,11.2274904819002],[8.99550440700284,11.2293232543648],[8.99563477002869,11.2309429036921],[8.99576513305448,11.2329461426504],[8.99650385686755,11.2332871179062],[8.9978509441658,11.2334149826154],[8.99885039403051,11.2346510153321],[8.99984984479454,11.2359296642227],[9.00031314673436,11.2400837928328],[9.00267189129482,11.2423673522715],[9.00358692269839,11.2442833560921],[9.00564642684117,11.2452469481881],[9.00801926917399,11.2465422210467],[9.00932082289773,11.248804251615],[9.00997471725947,11.2508468017385],[9.0122056546673,11.2515970440684],[9.01406484022027,11.2533968977487],[9.01501542542161,11.255492267754],[9.01728533495032,11.256514591875],[9.01938694625062,11.2577421520787],[9.01862566474267,11.2590026445565],[9.01823117442922,11.2596558248565],[9.01897100530772,11.2621128662158],[9.01873332708141,11.2652597397453],[9.02140722196577,11.2695137902293],[9.02669559622484,11.2771476161696],[9.02865434122492,11.2776181936248],[9.03186512957211,11.2774389776268],[9.03477670717933,11.2769145235865],[9.03780712389971,11.2780799757103],[9.04030276056397,11.2802943233244],[9.04202593894598,11.2831496402438],[9.04481867564141,11.2859466577121],[9.04758180125918,11.2862752582966],[9.05111718820774,11.2872868858811],[9.05367224487827,11.2885688361829],[9.05582807180809,11.2909143840916],[9.06258523502061,11.2929973506473],[9.06554170138844,11.2963789103585],[9.06873704927546,11.2977956789275],[9.07004626342439,11.2996018809221],[9.07254117973173,11.3017022403661],[9.07402200701006,11.3041561925543],[9.07528536922445,11.3062497567209],[9.07739744773409,11.3067966290612],[9.07996933971333,11.3074625572513],[9.08199178639188,11.3093239947066],[9.08251313507316,11.3106020572392],[9.08299004015828,11.3117711624093],[9.08313264925243,11.3138687186665],[9.08491524584196,11.3149174909495],[9.08862304901453,11.3142183103268],[9.09183172665291,11.3132394531383],[9.0958247462151,11.3116313241264],[9.09924733299806,11.3104427018692],[9.10053080495271,11.3084150400221],[9.10181427420946,11.3068068849299],[9.10687685388376,11.3102329439952],[9.11122639168468,11.3143581459117],[9.1148628912095,11.3169451060319],[9.11620341255747,11.3188859895968],[9.1164315786545,11.3218392921497],[9.11785765700529,11.3238668577693],[9.12063851005922,11.3247058469973],[9.12357944603468,11.3263052058206],[9.12407536638511,11.3277233701374],[9.12642856932308,11.3278546288881],[9.12869586002597,11.3274996421948],[9.12957671719181,11.3289536103209],[9.13023927832006,11.3288097106997],[9.14222615841055,11.3262063172678],[9.14153056428415,11.3241437059673],[9.14038970232298,11.3231369158361],[9.14033265832558,11.3215707932575],[9.14130239189194,11.3202843283591],[9.14141647808805,11.3188859895968],[9.14113126169843,11.3175435796725],[9.14153056428415,11.3163689652556],[9.142956642635,11.3156418202139],[9.16143676189711,11.3145924543783],[9.1694936172367,11.3081631507089],[9.17477601999735,11.3062595818143],[9.17874020279817,11.3085010340955],[9.17879685199318,11.3084323321864],[9.18042628144775,11.3085236817226],[9.18060902278825,11.3089500817809],[9.18184253560457,11.3096962807588],[9.18137616158066,11.31047217625],[9.18239529130972,11.3110527102144],[9.1781459712596,11.3183151458273],[9.17917903328583,11.3192215923027],[9.18676576982449,11.3205639950324],[9.18870171071541,11.3228928632151],[9.19463772275276,11.3266047286254],[9.19497165901493,11.3266487783185],[9.20241640879027,11.3276308137112],[9.21141477966842,11.3288177884103],[9.23028968242295,11.3351622176623],[9.23816163355258,11.3372316377299],[9.25417608425892,11.3403831310767],[9.26279909700077,11.3424967851985],[9.26653542756799,11.3434126250926],[9.28712323664809,11.349394847894],[9.28936569706929,11.3488282804009],[9.29024399836186,11.3484951319448],[9.29102180221446,11.3482001030524],[9.29256369256041,11.3457444988096],[9.29324897775814,11.34191832597],[9.29433401160537,11.3394056147774],[9.29770332884561,11.3382063661309],[9.30375667812825,11.3377495096322],[9.30462120360573,11.3385525412668],[9.30851843277952,11.3421725562185],[9.31173098469725,11.3447195828425],[9.31280696596878,11.3452876360157],[9.31302636187712,11.3455390280038],[9.31363798000882,11.3462398417953],[9.31364468985061,11.3462475309988],[9.3143862510247,11.3463454051164],[9.31482833525951,11.3458839962495],[9.31487644539169,11.3454231782371],[9.31501372510337,11.3441082650844],[9.31628808692574,11.3432474241293],[9.31678453787617,11.3433343436051],[9.31761909344647,11.3434804600552],[9.31828459715649,11.3431076002356],[9.31928285092289,11.342688133051],[9.32001479025041,11.3416321940705],[9.32085153836783,11.3402179274155],[9.32199240032907,11.3393789822543],[9.32332340684979,11.3396120217774],[9.3239413741951,11.340963650652],[9.3237512296356,11.342688133051],[9.32316096680523,11.3436944609307],[9.32342647005561,11.343515111833],[9.32475747567702,11.3437481486582],[9.32542298028636,11.3433752897379],[9.32642123405276,11.3429558216539],[9.32715317338028,11.3418998835728],[9.32798992059838,11.3404856151191],[9.32913078255962,11.3396466708572],[9.33046178997967,11.3398797112797],[9.33107975732497,11.3412313401543],[9.33088961276547,11.3429558216539],[9.32985335185077,11.3447225263236],[9.33012421865783,11.3448393788343],[9.33226969439096,11.3437557272451],[9.33383838003726,11.3427070601827],[9.33455141921269,11.341518567428],[9.33547837023065,11.3404698922718],[9.33704705587695,11.3413787444335],[9.33690444768217,11.3428468831772],[9.33747487956208,11.344454835922],[9.33776682377993,11.3448523920243],[9.33940807662151,11.344023415848],[9.34097676316713,11.3429747487857],[9.34168980234256,11.3417862569303],[9.34261675336052,11.3407375808747],[9.34418543900688,11.3416464330365],[9.34404283081204,11.3431145717801],[9.34461326269195,11.3447225263236],[9.34589673284802,11.346470288573],[9.34614431530798,11.3467461331276],[9.35136045871826,11.3431973705622],[9.3638187913042,11.3385636667799],[9.37956998616596,11.3312679265736],[9.38371153416,11.3268665275683],[9.38498648683697,11.3259497577752],[9.39199075856669,11.3209132458497],[9.39797231766835,11.316612128447],[9.4051027103219,11.308221891727],[9.40785539570999,11.3048997223444],[9.40819254704843,11.3044928186887],[9.41163949286835,11.2999958172532],[9.42117771957612,11.298837616363],[9.42623915621215,11.2950440169678],[9.43247693935933,11.2948560856399],[9.43618474343123,11.2946463187727],[9.44096210491728,11.2932478559039],[9.44388556616599,11.2914997663012],[9.44524033996976,11.2912899949374],[9.44645250737739,11.2900313640562],[9.44773597663408,11.2884930296296],[9.44909075223649,11.2873742370315],[9.45287744034164,11.2861235417681],[9.46406457492026,11.2815004994486],[9.4655619569188,11.2820599056402],[9.46673400197267,11.2836149665575],[9.47120295805013,11.2817681871522],[9.47270034004868,11.2823275951425],[9.47391250655699,11.2839358896297],[9.47533858490783,11.284565219909],[9.47531577900003,11.2861398653625],[9.47850426326119,11.2865055773706],[9.47876602802984,11.286501501643],[9.48372165133321,11.2841939689765],[9.48981813569844,11.28195634421],[9.49751939820169,11.278085663023],[9.49933720774601,11.2801032974293],[9.49963649133105,11.2808770696211],[9.49972938140587,11.2811172299762],[9.50119110978193,11.2822360477555],[9.50169023711481,11.2834597498676],[9.50218936534696,11.2848232983566],[9.50347283460366,11.2853827000516],[9.5041145710307,11.2862218016949],[9.50422152560299,11.2872007506142],[9.50464935018744,11.2877251857687],[9.5051128247971,11.2893334487797],[9.5057545621234,11.289857880337],[9.50561195302924,11.2911165121174],[9.50468500201129,11.2926548321548],[9.5049702184009,11.2938435281563],[9.50521978116802,11.2953818338046],[9.50596847306662,11.2971298982263],[9.50682411863824,11.2973746271374],[9.50771541783234,11.297654317193],[9.50795375975827,11.2997843066005],[9.50785802692644,11.300800798618],[9.50750150688907,11.3019545019987],[9.50800063422196,11.3027935541792],[9.50832201504903,11.3050659089646],[9.51013975174817,11.3060448623805],[9.51142322280356,11.3078977418873],[9.5113519191558,11.3096806892125],[9.5109597481939,11.3113587468088],[9.5117440901177,11.3119880168335],[9.51179367064145,11.3131305866073],[9.51446090784469,11.313868334656],[9.51627836035811,11.314371034096],[9.52026122657441,11.315387935305],[9.52555520001255,11.3164832403094],[9.52774242407367,11.3166321176781],[9.53787824488512,11.3173220361831],[9.53873562884627,11.3171621942799],[9.54093397842041,11.316752357935],[9.54170339789357,11.3164524142476],[9.54486738372282,11.3165702020532],[9.559033050435,11.3169297096384],[9.55910418860748,11.3154670540613],[9.59089334515181,11.3158827126172],[9.59255539481569,11.3159044447344],[9.60939698798069,11.3154678949275],[9.60964238328938,11.3091301701213],[9.60727384780989,11.302598291578],[9.60164083805427,11.2982631546209],[9.59843216221458,11.2929490273758],[9.59698476543463,11.268864563349],[9.5948197177558,11.2620577989283],[9.59353624759979,11.2571625938787],[9.59458203863022,11.2511017478474],[9.59562408488364,11.2475705868132],[9.59672081441408,11.2469796557866],[9.59895986910271,11.2457732296509],[9.60065586187858,11.2448594114327],[9.60335773467176,11.2434036131863],[9.6140659658717,11.2404407229611],[9.61406775642189,11.2404402283339],[9.61542648274605,11.2402502465517],[9.61530947465258,11.238238380397],[9.61532913203388,11.2360661102628],[9.61665491709078,11.2326105030723],[9.61754236358928,11.2302974071997],[9.6171648848516,11.2283609132256],[9.62057907736261,11.2208211932435],[9.62053074239986,11.2202236288175],[9.61752219629238,11.2160184591846],[9.61486608190421,11.2122562551221],[9.61621635729909,11.2072705027315],[9.61807371992626,11.2054067980853],[9.61880977994741,11.2003662553984],[9.62380238427266,11.1993313938288],[9.630319261225,11.1963718931484],[9.62960569504685,11.1892840968836],[9.62830808844757,11.1874958678401],[9.62799625572268,11.1838758070229],[9.62593441604054,11.1816232139402],[9.61701386799564,11.1804232269504],[9.61444952042905,11.1767037568729],[9.62098187201582,11.1560203786376],[9.62085458826868,11.1550470405885],[9.62254887233263,11.1534150732471],[9.62537141076206,11.1492995381432],[9.63495452443181,11.1458787176288],[9.64344297611251,11.1389468817932],[9.64275791394664,11.1337748501293],[9.64215730171816,11.1315553116284],[9.65671779868751,11.1123811513691],[9.65601740667802,11.1115966799429],[9.65549660208654,11.1099168021188],[9.65678290240908,11.0996875651291],[9.65681135965656,11.0994037822588],[9.65701868396513,11.0927263628315],[9.64944737079958,11.0872842377774],[9.63953244956292,11.076504201108],[9.63385172088027,11.0725030291915],[9.631712603354,11.0712201211118],[9.63082130415989,11.0690624919405],[9.63001315538287,11.0669321230191],[9.62813165495197,11.0654439725614],[9.62529525077525,11.0607233987659],[9.62683877069276,11.0572905929865],[9.62808798657136,11.0538420086019],[9.62788333324926,11.0524360004212],[9.62773146833263,11.0513926618419],[9.62749378830773,11.0476019663577],[9.62832566839495,11.0434613041959],[9.62826624659004,11.0380958508429],[9.62868218663368,11.0323803696584],[9.62820682658383,11.0280645249579],[9.62796914835758,11.0245068213328],[9.6270184291572,11.0183828042231],[9.6268995900441,11.01173372693],[9.62743436830152,11.0075342320192],[9.62873345158755,11.0034591313339],[9.63016768589006,10.9989600794441],[9.63337636083043,10.9949353893568],[9.63610967841896,10.9904440050868],[9.63623176498402,10.9873279288409],[9.63634735844391,10.9843776111379],[9.63711981672623,10.9794777404055],[9.63836763595771,10.9745194551088],[9.63836633643734,10.9704582156742],[9.63839077101733,10.9687207209845],[9.6384223021476,10.9664786913386],[9.6387075176379,10.9630625823723],[9.63819412885601,10.9600944562941],[9.63699622379676,10.9580783534333],[9.6336204422297,10.9562415753884],[9.62890315995293,10.9540185592092],[9.62741297792661,10.9529820320952],[9.6255435023308,10.9518414929906],[9.62518829530364,10.9498457921496],[9.62484603671527,10.9477176085808],[9.62496012291138,10.9461494652257],[9.62456082032566,10.9445253075969],[9.62256431189354,10.9439092450157]]]},"properties":{"FID":338,"globalid":"11f59742-7b20-4671-ab12-aa8e4a94776b","uniq_id":28385,"timestamp":1565308800000,"editor":"nuraddeen.isah","lganame":"Ningi","lgacode":"5015","statename":"Bauchi","statecode":"BA","source":"eHA_Polio","amapcode":"NIE BAS NNG","Shape__Area":0.40892715798342749,"Shape__Length":3.0097913507632414}},{"type":"Feature","id":344,"geometry":{"type":"Polygon","coordinates":[[[10.3186164036242,11.4017226997428],[10.3375248016283,11.4021492985513],[10.3372163836293,11.3987148470126],[10.3346914929181,11.3930140130863],[10.3390608481797,11.387458798285],[10.3369551899301,11.3847799382436],[10.3386065826277,11.3774567246482],[10.3333772155861,11.3740251086719],[10.3294405016779,11.3732385822948],[10.3258431010783,11.3744025001753],[10.3254433443349,11.369264678722],[10.3237225626462,11.3643097721783],[10.321903499447,11.3625148944469],[10.3201180771875,11.3623284640874],[10.3141275239661,11.3651111823352],[10.3133186197585,11.3615814431291],[10.3113373431439,11.3592283786868],[10.3083859903213,11.3569162657731],[10.3083429730498,11.3564826927221],[10.3058640331986,11.3551831193055],[10.2985868100333,11.351663722303],[10.3014125707336,11.3485356832752],[10.3019382532478,11.3474837507745],[10.2987620852021,11.3406708232999],[10.3000482830019,11.3398504221593],[10.3017254196924,11.3354940899803],[10.3016256174283,11.3338068098365],[10.2990976582304,11.3300288127795],[10.2990857601997,11.3280524005979],[10.2966818921557,11.3227732875572],[10.3023802682349,11.3207652588097],[10.3087838396025,11.3154194196705],[10.3064387782271,11.3105342834305],[10.3127547556275,11.3036831185811],[10.3118254106142,11.2980583502127],[10.3111985588665,11.297273782559],[10.3163209398595,11.288247735045],[10.3154955447836,11.2871911413582],[10.3167912574107,11.2733249156124],[10.3193690606337,11.2719699601456],[10.3207711558642,11.2680891525924],[10.3334455577663,11.2599918997064],[10.3326485758711,11.2520456690724],[10.3349089112173,11.2326167272802],[10.3345592871814,11.2322701924155],[10.3340808568461,11.231470551225],[10.331831351136,11.2158474063328],[10.3335224381101,11.2056852722575],[10.3327302927689,11.2055196755926],[10.3303899771158,11.205490112179],[10.3221960066405,11.2041978844249],[10.3189554210559,11.2044839857474],[10.3140506741993,11.2047920233333],[10.3093833924297,11.2050857536047],[10.3076543028039,11.2051944951299],[10.3035602570003,11.2054519647364],[10.298810004678,11.205750465012],[10.2794525320088,11.2031702381161],[10.2636441510568,11.2104995778932],[10.2532784608323,11.2153054901563],[10.2506103521861,11.2194995882355],[10.248080803886,11.2202904574387],[10.2470903400472,11.2206001281934],[10.2423896790405,11.22169971487],[10.2386898852301,11.2228660708126],[10.2381181718162,11.2230463030445],[10.2353401183518,11.2239198676078],[10.2329998017995,11.2238903050936],[10.2294797896606,11.2250003805632],[10.2259702681134,11.2249498368655],[10.2236204151501,11.2249298098629],[10.2218827352001,11.2257581160443],[10.221269608006,11.2260503768235],[10.2177600855596,11.2260103228182],[10.2154197690072,11.2259798052239],[10.2130603787335,11.2271003730838],[10.2107200621812,11.2270698563888],[10.2083797447295,11.2270498293861],[10.2022972106478,11.2256832124104],[10.200025558233,11.2260951999336],[10.1955204008459,11.2245903023007],[10.1945242281107,11.2241836207775],[10.1896896355683,11.2222099299444],[10.1873397826049,11.2233400342153],[10.1838302610578,11.2232904428997],[10.1756200794032,11.224349975571],[10.1732702264399,11.2254695901495],[10.16973972281,11.2265796656191],[10.1650495532943,11.2276697158847],[10.1591596602901,11.2310600277981],[10.1517912260842,11.2391239257286],[10.1456663869942,11.2409661797454],[10.1456776680899,11.2419733062231],[10.143249405036,11.2434428551038],[10.1421107230315,11.244267902142],[10.1389572808539,11.2463529587221],[10.1343111394476,11.2560920274252],[10.1471097835897,11.2637487761851],[10.1482261893872,11.2644632947453],[10.1415535489572,11.2731073057576],[10.1457911571362,11.2840889632351],[10.1476698867559,11.2872701333101],[10.1540564447492,11.2968933216695],[10.1592506294131,11.3072480797351],[10.1608299603345,11.3092987642266],[10.160432495963,11.3105436363797],[10.157618632394,11.3122793234321],[10.1371865517181,11.318924691921],[10.1282502934163,11.3198705808626],[10.1138142976918,11.3414591357306],[10.1158370483412,11.3461869481692],[10.1195404978957,11.3537088309978],[10.1379771700105,11.3604122246445],[10.1395674618689,11.3702373395816],[10.1231247719907,11.3787436113287],[10.1313877537419,11.3882342558063],[10.1290967524133,11.3902171026372],[10.1264607918321,11.3977556400108],[10.1280171585651,11.3996284772725],[10.1387105050858,11.4018129008447],[10.1459392466989,11.3989143337296],[10.1473235443461,11.4055717297516],[10.1476536602883,11.4145361773028],[10.1475041246157,11.418744802131],[10.1556540229149,11.4205386042732],[10.159422791129,11.4215283918219],[10.1610165049078,11.4215423484007],[10.1665018999428,11.4236613903609],[10.1680660161338,11.4223064726656],[10.1813683381783,11.4178763133413],[10.1817918478156,11.4226914949166],[10.1815113438735,11.4284419039707],[10.1808934619638,11.4317790911322],[10.1833770333235,11.4323289744027],[10.191235208638,11.438148339874],[10.1928448898798,11.4409578003622],[10.2074163396924,11.4316351807191],[10.2136455945686,11.4431511236255],[10.2268792371871,11.44195403605],[10.2278494384009,11.4423523646699],[10.2318488233645,11.4398201058133],[10.2323251600781,11.4392377300372],[10.2434153774178,11.4305223740084],[10.2438882121713,11.4311267867718],[10.250922207394,11.4341211361815],[10.255904101693,11.4408144799044],[10.2568005369153,11.4432756518499],[10.2568006277468,11.4457281849079],[10.2565688148989,11.4510248877884],[10.252277308551,11.4518159431513],[10.2445783168359,11.4617966632854],[10.24443919891,11.4655982153854],[10.2443823365756,11.465912060793],[10.2390016828814,11.4710392621523],[10.2274886501811,11.4751235476137],[10.2273077182766,11.4750262346731],[10.220291056587,11.4781240106146],[10.2174846492971,11.4782783567608],[10.2149545739944,11.4804631283707],[10.2124706716842,11.4826080267391],[10.207766758729,11.4820332556303],[10.2066423867368,11.4830968739216],[10.2065162541219,11.4855594991716],[10.1996141453765,11.4893457861791],[10.1994018019516,11.4907192712774],[10.1872342255791,11.4899666232611],[10.1853017506753,11.495684727768],[10.1837983621048,11.4970047697544],[10.1810378274338,11.502813937813],[10.1756184426371,11.5073506443168],[10.1760151479808,11.5083190918527],[10.1863218984369,11.5168467198004],[10.1903143334398,11.5201499908295],[10.1798982128323,11.5285347425843],[10.1795609427833,11.5288062389168],[10.1787829167982,11.5321648326409],[10.1699777220942,11.5352626733338],[10.1662300987401,11.542358962796],[10.1688082859737,11.5444456210686],[10.1718300404241,11.554990191844],[10.1643883933098,11.5558378199595],[10.1641621247823,11.5583182122158],[10.1786294196121,11.5677650174417],[10.1797166603956,11.5684749602513],[10.1816216852926,11.5664249889222],[10.1834790389266,11.5658371515634],[10.1835526322482,11.565796779198],[10.1867595337255,11.5659614333735],[10.1984476518377,11.5762168100578],[10.199235832068,11.580659177679],[10.2163707031455,11.5889582798008],[10.2239719070779,11.5943382581042],[10.2383637937541,11.6009728311313],[10.2492719127686,11.6067935590755],[10.2579602369754,11.6095652561317],[10.2598172497663,11.607738001008],[10.2697097068375,11.6143260709914],[10.2697706835702,11.6141632010709],[10.2759520882183,11.6072819637916],[10.2932691988145,11.6237664073938],[10.3020923376913,11.6245115415744],[10.3092389514165,11.6251150909887],[10.3156165638534,11.6256536949621],[10.3171634130611,11.6257843295832],[10.3189900593438,11.6259385947903],[10.320826787926,11.6260937107562],[10.3232906848173,11.6263017886967],[10.339494042616,11.6276701953233],[10.3464680278772,11.6213310495883],[10.3486368742924,11.6127558906718],[10.3483896515612,11.6118550568654],[10.3457288166316,11.6088033846685],[10.3451299859601,11.6051474579888],[10.3448681411518,11.6048245042475],[10.3407475770391,11.6032148059186],[10.3387212291015,11.6029348892338],[10.3350914852838,11.5960136905794],[10.3348418820473,11.5955377468696],[10.3349230296741,11.5912191007809],[10.3333515858071,11.5875105628622],[10.3329950657697,11.5847165221498],[10.3324246347891,11.5833893413451],[10.3309272527906,11.5822717115703],[10.3302855181622,11.5802459976547],[10.3318542038085,11.5759151099944],[10.3319968120033,11.5744481808389],[10.3357759188236,11.5731908063107],[10.3377532312267,11.5722116118764],[10.3409811048941,11.5703267668669],[10.3425207127607,11.5690755419028],[10.3458663013888,11.5663565972792],[10.3472558501774,11.5652273077941],[10.3493236640559,11.5635507529649],[10.351825027603,11.5639520250659],[10.3553520931246,11.5645178380278],[10.3624082539378,11.5710943903939],[10.3631399252674,11.571776320221],[10.3702870156333,11.5733305141919],[10.3708574466139,11.5722128448469],[10.3724724923117,11.5682648318565],[10.3727861866333,11.5669361887541],[10.37235720642,11.5601872858147],[10.3727046253182,11.5589772444043],[10.3729199176202,11.5586501259027],[10.3758624346037,11.5583449580534],[10.3850583118916,11.5615489250429],[10.3886500602521,11.5620601113851],[10.3913118898319,11.5647501149259],[10.3945999578219,11.568325296875],[10.396954680614,11.5708856055863],[10.3990803056117,11.5706355418968],[10.3996435815861,11.5705692771505],[10.4049589310099,11.5677153793613],[10.4045011940749,11.5661799236646],[10.4057718012277,11.5570179337307],[10.4042663100422,11.5525226571949],[10.4003318453384,11.5502672087647],[10.3963786072869,11.5459362959234],[10.3931815875603,11.5460542950697],[10.3908575370457,11.5456538413517],[10.3828629219863,11.5386290587841],[10.3783443584055,11.5299476854374],[10.3754208980561,11.5224021603315],[10.3698991254443,11.5102251779497],[10.3610660031935,11.5123414014346],[10.3593443581557,11.5113693916841],[10.3560219081846,11.5094936001496],[10.3524886760117,11.51241416738],[10.3495268802614,11.5116953185841],[10.3495228701844,11.5116826939013],[10.3481305110143,11.507299323605],[10.3472689218233,11.5049994045989],[10.3469124026853,11.5028159208181],[10.3462587844154,11.5024374492289],[10.3454269052276,11.501476708883],[10.3443870560179,11.5009817813842],[10.3445356060334,11.4994969916929],[10.3447385596369,11.4970198405932],[10.3448538068578,11.4963988551231],[10.3450406751871,11.4953919471807],[10.3405247601096,11.4908501262324],[10.3396631709186,11.4907627822766],[10.3393957808906,11.4900931479804],[10.3392769417775,11.4893070541772],[10.3389204217401,11.4882589258089],[10.3388480937646,11.4879931320774],[10.3386414754238,11.4878911246757],[10.3386342736529,11.4873143336896],[10.3374750277504,11.4842930441887],[10.3326065973167,11.482717937383],[10.3312849608323,11.482290340327],[10.3293427678545,11.4811802702533],[10.3267713102478,11.4797105334144],[10.3247951157021,11.4785810199981],[10.321320721674,11.4759282160144],[10.3184826672414,11.4737612590749],[10.316921658208,11.4706208678588],[10.3157926897808,11.4683496237362],[10.3115568361791,11.4635027770316],[10.3060365627372,11.4642215925525],[10.3056856661606,11.4615303263635],[10.3061519475544,11.4599611469894],[10.3089915281366,11.4575315682274],[10.31059889902,11.4530605167295],[10.3104226148119,11.4502028220027],[10.3122125642585,11.4489531978319],[10.313275239161,11.4489515502739],[10.3186886461642,11.4418027970615],[10.3160913753168,11.4379084969796],[10.3137939708151,11.4360838516885],[10.3180822845698,11.4308979686664],[10.3160165885947,11.4236316353917],[10.3172893154496,11.4200854260017],[10.3234641298657,11.4152890195726],[10.3186164036242,11.4017226997428]]]},"properties":{"FID":344,"globalid":"40a4eeae-78b8-4482-8a4b-a77aec7264ec","uniq_id":28391,"timestamp":1565308800000,"editor":"nuraddeen.isah","lganame":"Giade","lgacode":"5009","statename":"Bauchi","statecode":"BA","source":"eHA_Polio","amapcode":"NIE BAS GYD","Shape__Area":0.064729563301696658,"Shape__Length":1.7098029276473281}},{"type":"Feature","id":349,"geometry":{"type":"Polygon","coordinates":[[[10.5074972807749,11.2606480711516],[10.5042496274184,11.2579969201218],[10.4764007982583,11.2387296971179],[10.4495910979509,11.2210745286666],[10.4353094897412,11.2172941016415],[10.425015492571,11.2145692196938],[10.4172873898012,11.2125235462247],[10.4091402623133,11.2103669530725],[10.3793969977733,11.2234539891103],[10.3659107976453,11.2047809562762],[10.3655099868964,11.2059202192428],[10.3631601330338,11.207039832922],[10.3606313077887,11.2076263689618],[10.3584604262077,11.2081298831876],[10.3563458727639,11.2081047219554],[10.3526096339275,11.2080602648694],[10.346750259417,11.2079896932698],[10.3420801160046,11.2067804342697],[10.338569641176,11.206740379365],[10.3335224381101,11.2056852722575],[10.331831351136,11.2158474063328],[10.3340808568461,11.231470551225],[10.3345592871814,11.2322701924155],[10.3349089112173,11.2326167272802],[10.3326485758711,11.2520456690724],[10.3334455577663,11.2599918997064],[10.3207711558642,11.2680891525924],[10.3193690606337,11.2719699601456],[10.3167912574107,11.2733249156124],[10.3154955447836,11.2871911413582],[10.3163209398595,11.288247735045],[10.3111985588665,11.297273782559],[10.3118254106142,11.2980583502127],[10.3127547556275,11.3036831185811],[10.3064387782271,11.3105342834305],[10.3087838396025,11.3154194196705],[10.3023802682349,11.3207652588097],[10.2966818921557,11.3227732875572],[10.2990857601997,11.3280524005979],[10.2990976582304,11.3300288127795],[10.3016256174283,11.3338068098365],[10.3017254196924,11.3354940899803],[10.3000482830019,11.3398504221593],[10.2987620852021,11.3406708232999],[10.3019382532478,11.3474837507745],[10.3014125707336,11.3485356832752],[10.2985868100333,11.351663722303],[10.3058640331986,11.3551831193055],[10.3083429730498,11.3564826927221],[10.3083859903213,11.3569162657731],[10.3113373431439,11.3592283786868],[10.3133186197585,11.3615814431291],[10.3141275239661,11.3651111823352],[10.3201180771875,11.3623284640874],[10.321903499447,11.3625148944469],[10.3237225626462,11.3643097721783],[10.3254433443349,11.369264678722],[10.3258431010783,11.3744025001753],[10.3294405016779,11.3732385822948],[10.3333772155861,11.3740251086719],[10.3386065826277,11.3774567246482],[10.3369551899301,11.3847799382436],[10.3390608481797,11.387458798285],[10.3346914929181,11.3930140130863],[10.3372163836293,11.3987148470126],[10.3375248016283,11.4021492985513],[10.3186164036242,11.4017226997428],[10.3234641298657,11.4152890195726],[10.3172893154496,11.4200854260017],[10.3160165885947,11.4236316353917],[10.3180822845698,11.4308979686664],[10.3137939708151,11.4360838516885],[10.3160913753168,11.4379084969796],[10.3186886461642,11.4418027970615],[10.313275239161,11.4489515502739],[10.3122125642585,11.4489531978319],[10.3104226148119,11.4502028220027],[10.31059889902,11.4530605167295],[10.3089915281366,11.4575315682274],[10.3061519475544,11.4599611469894],[10.3056856661606,11.4615303263635],[10.3060365627372,11.4642215925525],[10.3115568361791,11.4635027770316],[10.3157926897808,11.4683496237362],[10.316921658208,11.4706208678588],[10.3184826672414,11.4737612590749],[10.321320721674,11.4759282160144],[10.3247951157021,11.4785810199981],[10.3267713102478,11.4797105334144],[10.3293427678545,11.4811802702533],[10.3312849608323,11.482290340327],[10.3326065973167,11.482717937383],[10.3374750277504,11.4842930441887],[10.3386342736529,11.4873143336896],[10.3386414754238,11.4878911246757],[10.3388480937646,11.4879931320774],[10.3389204217401,11.4882589258089],[10.3392769417775,11.4893070541772],[10.3393957808906,11.4900931479804],[10.3396631709186,11.4907627822766],[10.3405247601096,11.4908501262324],[10.3450406751871,11.4953919471807],[10.3448538068578,11.4963988551231],[10.3447385596369,11.4970198405932],[10.3445356060334,11.4994969916929],[10.3443870560179,11.5009817813842],[10.3454269052276,11.501476708883],[10.3462587844154,11.5024374492289],[10.3469124026853,11.5028159208181],[10.3472689218233,11.5049994045989],[10.3481305110143,11.507299323605],[10.3495228701844,11.5116826939013],[10.3495268802614,11.5116953185841],[10.3524886760117,11.51241416738],[10.3560219081846,11.5094936001496],[10.3561679841652,11.5069202836442],[10.358104309966,11.5018471953918],[10.356868455315,11.4995317972547],[10.358842533756,11.495303399932],[10.3595789193317,11.4945483911953],[10.3612669360203,11.4905994833795],[10.3645941523982,11.4863829166383],[10.3660788602513,11.4832431072836],[10.3700039684085,11.4809076983316],[10.3742795342731,11.4784348909575],[10.3795862394135,11.4731215047537],[10.3813310635778,11.4661530683095],[10.3810473688411,11.4652831873693],[10.3812782787696,11.4631016020573],[10.3861909207744,11.4593334462816],[10.3873028137739,11.4579596626084],[10.3899955080863,11.4528012170026],[10.391284953338,11.4479697819799],[10.3913586437864,11.4478225710549],[10.3937856118166,11.4454251295661],[10.4092035278206,11.4517994576789],[10.4155375968826,11.4527678206784],[10.4182931268264,11.4531289902108],[10.4232957190223,11.4527100563241],[10.4253091823729,11.4642502035841],[10.4296468374317,11.4665213379894],[10.4324395741271,11.4717041138538],[10.4392290239004,11.4767788892344],[10.4404288274285,11.4767189179437],[10.4447066110213,11.4808072719381],[10.4457073253328,11.4813578090157],[10.45093094121,11.4818908308972],[10.4600221913711,11.4862581069261],[10.464835204681,11.4890531287989],[10.4666852881955,11.4897736827093],[10.4694699597709,11.4908582309226],[10.4755264440902,11.4947047419303],[10.4764567909482,11.4968752368028],[10.4779670098696,11.4969139768986],[10.4802249683077,11.4973215712336],[10.4827800249782,11.5016886080429],[10.484443783354,11.5032607246028],[10.4863307597568,11.5051008876958],[10.4889756317201,11.504384934717],[10.4908611350334,11.5065213839547],[10.4943072040143,11.5065346678407],[10.4973973276246,11.5076276696813],[10.4988234059754,11.5100149038648],[10.5008436843886,11.5117034241737],[10.5059533255856,11.5106531913917],[10.5118673231185,11.5100257487893],[10.521155841369,11.5003531381868],[10.5248885170914,11.5012206179372],[10.5255475276963,11.5016183700918],[10.5278261831319,11.4988805253161],[10.5389065061304,11.4920453719964],[10.5410828618846,11.4932805458606],[10.5455512405973,11.4973797978395],[10.550685608654,11.5028846955723],[10.5583399157546,11.508921122312],[10.5609555381676,11.507959490738],[10.5648975149084,11.5045982179334],[10.5659795567112,11.49548272205],[10.5749871627274,11.4883515379931],[10.5756810031758,11.4883375490387],[10.5845144662696,11.4995912964013],[10.5844560957722,11.4997444077782],[10.5871495823874,11.5049833022376],[10.5879305086861,11.5082743047154],[10.5934291714192,11.5132903102996],[10.5994484067186,11.5167136120436],[10.5998133093368,11.5166567119377],[10.6045136762652,11.5331829650219],[10.6046786299149,11.5332110967148],[10.6125493363828,11.5418762795667],[10.614817242222,11.5420650958276],[10.6216067423573,11.5513176825651],[10.6215692981846,11.5555001739939],[10.621563130634,11.5561890214063],[10.6201954272772,11.5598297621339],[10.6221122009174,11.5634925056747],[10.6280951341831,11.5680399689695],[10.6346875748717,11.5663688577366],[10.6384718150223,11.5654095958762],[10.6413853684401,11.555776103984],[10.6435034472264,11.5544943803114],[10.6489736104438,11.5390222450806],[10.6561384822052,11.5392409539069],[10.6635744213226,11.532393713699],[10.6756960873046,11.5237769701311],[10.694918203912,11.5079071591881],[10.7036413750495,11.4966317930229],[10.707671628343,11.4931580357148],[10.7079942862074,11.4827869756385],[10.7033762432191,11.4674290453142],[10.7044488969991,11.4668667244198],[10.7098379836361,11.4616888777396],[10.7099131912408,11.4615045922632],[10.7118837020712,11.4566760827351],[10.7190261339489,11.4498330441597],[10.7217210666739,11.4448431198142],[10.7179959812296,11.4278996820248],[10.699439387218,11.4251501082909],[10.6948286737044,11.4238910340441],[10.6883247883583,11.4181529142257],[10.6798141962682,11.415361366434],[10.6681660826986,11.4157002525646],[10.6522348543551,11.4110807526746],[10.643301286825,11.4124499363156],[10.6349907678097,11.4137236218477],[10.6171448099851,11.4132477302986],[10.6038529038885,11.4068721314438],[10.6015653586545,11.4068958411702],[10.6021469547183,11.4060395345969],[10.6036189110839,11.4051065122558],[10.6053302049251,11.4039881747145],[10.6057295084101,11.4027020821354],[10.6045886446503,11.401583735601],[10.6011310382668,11.400616759356],[10.6000251941074,11.3986200962405],[10.599854063914,11.3969425512578],[10.6011660560687,11.3959919372782],[10.6034477817897,11.3960478562236],[10.6055013342192,11.3945380518896],[10.605957679903,11.3932519170424],[10.6057865506089,11.3912947422586],[10.6041893429639,11.3906796275628],[10.6017935310467,11.3920776137909],[10.6001008558699,11.3932770566909],[10.5978005105852,11.393140078252],[10.596716691722,11.3905118689277],[10.5966026064252,11.388778356436],[10.5947201823906,11.3878277145774],[10.5926095859637,11.3876599550429],[10.5895862999678,11.3871007520981],[10.5878750061267,11.3854231387669],[10.5875897906364,11.3836336740549],[10.5882743078131,11.3815645921323],[10.5891285891132,11.3813171526645],[10.5907842059264,11.3808376125658],[10.5945490530964,11.3812290622715],[10.5966596486239,11.3810053765969],[10.5981998131709,11.3799428671696],[10.5985420717593,11.3780974448413],[10.5972235586204,11.3754407620816],[10.5950151986925,11.3733367423968],[10.5926666290617,11.3709952567258],[10.5915257662012,11.3687023866059],[10.591925068787,11.3670246635574],[10.5932941040397,11.3668009688897],[10.5948342685867,11.3675839060725],[10.5963186598783,11.3693931576681],[10.5997399777178,11.3722814931964],[10.6028203077111,11.3723933391813],[10.6040752558684,11.3713307982778],[10.6045886446503,11.3690938533987],[10.6033336955936,11.3676398304139],[10.6018505741447,11.3669687410147],[10.5994547622275,11.3658502541859],[10.5976864252884,11.3643402897726],[10.5970215708888,11.3626292594328],[10.5968307779181,11.3598103488686],[10.5984279855631,11.3569581274157],[10.5987702450508,11.3548329242001],[10.5988843312469,11.3526517777574],[10.5968307779181,11.3486250030415],[10.5946631392925,11.34778608486],[10.5932370609416,11.3476742289826],[10.5917539385935,11.3480097957155],[10.5900426447523,11.348121651593],[10.5883313509112,11.3486809300809],[10.5865059708739,11.3482894354092],[10.5857073666018,11.346387880996],[10.5873045742467,11.3431999534152],[10.5890729120853,11.3422491586718],[10.5910694214167,11.3417457982301],[10.5927236721598,11.3416339387553],[10.5938645350203,11.3399001285881],[10.5936363626281,11.338781537438],[10.5941497514099,11.3370477065864],[10.594710638785,11.3362284709672],[10.5951550001032,11.3350995457075],[10.5925880588919,11.3332818000151],[10.5903052890579,11.332485714744],[10.588951559367,11.3310445583597],[10.5885237356819,11.3288772129131],[10.587382933076,11.3265040836965],[10.5856002753325,11.3255212919741],[10.5833898532592,11.3255912079679],[10.5810973239824,11.3255167378073],[10.5798246573821,11.3233539051586],[10.5795394418918,11.321605999917],[10.5797463552101,11.320932556992],[10.5808942156955,11.3198580847828],[10.5827481177315,11.319788168789],[10.5854181608195,11.3194310983665],[10.5872402646266,11.3184597451212],[10.5878820001543,11.3162223865539],[10.5869550491362,11.3139150940064],[10.5856715789802,11.3120272938246],[10.5832472459637,11.3103492389263],[10.58132204028,11.3088809338081],[10.5790403136596,11.3086012554436],[10.5780420598932,11.3095102092288],[10.577951857892,11.3103704125645],[10.5781133626416,11.3122370499],[10.5788264027163,11.3148240298052],[10.5785411872261,11.3167118120006],[10.5767585888378,11.3176906547999],[10.5746194713116,11.3172012329506],[10.5722664419428,11.316571974617],[10.5704838435546,11.3159427162834],[10.5686299424179,11.3149638662895],[10.5685586378709,11.3119573751328],[10.5700560207688,11.3099297240776],[10.5711077239424,11.3080451542605],[10.5723377455905,11.3065036623142],[10.5722664419428,11.3044759707895],[10.570911668139,11.302727951334],[10.5680595114374,11.302518188064],[10.5656351784208,11.301609212695],[10.5647795310506,11.300630315037],[10.5637812763849,11.299511567405],[10.5642090991706,11.297413905927],[10.5634247563475,11.2946869240623],[10.562556326913,11.2920849317742],[10.5615708543115,11.2894426525564],[10.5608578151361,11.2879742413182],[10.5595030413323,11.2879043163312],[10.5592178249427,11.2865058201875],[10.559402780414,11.2849723789722],[10.5611430306264,11.2843381392938],[10.5632108454042,11.2840584357482],[10.5672038640671,11.2831494028227],[10.5690577661031,11.2825899957318],[10.5707690599442,11.2816110324233],[10.5706264517494,11.2800027271442],[10.5675603841045,11.2775552860477],[10.5656351784208,11.2759469582855],[10.5646369228558,11.2734295562291],[10.5654212656789,11.2706324173522],[10.5652786583834,11.2676254621454],[10.5649221392454,11.2643387539304],[10.5640664918752,11.2614016643554],[10.5632821481527,11.2562966510696],[10.5620729557024,11.2550761766243],[10.5600955209915,11.2547012366728],[10.5592891285905,11.2545483384351],[10.5570558511467,11.2543149175994],[10.5553650366672,11.2541152573133],[10.5525152568737,11.2558770570806],[10.5500909238571,11.2576253616212],[10.5482370218211,11.2599331083263],[10.5463118161375,11.2621009735811],[10.5443225553417,11.2637743394143],[10.5420408296206,11.2652428747589],[10.5403295357795,11.2665016135587],[10.5384756337435,11.2676904183782],[10.5369069480972,11.2680400657965],[10.5353382615516,11.2660121053744],[10.5344113114329,11.2637743394143],[10.5337695750059,11.261606484052],[10.5323434966551,11.2606973800801],[10.5294913399534,11.2613966911044],[10.5283504779922,11.2629351712212],[10.5264965759563,11.264893222844],[10.525640928586,11.266431684075],[10.5223389660705,11.2653791337401],[10.5207209580059,11.2622358637941],[10.5187957532215,11.2599281350754],[10.5150166446025,11.2569210683527],[10.5127349197808,11.2565014761623],[10.5074972807749,11.2606480711516]]]},"properties":{"FID":349,"globalid":"05f194ae-adc1-478e-84d5-525d0c3cc38f","uniq_id":28393,"timestamp":1565308800000,"editor":"nuraddeen.isah","lganame":"Misau","lgacode":"5014","statename":"Bauchi","statecode":"BA","source":"eHA_Polio","amapcode":"NIE BAS MSA","Shape__Area":0.0819150612955184,"Shape__Length":1.7314913363070763}},{"type":"Feature","id":375,"geometry":{"type":"Polygon","coordinates":[[[9.23048181088689,9.87609204511182],[9.22439288892076,9.92926862404784],[9.2196734545663,9.97048501657031],[9.21428964605036,10.0175036119022],[9.25126838722633,10.0246696482857],[9.25475919388174,10.0300998950941],[9.24452427227737,10.0381244090143],[9.24386950287533,10.0389061599913],[9.22970732103607,10.0482472598032],[9.21079699128819,10.0483863984136],[9.20311994932626,10.0453094759516],[9.19907939429868,10.0430861252245],[9.19254320080813,10.0402191503935],[9.18300058630808,10.038271278197],[9.16297944814306,10.0419021479658],[9.1646025769474,10.0464488936016],[9.1595763118973,10.0461681351514],[9.1553270709876,10.0460294219203],[9.15341374984473,10.0466028098718],[9.14883841476109,10.048077227682],[9.14459583243178,10.0494697271462],[9.1421833830567,10.051271776971],[9.13852311534953,10.052828085248],[9.13585762822703,10.054672367236],[9.13544516226449,10.0549577571948],[9.13278314922303,10.0562683167295],[9.12804143866151,10.0586436951505],[9.124002523098,10.0580306569893],[9.11855801843785,10.0560225877722],[9.11456499797634,10.051681331828],[9.11265518688742,10.0490136296753],[9.11098791755842,10.0466847219224],[9.1089302768109,10.0440442386508],[9.10416651037622,10.040868897082],[9.10322087774136,10.0399894743348],[9.10117174637907,10.0380838154158],[9.1002566790026,10.0366912655895],[9.09859291972754,10.0352167956187],[9.0966559985755,10.0334054683877],[9.09210426440035,10.0298922641168],[9.08877674764881,10.0275985936003],[9.08554840093802,10.0250301361319],[9.07717574776262,10.0232454117464],[9.07632796226568,10.0230646983772],[9.07409954206025,10.022589683667],[9.07375553608915,10.0225747819007],[9.06874013125213,10.0223575137883],[9.06833171763469,10.0223398214256],[9.06457519458962,10.0202398307036],[9.06273269056129,10.0195325310016],[9.05889606490155,10.0180597310718],[9.05873621130718,10.0180526758903],[9.05504989743486,10.017889976841],[9.04744815930513,10.0156202318882],[9.04175388143653,10.0153632407211],[9.04167938159821,10.0153598790552],[9.03568577158114,10.0161816426687],[9.03088464191273,10.01800728261],[9.02722437420556,10.020909563026],[9.02280353095824,10.0219393982846],[9.02014151791678,10.0232969033295],[9.01719428938497,10.0254969840986],[9.01168011964188,10.0299439121819],[9.00719346040989,10.0327752387863],[9.00716420456445,10.0327524670528],[9.00621348626345,10.0317226659683],[9.00545291072331,10.0315354298163],[9.00459726425237,10.0313950015781],[9.003884225077,10.0317694756808],[9.00355147322193,10.0309737186622],[9.00397929600774,10.0298034839437],[9.004834943378,10.0291481506667],[9.00435958422747,10.0279779096529],[9.00378915324688,10.0271821427418],[9.00402683237246,10.0259650857202],[9.00497755067346,10.0250288833763],[9.00512015886829,10.0231096617815],[9.00550044708802,10.0217989664492],[9.00630855809351,10.0208159418023],[9.00692652543887,10.0194116162531],[9.006407741624,10.0155850522085],[9.00540537525791,10.0141687449917],[9.00554798255342,10.0129984491192],[9.00583319804372,10.0121090223136],[9.00502508703818,10.011921773571],[9.00402683237246,10.0116877142167],[9.00302857770674,10.0106578456831],[9.00212450184432,10.0096098728974],[9.0012697484002,10.0088789767834],[9.00138917566994,10.0072856632028],[9.00076455244221,10.0071242951502],[9.00046163559608,10.0059765893482],[9.00084192381576,10.0053680217169],[9.00036656466528,10.0048062646974],[9.00064344973549,10.0029654657837],[9.00145989116112,10.0018102137704],[9.00198278667631,10.0008271288689],[9.0012697484002,10.0002185513451],[9.00277539067179,9.98879144886632],[8.99990587075939,9.98863556577879],[8.97746086093002,9.98741626674735],[8.96208660791069,10.0052097302449],[8.95151027218134,10.0110855479597],[8.94991838312694,10.0132186238405],[8.94952288377414,10.0198536690116],[8.94718504305536,10.0196153180925],[8.94587782809936,10.0226744816421],[8.94376247785613,10.026349085442],[8.93868590113345,10.0265671629443],[8.93928825265078,10.033062948996],[8.95209287098925,10.0930118411236],[8.96827030313204,10.1028404238465],[8.96823512255293,10.1035998914219],[8.96809196487231,10.1066904071366],[8.96983623595355,10.1106300348483],[8.97052926071683,10.1164393557917],[8.97122478559544,10.1222696300395],[8.97288036283851,10.1281404502216],[8.97273856673149,10.1312015850851],[8.97270202637748,10.1319904344111],[8.97435760541919,10.1378602986139],[8.97216796937636,10.1435499188937],[8.97198963201595,10.1473999021838],[8.97181129555491,10.1512603760656],[8.97236143063554,10.1525015627969],[8.97355747229955,10.1552000046765],[8.97713470470291,10.1611499786886],[8.97682123880918,10.1679281230844],[8.97668933974131,10.1707801817601],[8.97816657962397,10.1805000319509],[8.97606563562061,10.1842699054318],[8.97591509990201,10.1846610646564],[8.97387599867847,10.1899595257116],[8.9679288863091,10.1935596467603],[8.96591663434526,10.19540023883],[8.96005916729678,10.1970701215889],[8.95106697116381,10.2031154633081],[8.94615459535834,10.206100464265],[8.9422187816715,10.2078599932441],[8.93828487364806,10.2096099849129],[8.93032646169689,10.2150497438507],[8.93014717105513,10.2189102177324],[8.9299961380114,10.2221795366563],[8.92988014165525,10.2246904384131],[8.92970180519421,10.2285404208038],[8.93026908495034,10.2329587612379],[8.93097977779456,10.2384940938274],[8.93144798283816,10.2421407700805],[8.93124675773174,10.2451114646224],[8.9346685423194,10.2461299900071],[8.93641376488341,10.2500696177187],[8.93605709196129,10.2577800748906],[8.93579006166209,10.2635602946719],[8.935611725201,10.2674102788613],[8.93918991088572,10.2733602528734],[8.94167871809839,10.276092375263],[8.94469165919276,10.2793998722064],[8.9538602834254,10.2894601832409],[8.95359229984479,10.2952404021229],[8.95477001512415,10.3075351030626],[8.95489215924579,10.3088102338053],[8.9547551286463,10.3090561156473],[8.95279121434311,10.3125801090848],[8.94867801837592,10.3181800840437],[8.94631004317398,10.3277301800039],[8.94219684630747,10.3333396913737],[8.9402050278398,10.3377305440295],[8.93790531208055,10.3428001402144],[8.93629082666035,10.3470030057841],[8.93571567513834,10.3485002519851],[8.92977047023106,10.3520898824422],[8.92583465744354,10.3538503647026],[8.92053316567308,10.35361569291],[8.91814327309362,10.3535099029597],[8.91792680627714,10.3535716144385],[8.91228580604513,10.3551797866179],[8.90801373674458,10.3559938700211],[8.90737629008379,10.3561153405506],[8.90602659924821,10.3564417827621],[8.90391826731422,10.3569517136507],[8.89869308481804,10.3582143779912],[8.89288139326175,10.3580665591244],[8.8871097557107,10.3579196926398],[8.8701925286623,10.3576345436993],[8.85167416393159,10.3643825086459],[8.8486525335876,10.3661250260492],[8.83807614659696,10.3703771879569],[8.83222939766864,10.371833339637],[8.82315003204837,10.3742180503228],[8.82063062720175,10.3754805356982],[8.81972744436609,10.3776781855998],[8.8192996197817,10.3794082401982],[8.81831842885248,10.3804462475963],[8.81692282312986,10.3803434002278],[8.81554428114373,10.3804369162307],[8.81449849011329,10.3801096097707],[8.81311994812717,10.37978230421],[8.8119315489019,10.3802966417766],[8.81073476529724,10.3807401082694],[8.81030694161211,10.3812310652615],[8.81023563796435,10.3820025666652],[8.80998607429797,10.3826337963127],[8.80948694696508,10.3834754313461],[8.80905140080154,10.3844486192085],[8.80909477510386,10.38543923863],[8.8088938027069,10.3862573213184],[8.80827477955751,10.3868068826316],[8.80759739310525,10.3873679669582],[8.80697259001306,10.3873661314419],[8.80585044744026,10.3876485077724],[8.80531566738421,10.3880693203429],[8.80567218742158,10.3887356028658],[8.80610001020733,10.3892966817965],[8.80674174573505,10.3894018853887],[8.80688435392983,10.389787626198],[8.80688435392983,10.3903487042294],[8.80734782943881,10.3908747140968],[8.80741913308657,10.3913656549011],[8.80759739310525,10.3920669992926],[8.80699130940144,10.3924527383033],[8.80659913843954,10.3932242118279],[8.80620683797525,10.3931864465973],[8.80538697103196,10.3931891445634],[8.80510175644093,10.3928034082508],[8.80435306364302,10.3930488773039],[8.80374698083853,10.392838474616],[8.80335480987662,10.3933294127223],[8.80285568164442,10.3942411544058],[8.80221394701607,10.3944515552951],[8.80167916785933,10.394977557968],[8.80107308415558,10.395643827001],[8.80025308860922,10.395854226991],[8.7998987710115,10.3962278233554],[8.79936179031444,10.3966256942205],[8.79907657392482,10.3975023578476],[8.79822092655456,10.398168622384],[8.79786440831583,10.3989050160537],[8.79736105327004,10.3987715458702],[8.79643832996499,10.3989050160537],[8.79554703077088,10.3993959451668],[8.79593920173284,10.3998167424488],[8.79622441812245,10.4002375361334],[8.79665224090826,10.400377800695],[8.79715136914041,10.400903792576],[8.79811397198227,10.4012193880644],[8.79832788292549,10.4017103135802],[8.79768614829715,10.4023415018589],[8.79690180457465,10.4030428210694],[8.79636702631728,10.4025168318863],[8.79554703077088,10.4022012381967],[8.79449843025839,10.4021856502476],[8.79369312873496,10.40241163369],[8.7936218250872,10.4030077547042],[8.7942279078917,10.403603874819],[8.79376443328204,10.4038142703124],[8.79301574138339,10.4042350612991],[8.79308704503114,10.4047610459855],[8.79355052143944,10.4051818342743],[8.79412095242009,10.4057428853259],[8.79333660869759,10.4060935399849],[8.79301574138339,10.4067948511016],[8.79273052589309,10.4076013559179],[8.79337226142076,10.4078818787457],[8.79390703967817,10.4084779889681],[8.79308624463454,10.4107178494493],[8.78225701235129,10.4241601401784],[8.77803819730502,10.4242185799235],[8.77654073256878,10.4258923495523],[8.77512661879848,10.4266730168463],[8.77430342975953,10.4269168698177],[8.77369327932144,10.4270976155626],[8.77019476457679,10.428133981698],[8.76728318786888,10.4277249115755],[8.76502523033014,10.4304130742041],[8.76497576941625,10.4317264630059],[8.7625341343429,10.4321262889971],[8.76154754658205,10.4322878468067],[8.75755969182637,10.4350022093845],[8.75697498500762,10.4357134840901],[8.75522094189301,10.4391202221206],[8.7536166044228,10.4396461501498],[8.75162286500324,10.4401230840132],[8.75032454704024,10.4404336630831],[8.74921953025716,10.4406980008121],[8.74939778937653,10.4451975491276],[8.75284608687747,10.4545579807663],[8.7583369803674,10.4578626052751],[8.76175470631472,10.4627048420548],[8.76394505282195,10.4654313472789],[8.76708104455463,10.4683765370476],[8.77149192960889,10.4725190536115],[8.77164492497337,10.4726627400934],[8.77265294627648,10.4740067643008],[8.77674933481399,10.4794686042927],[8.77610974057211,10.4962574486224],[8.77416237109662,10.5010968651283],[8.77305003023474,10.5044621120369],[8.77301200060339,10.5101829468855],[8.77366324376374,10.5137864556804],[8.77461396296405,10.5172216698442],[8.7752687791309,10.5191147067783],[8.78213523155574,10.5258843256012],[8.78190926789847,10.5266742433217],[8.78286224079983,10.5333263072633],[8.78428606544963,10.543265046145],[8.78827244082055,10.5533271702128],[8.79098008816061,10.5601616211619],[8.79308021378091,10.5654626084127],[8.78317676789356,10.5969687051417],[8.78190525422417,10.6010138062422],[8.8218802001112,10.6722548692669],[8.82474656879918,10.6752786957553],[8.84817526517639,10.6799403837418],[8.85245895371781,10.6863298420486],[8.85442066198402,10.6968803411549],[8.85482857288036,10.7022562922941],[8.85521888674225,10.7074003226668],[8.85127830484993,10.7200899123196],[8.84645938928941,10.7245903024006],[8.83798408479771,10.7336397169994],[8.83416652656399,10.7428398139064],[8.83208368501408,10.7495387972777],[8.83118267583984,10.7528238165659],[8.8308548082029,10.7535676692126],[8.82898044569106,10.757820128796],[8.82158946997811,10.7692403802394],[8.81560421016621,10.773699761235],[8.80721092204647,10.7804203031545],[8.7976531980367,10.7870998377873],[8.79216957106888,10.7913713468103],[8.79131698589026,10.7920355797783],[8.78564453097039,10.7972002037264],[8.77941703786604,10.8086500167849],[8.77684497771361,10.8155603408371],[8.77435398065171,10.820139884748],[8.76937103324661,10.8292999267503],[8.76788139261225,10.8385801316678],[8.76630973830385,10.8501796728536],[8.76616951960767,10.8511366324497],[8.79465208662452,10.8543517510325],[8.81392327833669,10.8529350031479],[8.86342303574457,10.8432429096326],[8.89758848442108,10.8365532882037],[8.9065428199952,10.8353017241953],[8.92936665574661,10.823306090104],[8.95200035593172,10.8096156089732],[8.95250883531457,10.8093080372362],[8.95713150081815,10.8065067326996],[8.96051737727521,10.8059474677015],[8.96713325789358,10.8062894969628],[8.98622645758502,10.8089687167329],[9.0209540553854,10.8125197833614],[9.02031372010214,10.8089070511195],[9.02362599334498,10.7904156129902],[9.04334535680283,10.7752851697748],[9.03524604267079,10.7377869280244],[9.03689719255146,10.7368579418406],[9.0523151427297,10.7281833197045],[9.0685792821082,10.7228566514134],[9.08292299030381,10.7206313887277],[9.09146955077921,10.7193054876582],[9.10908903413167,10.7182697231692],[9.12143773306497,10.7166420869628],[9.13634652667093,10.715162409018],[9.15447739061915,10.7095440546145],[9.18647089921268,10.6964477951297],[9.19124826159805,10.6955019160806],[9.19253173175406,10.695396817709],[9.19477347991221,10.6967773328077],[9.19723778959235,10.6970083137827],[9.19937690801794,10.6977089611996],[9.20429687769882,10.6984796720992],[9.20771873782951,10.7011520381361],[9.21056640331693,10.7001167529858],[9.21173395535783,10.7004582129762],[9.21467285796609,10.6999949973713],[9.21618549966115,10.698583640023],[9.21791351099978,10.6981171796642],[9.21904010341808,10.6979190095547],[9.22014769855747,10.6974165340459],[9.22102236119304,10.6973137721129],[9.22170687836979,10.6976594247427],[9.2223246010995,10.6982633716573],[9.22286675559633,10.6984628322939],[9.22338014437821,10.6983040192152],[9.22399088477158,10.6978862850241],[9.22434987794458,10.6976407413272],[9.22490316784695,10.6971333923922],[9.22532911824425,10.6969868028987],[9.22558446005485,10.69742623863],[9.22564344119189,10.6975123028506],[9.22680978274531,10.6992142185614],[9.22751577213523,10.7004713412794],[9.22767450967092,10.7015759057035],[9.22775345216013,10.7018352512958],[9.22827634587674,10.7021715572716],[9.23030367587398,10.7031377960725],[9.23251409704801,10.7034881116871],[9.2345819100272,10.704749249878],[9.23648105066002,10.7055626183202],[9.23779058766553,10.7060103826731],[9.23921666601638,10.7056600679578],[9.24114187080073,10.706640945923],[9.24249664640314,10.7079020697248],[9.24363750926369,10.709793746884],[9.24456446028165,10.7103542421546],[9.24529764876752,10.7099710967888],[9.24755922337948,10.7118255357199],[9.24912790992516,10.7131566978234],[9.25155224294173,10.7139974299375],[9.25312092858803,10.7135770652294],[9.25561656705099,10.7144177964442],[9.25882524199136,10.7164495520053],[9.26153479139754,10.7175004547822],[9.2628182615536,10.7186214147466],[9.26531389911719,10.7189717141733],[9.26731041024726,10.7203028456998],[9.26916431138392,10.7207932630986],[9.27139976878436,10.7220000912313],[9.27435692493219,10.7221887447149],[9.27635343426363,10.7235899217375],[9.27856385633697,10.7239402139697],[9.28056036476909,10.7242204481153],[9.28143488711038,10.7256525240448],[9.28289361894542,10.7270493456508],[9.28391164970293,10.7270928350663],[9.28583685628593,10.7275832389753],[9.28854640389346,10.7287742192549],[9.29075682686613,10.7298250788643],[9.29125595419896,10.7312962780009],[9.29239681705951,10.7337482588751],[9.29460723733416,10.7348691585848],[9.29688896215595,10.7361301645755],[9.29845764870157,10.7375312777463],[9.30173762908834,10.7383719433106],[9.30458978668935,10.7394928241346],[9.30680020696406,10.7410340300964],[9.30822628531484,10.7408238657289],[9.31022279644498,10.7408939211176],[9.31264712766284,10.7411040845859],[9.31321756044213,10.7418046303794],[9.3142871187556,10.7423650653955],[9.31592710894898,10.7425752279644],[9.31785231373334,10.7432057156713],[9.31977752121566,10.7440463650478],[9.32113229501942,10.7440463650478],[9.32255837337027,10.7430656075917],[9.32426966811073,10.7431356620812],[9.32719312756086,10.74173457589],[9.32911833414386,10.7411741390753],[9.3300452842625,10.7425752279644],[9.33211309814101,10.7435559872191],[9.33468003935241,10.7437661488887],[9.3361061177032,10.7457977092969],[9.3376034997018,10.746288082629],[9.33952870718412,10.7457977092969],[9.34138260922009,10.7449570653164],[9.34280868667162,10.7448169572368],[9.34494780329851,10.7450971715973],[9.34737213721439,10.7450271180072],[9.34894082286075,10.7439763105583],[9.35008168662057,10.7439763105583],[9.35157906771985,10.7448870108269],[9.35378948979314,10.7454474404471],[9.35535817543951,10.7454474404471],[9.35614251916201,10.7465682960901],[9.35771120480831,10.7477592008265],[9.36004046599476,10.7489174098106],[9.36175176073522,10.7503184627269],[9.36374827006665,10.7519296656216],[9.36474652473237,10.7524200299605],[9.36774128872952,10.7535408604224],[9.37052214178345,10.7549418917549],[9.3727325638568,10.7554322506979],[9.37558472055844,10.7566231212601],[9.37914991733487,10.7580941890956],[9.38214468133202,10.7597754006143],[9.38442640615375,10.7611764031685],[9.38799160203087,10.7620870512765],[9.3907724550848,10.7636981912186],[9.39219853343565,10.7652392739734],[9.39255505257364,10.7673407368856],[9.39419504276708,10.7702127128464],[9.39583503296046,10.7718238096211],[9.39562112111787,10.7728745208425],[9.39633416119261,10.774065322157],[9.397617632248,10.7743455086384],[9.39932892608914,10.7751860716799],[9.40046978894964,10.7765870031877],[9.40210977914302,10.7785482941685],[9.40218108189146,10.7805095743574],[9.40246629738175,10.782190659971],[9.40332194565133,10.7840118275838],[9.40517584678793,10.7848523618471],[9.40738626796195,10.7850624947384],[9.40909756180309,10.7843620496689],[9.41145059207122,10.7833113798164],[9.41230623764278,10.7838016928939],[9.4132331886608,10.7854827623197],[9.41522969979087,10.7856228497148],[9.4167270808901,10.7865334240783],[9.41766680228113,10.7874329475725],[9.44551969277967,10.7589429080888],[9.44691055997441,10.7589220582065],[9.56367616202533,10.6921008392824],[9.57133047182384,10.6962839089753],[9.57224681713694,10.6967846901614],[9.57279662306576,10.6970851599522],[9.59513383565803,10.6890351376615],[9.59781678491674,10.6874516653621],[9.60292844329308,10.6838827723721],[9.60507157089631,10.6615749819999],[9.62274378959427,10.6477677652702],[9.6387212287018,10.6369172298463],[9.64720686910175,10.6265745973399],[9.66117600157128,10.6121865282857],[9.66124127886195,10.6115280932469],[9.6498472597433,10.601208629075],[9.64775099221458,10.5996875292561],[9.64568489424255,10.5971437069166],[9.63710348773583,10.5866014743786],[9.63542649943344,10.575801881052],[9.6273251942024,10.5714134502705],[9.62048791578474,10.567709735416],[9.61576964695172,10.565159659191],[9.61761299544344,10.5619928180142],[9.62129703133297,10.5577286249761],[9.62260426877202,10.5554504713622],[9.62260426877202,10.5530554697342],[9.62557526638551,10.5518287548932],[9.62694192383077,10.5515366802736],[9.62658540559204,10.5493753099227],[9.62379266799729,10.547389174271],[9.6238520880035,10.5429495279984],[9.62593178462419,10.5385098187732],[9.62789264303109,10.5369909555682],[9.62872452221899,10.53517999616],[9.6280864082612,10.5320575419221],[9.6260506264353,10.5286954983986],[9.62578890303547,10.5242018622262],[9.62609545943798,10.5191942976787],[9.62795206393668,10.5168361088994],[9.62979408143178,10.5144992295558],[9.63092305975147,10.5118702198348],[9.63145387829388,10.5079909294379],[9.63226198929942,10.5026159270834],[9.63292749211013,10.5000919797611],[9.63618241108946,10.4980650436669],[9.63720572716261,10.4974277921589],[9.64062831574421,10.4923797949916],[9.64271989780508,10.4887339667992],[9.6437656879362,10.4852750662913],[9.64214946502585,10.4809280133172],[9.64119874672485,10.4776092532645],[9.64162657040993,10.4739632524022],[9.64094999874351,10.4695638732742],[9.64036686843627,10.4650443905862],[9.64087779217641,10.464080273286],[9.64168599041619,10.4625551966651],[9.64578408226964,10.4629259205948],[9.647069435606,10.4610125886601],[9.64920855313227,10.45929467401],[9.65202505801005,10.4579273483685],[9.65450359406566,10.4570675038623],[9.65648155308128,10.4555783380699],[9.65954762072619,10.4549823168805],[9.66161938712509,10.454292595327],[9.66411107216828,10.4536149723531],[9.66664236155577,10.4532994299248],[9.66931625823878,10.4518970172336],[9.67259513425807,10.4507668266278],[9.67448579158605,10.4509503836533],[9.67737360101091,10.4503192951993],[9.68349288768667,10.4470104690579],[9.68374935994507,10.4448264214023],[9.6853536983146,10.4433655338923],[9.68606673659065,10.4412034090101],[9.68648267843292,10.4388075233486],[9.68713629670276,10.4369959865756],[9.68945367424772,10.4358856862755],[9.69231238340984,10.4345872603938],[9.69420726935004,10.4327300704364],[9.69450436668325,10.4287562873728],[9.69295944921925,10.4227370781537],[9.69105801081861,10.4191722492],[9.69016671342314,10.4177696818254],[9.69159279177399,10.4172437178233],[9.69206815092446,10.4150229697343],[9.69220345842291,10.4121906403858],[9.69117685083103,10.4108736363093],[9.69105801081861,10.4074839979882],[9.6888000550785,10.4060813793522],[9.68767107496018,10.403159234711],[9.68606841202762,10.4009073422001],[9.6847594991516,10.3990681872471],[9.68220444158175,10.3988344111792],[9.68089720324338,10.3986590793531],[9.67917402576074,10.3947433061587],[9.6777479474099,10.3926392891719],[9.67816388565484,10.391937946579],[9.67947112489253,10.3917041660145],[9.67982764403058,10.3905937029371],[9.67852040659153,10.3891910069594],[9.67935228488011,10.3873207372623],[9.67929286487384,10.3843399712127],[9.67994648404306,10.3798979920987],[9.6810696509437,10.3793642075922],[9.6816102424188,10.3739362891285],[9.68024358407422,10.3722997226541],[9.68137576757766,10.3695732156314],[9.6845218191267,10.367916023206],[9.68689861667787,10.3668054755923],[9.68642325662802,10.3647597202849],[9.68713629670276,10.3630646574081],[9.68743339673392,10.3620125432443],[9.68927541422903,10.3613111323029],[9.68951309425393,10.3596160487417],[9.69105801081861,10.3591484381499],[9.69123627083729,10.3562258546395],[9.69087108223471,10.3539784650342],[9.69003920214749,10.3531016781999],[9.68944500298454,10.3519910793249],[9.68962326300323,10.3506466630132],[9.6908116622285,10.3492437889697],[9.69152470140392,10.3481331757055],[9.69211889966755,10.3471979194485],[9.69300878872468,10.3464284001506],[9.69398301800192,10.3455859467341],[9.69425801809314,10.3444505877245],[9.69514931728719,10.343749137213],[9.69449569721871,10.3425800509286],[9.69473337724361,10.3405341373406],[9.69503047727477,10.3391896733648],[9.69419859808687,10.338254390128],[9.69615945469513,10.3363253596277],[9.69562467643772,10.3349808767661],[9.69615945469513,10.3329349137153],[9.69520873729346,10.3306551134428],[9.6946739572374,10.3279660928609],[9.69396091806198,10.3266215740265],[9.69348555891145,10.3252770497961],[9.68869631198527,10.319559835618],[9.67905325940046,10.3089109245996],[9.6729627159566,10.3049648010847],[9.66553522417132,10.2975108773252],[9.6598903307742,10.2910798982188],[9.65740657775143,10.2831472041802],[9.65639250491023,10.2812820489274],[9.65346109365458,10.2770667331433],[9.65301094789697,10.2750787313984],[9.65279559084388,10.2686006511992],[9.65195821859697,10.2634647138256],[9.65103676063802,10.2593859286177],[9.65008604233702,10.2579826489801],[9.64908778677199,10.2553631747708],[9.64782778802203,10.249471227715],[9.64958189588782,10.2441837311943],[9.64998959904079,10.2430379175659],[9.64775995665673,10.2422620355645],[9.64625910057708,10.2421037054217],[9.64290781744188,10.2411213561657],[9.63838001782364,10.2399986668051],[9.63467221465106,10.2392969842684],[9.63292526898601,10.2391917321128],[9.63135108218677,10.2392130163677],[9.63028702412691,10.2410511883617],[9.6248448514088,10.241426334258],[9.62396687567082,10.2414567493296],[9.62116368705455,10.2413339037367],[9.6177365137292,10.2405543983668],[9.61317727471152,10.2397453268854],[9.60977536424173,10.2364265101754],[9.60671310972231,10.2349706777546],[9.60570779987512,10.2330715676987],[9.60648829180127,10.2311834032915],[9.6089559091879,10.2317468240568],[9.61762264786694,10.215817287338],[9.62948335397368,10.210330677319],[9.63076272232183,10.2068020280911],[9.64063876496709,10.2057038110821],[9.65335058496157,10.2042902530928],[9.62200202877068,10.1773723076859],[9.62453462936969,10.1869168782114],[9.61571555632793,10.199206912569],[9.61608658063125,10.2011197228969],[9.6036076238928,10.2146286839666],[9.60082676993954,10.2161725033584],[9.59881488759703,10.2147169973916],[9.59745368094269,10.2130615217719],[9.59811235879835,10.2101425553347],[9.60039894715374,10.2057866647228],[9.60182502460526,10.2027690948179],[9.60203893734712,10.1994006103499],[9.60189632915234,10.1961022667063],[9.60163155884942,10.1934815100637],[9.60189080821425,10.1918599379858],[9.60136061470064,10.1888276057095],[9.59595668475328,10.1848989632167],[9.59579039740896,10.1836203889698],[9.58326291415221,10.1760360967885],[9.58154336813197,10.1749950631717],[9.57218989904464,10.1582231809551],[9.5497536746924,10.160913734881],[9.53703050435433,10.1529208717009],[9.53334846855705,10.1507726611295],[9.52390752691088,10.1512638195697],[9.51826544479451,10.1131585471293],[9.51569850358311,10.1142114859713],[9.51220461225313,10.1151942273318],[9.50814028904313,10.1159663771467],[9.50580396098405,10.117511580595],[9.50400466218548,10.1180722341463],[9.48723041205392,10.1192986387213],[9.48473477359096,10.1209833081332],[9.48195392233572,10.1230189379737],[9.47860263740182,10.1239314566714],[9.47724786269873,10.1235804890484],[9.47567917705243,10.1244930068468],[9.47389657866421,10.1250545552236],[9.471757461138,10.1258266816561],[9.47093792964176,10.1281476960594],[9.47004616729686,10.1296170965518],[9.46740437011562,10.1307588317547],[9.4650548930689,10.1324949747633],[9.46255925640463,10.1322142082192],[9.45927927601781,10.1318632477907],[9.4576604432749,10.1315696919877],[9.45656972661163,10.1313719040901],[9.45414539269575,10.1309507506767],[9.45280643077223,10.1321158997291],[9.45150714783665,10.1340391916554],[9.44951063940454,10.1358641651991],[9.44801325560729,10.137829511223],[9.44772804101632,10.1402861739678],[9.44566022713781,10.1415495928395],[9.44316458957422,10.1435149028905],[9.44031243287253,10.1452696348858],[9.44074025655766,10.1481473719037],[9.4397707927879,10.1493080603188],[9.43750386990774,10.1477390536145],[9.43439420762661,10.1469541658022],[9.43225509099972,10.1482175612915],[9.43004466892637,10.1499020760201],[9.42762033590981,10.1503933918416],[9.42491078740295,10.1496915132528],[9.42189387220446,10.1466938480427],[9.41355581864616,10.1403649968472],[9.39887600772164,10.129614109004],[9.39496314113609,10.122878550205],[9.38947179168986,10.1168062692939],[9.38481579731126,10.1025684059073],[9.38117705397792,10.0942830274398],[9.38512637278393,10.0903716681181],[9.38457805703177,10.0879847549925],[9.37846370583543,10.0771100727717],[9.3780203733416,10.0767901263633],[9.37245946763039,10.0767337703473],[9.36960488096054,10.0767048409557],[9.36881329589693,10.0678973260008],[9.36732174330388,10.0622021658973],[9.36632596627038,10.0585165400063],[9.36639703339642,10.0527601468634],[9.36533103459959,10.0480697543157],[9.36194917811213,10.0449510709352],[9.3608538407322,10.0419580282405],[9.36028530732113,10.0389732323289],[9.36007210774164,10.0355620372583],[9.35921930942362,10.0335011067907],[9.35961791593411,10.0318092122254],[9.35943965591542,10.0308262181555],[9.35951095956318,10.0297730068189],[9.35940400409157,10.028719791885],[9.35936835226767,10.0272803927759],[9.35839392064298,10.0268317983488],[9.35726488566598,10.0266133521246],[9.3552843123212,10.0270640068985],[9.35385823397036,10.0273448660728],[9.35236085107249,10.0267831477241],[9.35114868456418,10.0265022876505],[9.35000782170368,10.0269937923297],[9.34843913605732,10.027625725247],[9.34644262582657,10.027625725247],[9.34637132217881,10.0253788482553],[9.34643159833962,10.0219955366647],[9.34785402094639,10.0218812292354],[9.34869920560391,10.02166993442],[9.34968144694125,10.0216813549106],[9.35102346296247,10.0214243727366],[9.35216560465898,10.020950384153],[9.35345336907778,10.0203069776849],[9.35414943984483,10.0187232086092],[9.35432456932347,10.0179693950716],[9.35428649742397,10.0171767497073],[9.35431505089895,10.0160974256557],[9.35455490098792,10.0156691244306],[9.35476714908469,10.0149362489088],[9.35516693280778,10.0139995546358],[9.36193529257974,10.0156947533102],[9.36222050896936,10.0148872529444],[9.36232746534029,10.014185079378],[9.36282659177385,10.0131669209167],[9.36268398357902,10.0126051782864],[9.36225616079321,10.0121838701895],[9.36261267993126,10.0116923439266],[9.3621492053216,10.0112710358297],[9.36186398893199,10.0106039610041],[9.36261267993126,10.009726230781],[9.36236311716419,10.0094102467855],[9.36189964075584,10.0092698095541],[9.36147181797008,10.0087782787946],[9.36104399428496,10.0084622947991],[9.36093703791403,10.0075845582808],[9.36093703791403,10.0066365999991],[9.36058051877598,10.0065663800345],[9.36018834691475,10.0060748447783],[9.35993878324831,10.0055130913561],[9.35979617505348,10.0046353458446],[9.35936835226767,10.0042140278551],[9.35919009224898,10.0037224890017],[9.35926139589674,10.0029500702896],[9.35883357311099,10.0026691904308],[9.35840574942586,10.0027745199282],[9.35837009670263,10.0023531992408],[9.35851270489746,10.0021074289148],[9.35883357311099,10.0017563272927],[9.35894052768327,10.001264784842],[9.35876226856391,10.0007732423913],[9.35879792128708,10.0001763668459],[9.35936835226767,9.99953735986134],[9.35940400409157,9.99883515122133],[9.35919009224898,9.99816805301327],[9.35926139589674,9.99693918069869],[9.36052099714635,9.9961777130311],[9.36119324487242,9.99604720521438],[9.36085968992279,9.99575521333247],[9.36045682332377,9.99516301156376],[9.36021914329888,9.99450760724034],[9.36000523235566,9.99354790830938],[9.35950610412345,9.99289250128794],[9.35936349592862,9.992073241387],[9.35912581680304,9.99148805433032],[9.35910204862068,9.99055175306103],[9.35898320860827,9.98975589531835],[9.35888813677815,9.98912388865659],[9.3585791531055,9.98830461886314],[9.35867422493556,9.98734490104641],[9.35848408127538,9.98608087783032],[9.35853161674078,9.98498070479576],[9.35867422493556,9.98397416107872],[9.35898320860827,9.9833889614315],[9.35919712135012,9.98280375728763],[9.35886436859579,9.98200787975992],[9.35848408127538,9.98135245025543],[9.35876929676567,9.97997136228861],[9.35924465681552,9.9789648041824],[9.36126401162488,9.9717644136968],[9.3687476435889,9.96186383484815],[9.37177889937675,9.94794411023253],[9.37175939218224,9.94464939715203],[9.37435621156993,9.94242643583141],[9.37094586186208,9.9142496787797],[9.36945113736016,9.91130214897504],[9.35500911437919,9.90622384195677],[9.34900496700567,9.90207588539386],[9.33774404485183,9.90336570386421],[9.33106605615365,9.90622339319509],[9.32308697508387,9.90184789106735],[9.31990105478991,9.90133126382682],[9.31116239372955,9.89887331415218],[9.29633699515625,9.89800602325943],[9.29415575968062,9.89566980671623],[9.29416719635907,9.89065704408739],[9.29865429086288,9.87847486182545],[9.28195507116965,9.86612021027952],[9.28795786326481,9.85301179016204],[9.28765794565771,9.8498508746182],[9.27206962521308,9.84614461827954],[9.24571835881528,9.84792735786135],[9.23213560387507,9.86164891596474],[9.23048181088689,9.87609204511182]]]},"properties":{"FID":375,"globalid":"d82724d9-9fc6-412a-b9db-3c1e55d793bf","uniq_id":28417,"timestamp":1565308800000,"editor":"nuraddeen.isah","lganame":"Toro","lgacode":"5018","statename":"Bauchi","statecode":"BA","source":"eHA_Polio","amapcode":"NIE BAS TRR","Shape__Area":0.55359180167418032,"Shape__Length":4.3049385574275671}},{"type":"Feature","id":395,"geometry":{"type":"Polygon","coordinates":[[[10.5325948562677,10.7487030752868],[10.5267154988213,10.7370429620631],[10.526676827074,10.7369666968556],[10.5144934613043,10.7486980040097],[10.5139544103678,10.7610764102482],[10.5019360665963,10.7748502387475],[10.4406726489237,10.7727069582596],[10.4498396732624,10.8015977752172],[10.4522248309113,10.8091148439749],[10.4594081333787,10.8118338983158],[10.4893586277985,10.8072214769896],[10.5163595077851,10.8404239208273],[10.5130067137889,10.8486632737911],[10.5121181440372,10.8512223810081],[10.4817106492271,10.8495058279316],[10.4709197721298,10.8494310268205],[10.4446232789412,10.8368936797995],[10.4222130800696,10.8322895538199],[10.4194049847523,10.8437161337926],[10.4561422894351,10.8694008289851],[10.4654006093507,10.8840122932328],[10.4721928056535,10.8786542260117],[10.47665429466,10.8979873459393],[10.4611877981784,10.8962027510561],[10.4576186057141,10.909587218975],[10.446911032818,10.9188076297684],[10.4350105308114,10.9183454753634],[10.4342317368053,10.9130703661045],[10.4222272965525,10.9105548670136],[10.3752790228087,10.8827126712528],[10.3646254757851,10.8667040580459],[10.3513760032999,10.8677777190665],[10.3190913284021,10.8797994281012],[10.2812853989021,10.8999726452215],[10.2589208604094,10.9301911520001],[10.2620094156021,10.9409100752399],[10.2788370198127,10.9519520916158],[10.2989262978105,10.9506168951536],[10.3242862918789,10.9597321392269],[10.3242862918789,10.9890044351067],[10.3235333228047,11.0190129160133],[10.3223291395782,11.0406430591299],[10.3329351619282,11.0709783149973],[10.3352505420789,11.0840082189042],[10.3282790857113,11.08194452482],[10.3181851067573,11.0831519213241],[10.3154908233429,11.085375584116],[10.2987339750929,11.0913550181197],[10.2850749387575,11.0999692993437],[10.2852381234407,11.1041349428734],[10.2856897153081,11.1068357346815],[10.2866166654268,11.107885259697],[10.2869383466274,11.1097905732764],[10.2880427437777,11.1106653132537],[10.2885414583217,11.1136014981107],[10.2890409993427,11.116542520421],[10.2895638939586,11.1186414931105],[10.2901343249392,11.1207404523101],[10.2916554760195,11.1223263222021],[10.2943174890609,11.1226528228696],[10.2971696448633,11.1217199606077],[10.2998791942695,11.1201807313557],[10.3000374551645,11.1201690113908],[10.3023985991161,11.1199941571047],[10.3057271689737,11.1215046008567],[10.3059686126614,11.1216141625636],[10.3068257412151,11.1220031121539],[10.3070956808211,11.1222683653928],[10.3088634880596,11.1240054697766],[10.3108124619257,11.1272704485724],[10.3118582529561,11.1290894928858],[10.3135220113318,11.1305353931939],[10.3167069189892,11.130442109216],[10.3202245794009,11.1281566522078],[10.3235045588883,11.125964461191],[10.3258443250556,11.1248341797536],[10.32985815493,11.1257531402952],[10.3310627752269,11.124425254422],[10.3318708862325,11.1217666039457],[10.3311578461577,11.1187347806857],[10.332346245383,11.1174287546334],[10.3340100028594,11.1180817685588],[10.3355311530403,11.1204605922825],[10.3373375187116,11.1249383239445],[10.3382407024465,11.1276902287211],[10.3384783815721,11.1306286762725],[10.3364638489275,11.1375218250722],[10.335760116836,11.1399297706424],[10.3357200619313,11.1433801653624],[10.3380203253778,11.1480102538702],[10.3391599660596,11.1503295901385],[10.3403100973332,11.1526498787889],[10.3437900536681,11.1561403266148],[10.3460903171145,11.1596298220587],[10.3464441301925,11.1628456124351],[10.3495166225941,11.165548416926],[10.3507003777203,11.1665897383258],[10.3541803358539,11.1700897216634],[10.358810425261,11.1747503277655],[10.3611402512217,11.175930023352],[10.3646202093552,11.1794204711779],[10.3633604048588,11.187470435912],[10.36450004644,11.1909399025545],[10.3644695279464,11.1932401669002],[10.3656196592199,11.195549964959],[10.3655796052146,11.1990098960899],[10.3667202000772,11.2024803160138],[10.365950950576,11.2046668260132],[10.3659107976453,11.2047809562762],[10.3793969977733,11.2234539891103],[10.4091402623133,11.2103669530725],[10.4172873898012,11.2125235462247],[10.425015492571,11.2145692196938],[10.4353094897412,11.2172941016415],[10.4495910979509,11.2210745286666],[10.4764007982583,11.2387296971179],[10.5042496274184,11.2579969201218],[10.5074972807749,11.2606480711516],[10.5127349197808,11.2565014761623],[10.5150166446025,11.2569210683527],[10.5187957532215,11.2599281350754],[10.5207209580059,11.2622358637941],[10.5223389660705,11.2653791337401],[10.525640928586,11.266431684075],[10.5264965759563,11.264893222844],[10.5283504779922,11.2629351712212],[10.5294913399534,11.2613966911044],[10.5323434966551,11.2606973800801],[10.5337695750059,11.261606484052],[10.5344113114329,11.2637743394143],[10.5353382615516,11.2660121053744],[10.5369069480972,11.2680400657965],[10.5384756337435,11.2676904183782],[10.5403295357795,11.2665016135587],[10.5420408296206,11.2652428747589],[10.5443225553417,11.2637743394143],[10.5463118161375,11.2621009735811],[10.5482370218211,11.2599331083263],[10.5500909238571,11.2576253616212],[10.5525152568737,11.2558770570806],[10.5553650366672,11.2541152573133],[10.5570558511467,11.2543149175994],[10.5592891285905,11.2545483384351],[10.5600955209915,11.2547012366728],[10.5620729557024,11.2550761766243],[10.5632821481527,11.2562966510696],[10.5640664918752,11.2614016643554],[10.5649221392454,11.2643387539304],[10.5652786583834,11.2676254621454],[10.5654212656789,11.2706324173522],[10.5646369228558,11.2734295562291],[10.5656351784208,11.2759469582855],[10.5675603841045,11.2775552860477],[10.5706264517494,11.2800027271442],[10.5707690599442,11.2816110324233],[10.5690577661031,11.2825899957318],[10.5672038640671,11.2831494028227],[10.5632108454042,11.2840584357482],[10.5611430306264,11.2843381392938],[10.559402780414,11.2849723789722],[10.5592178249427,11.2865058201875],[10.5595030413323,11.2879043163312],[10.5608578151361,11.2879742413182],[10.5615708543115,11.2894426525564],[10.562556326913,11.2920849317742],[10.5634247563475,11.2946869240623],[10.5642090991706,11.297413905927],[10.5637812763849,11.299511567405],[10.5647795310506,11.300630315037],[10.5656351784208,11.301609212695],[10.5680595114374,11.302518188064],[10.570911668139,11.302727951334],[10.5722664419428,11.3044759707895],[10.5723377455905,11.3065036623142],[10.5711077239424,11.3080451542605],[10.5700560207688,11.3099297240776],[10.5685586378709,11.3119573751328],[10.5686299424179,11.3149638662895],[10.5704838435546,11.3159427162834],[10.5722664419428,11.316571974617],[10.5746194713116,11.3172012329506],[10.5767585888378,11.3176906547999],[10.5785411872261,11.3167118120006],[10.5788264027163,11.3148240298052],[10.5781133626416,11.3122370499],[10.577951857892,11.3103704125645],[10.5780420598932,11.3095102092288],[10.5790403136596,11.3086012554436],[10.58132204028,11.3088809338081],[10.5832472459637,11.3103492389263],[10.5856715789802,11.3120272938246],[10.5869550491362,11.3139150940064],[10.5878820001543,11.3162223865539],[10.5872402646266,11.3184597451212],[10.5854181608195,11.3194310983665],[10.5827481177315,11.319788168789],[10.5808942156955,11.3198580847828],[10.5797463552101,11.320932556992],[10.5795394418918,11.321605999917],[10.5798246573821,11.3233539051586],[10.5810973239824,11.3255167378073],[10.5833898532592,11.3255912079679],[10.5856002753325,11.3255212919741],[10.587382933076,11.3265040836965],[10.5885237356819,11.3288772129131],[10.588951559367,11.3310445583597],[10.5903052890579,11.332485714744],[10.5925880588919,11.3332818000151],[10.5951550001032,11.3350995457075],[10.594710638785,11.3362284709672],[10.5941497514099,11.3370477065864],[10.5936363626281,11.338781537438],[10.5938645350203,11.3399001285881],[10.5927236721598,11.3416339387553],[10.5910694214167,11.3417457982301],[10.5890729120853,11.3422491586718],[10.5873045742467,11.3431999534152],[10.5857073666018,11.346387880996],[10.5865059708739,11.3482894354092],[10.5883313509112,11.3486809300809],[10.5900426447523,11.348121651593],[10.5917539385935,11.3480097957155],[10.5932370609416,11.3476742289826],[10.5946631392925,11.34778608486],[10.5968307779181,11.3486250030415],[10.5988843312469,11.3526517777574],[10.5987702450508,11.3548329242001],[10.5984279855631,11.3569581274157],[10.5968307779181,11.3598103488686],[10.5970215708888,11.3626292594328],[10.5976864252884,11.3643402897726],[10.5994547622275,11.3658502541859],[10.6018505741447,11.3669687410147],[10.6033336955936,11.3676398304139],[10.6045886446503,11.3690938533987],[10.6040752558684,11.3713307982778],[10.6028203077111,11.3723933391813],[10.5997399777178,11.3722814931964],[10.5963186598783,11.3693931576681],[10.5948342685867,11.3675839060725],[10.5932941040397,11.3668009688897],[10.591925068787,11.3670246635574],[10.5915257662012,11.3687023866059],[10.5926666290617,11.3709952567258],[10.5950151986925,11.3733367423968],[10.5972235586204,11.3754407620816],[10.5985420717593,11.3780974448413],[10.5981998131709,11.3799428671696],[10.5966596486239,11.3810053765969],[10.5945490530964,11.3812290622715],[10.5907842059264,11.3808376125658],[10.5891285891132,11.3813171526645],[10.5882743078131,11.3815645921323],[10.5875897906364,11.3836336740549],[10.5878750061267,11.3854231387669],[10.5895862999678,11.3871007520981],[10.5926095859637,11.3876599550429],[10.5947201823906,11.3878277145774],[10.5966026064252,11.388778356436],[10.596716691722,11.3905118689277],[10.5978005105852,11.393140078252],[10.6001008558699,11.3932770566909],[10.6017935310467,11.3920776137909],[10.6041893429639,11.3906796275628],[10.6057865506089,11.3912947422586],[10.605957679903,11.3932519170424],[10.6055013342192,11.3945380518896],[10.6034477817897,11.3960478562236],[10.6011660560687,11.3959919372782],[10.599854063914,11.3969425512578],[10.6000251941074,11.3986200962405],[10.6011310382668,11.400616759356],[10.6045886446503,11.401583735601],[10.6057295084101,11.4027020821354],[10.6053302049251,11.4039881747145],[10.6036189110839,11.4051065122558],[10.6021469547183,11.4060395345969],[10.6015653586545,11.4068958411702],[10.6038529038885,11.4068721314438],[10.6171448099851,11.4132477302986],[10.6349907678097,11.4137236218477],[10.643301286825,11.4124499363156],[10.6522348543551,11.4110807526746],[10.6681660826986,11.4157002525646],[10.6798141962682,11.415361366434],[10.6883247883583,11.4181529142257],[10.6948286737044,11.4238910340441],[10.699439387218,11.4251501082909],[10.7179959812296,11.4278996820248],[10.7242870725904,11.4300749756796],[10.7300978243551,11.4318075258967],[10.7493714577266,11.4268106578856],[10.7511843632678,11.4256021561147],[10.7700727693429,11.4332352023428],[10.7893464027144,11.4532226752863],[10.7937269302537,11.4645924450853],[10.8249644543461,11.4763455715909],[10.8354004436756,11.4794531213645],[10.8564281678258,11.4790874156517],[10.8690326672238,11.4614910358827],[10.8756542126718,11.452247097026],[10.8800617576441,11.44525059364],[10.8998332026403,11.4519754217284],[10.9103512973745,11.45553866158],[10.9221021827695,11.4595639227369],[10.9244409506894,11.4605143217786],[10.9344092448908,11.4677939317446],[10.9334297186067,11.4621801378032],[10.9325619267915,11.461115654364],[10.9311618802166,11.459398270314],[10.9305133512103,11.4516307007963],[10.9300746933924,11.4463768020478],[10.9298172022022,11.4432859427921],[10.9255609510771,11.4351568224295],[10.9238729478783,11.4319334031041],[10.9221830372175,11.428706169754],[10.9207243773282,11.4259205493939],[10.9207243773282,11.393951798237],[10.9207243773282,11.3864470681777],[10.9102792472895,11.3309084972294],[10.9330956447483,11.3148928648139],[10.9317869414143,11.3066837245743],[10.9280398072913,11.2844202473966],[10.9170399448377,11.27089631891],[10.9179440440824,11.2687666712449],[10.9189917668566,11.2681274816979],[10.9206332993873,11.2678682467222],[10.9442689666395,11.2757696353604],[10.9478363352787,11.265765915065],[10.9260397096649,11.2512143906317],[10.9455799578488,11.2189703273188],[10.9663394789838,11.1959041917251],[10.9817159973954,11.1788200109348],[11.0085317051741,11.1490931518276],[10.9893331067375,11.1363348386819],[10.9589047008913,11.1128003694416],[10.9373806040317,11.0961528247931],[10.9292672361941,11.0944799670769],[10.9295656933022,11.0907351424129],[10.9219126731314,11.092061664914],[10.9103009029644,11.0882545280241],[10.8821280849432,11.0859702446311],[10.8642345376938,11.0884448848236],[10.8533841956242,11.0850184606335],[10.8204524549169,11.0840666757366],[10.799132485276,11.0842570343347],[10.7890435704045,11.0728356200678],[10.7871063147047,11.064079227974],[10.786754018783,11.0638193715668],[10.7724044775846,11.0603406949671],[10.7669227086162,11.0681421032755],[10.7383691769959,11.100978664234],[10.7079120773805,11.0847983290797],[10.6898719019667,11.0472190026549],[10.6790122636051,11.0457754972414],[10.6694506518262,11.039820317054],[10.664671416153,11.0282610133352],[10.662455337344,11.0106962312461],[10.6647396198376,10.9944016821919],[10.6596951633012,10.9848838368197],[10.642670943909,10.9770346466317],[10.641088659614,10.9608162413765],[10.6571120882523,10.9517016735934],[10.662703821824,10.946347886246],[10.6746011267406,10.9386146393542],[10.6772225308951,10.9308714828327],[10.6634994529375,10.9133580097644],[10.6466593571437,10.8932169856754],[10.6520051198405,10.8814380072583],[10.6426598696573,10.8759926878124],[10.636462332071,10.8675160945921],[10.6247137444438,10.8587418320699],[10.6199548217577,10.8513060170591],[10.609812052784,10.8487956378085],[10.5955352874236,10.8269236319201],[10.5868740489982,10.8181672146453],[10.5764995993771,10.8071265157761],[10.5687403602794,10.8107893636383],[10.5358624386007,10.754778210646],[10.5325948562677,10.7487030752868]]]},"properties":{"FID":395,"globalid":"b97d0619-1f42-41c8-8478-66f44904a4aa","uniq_id":28432,"timestamp":1565308800000,"editor":"nuraddeen.isah","lganame":"Darazo","lgacode":"5005","statename":"Bauchi","statecode":"BA","source":"eHA_Polio","amapcode":"NIE BAS DRZ","Shape__Area":0.25077299485413107,"Shape__Length":3.3138730204766675}},{"type":"Feature","id":491,"geometry":{"type":"Polygon","coordinates":[[[9.8195679646899,11.5798757890365],[9.82946652186257,11.5880611350134],[9.83490858666198,11.5988794872986],[9.81719683916282,11.6041366928541],[9.81797218336959,11.605739594107],[9.8202772141222,11.609230041933],[9.82051651922205,11.6095913283772],[9.82258224487475,11.6127100000665],[9.82281778271454,11.6134302733885],[9.82247065609596,11.6142833531943],[9.82158229318833,11.6150273272494],[9.82155260926555,11.6153167452716],[9.8216135230457,11.6155680167506],[9.82149169458609,11.6157393367011],[9.82114905198722,11.6158802011104],[9.8208414361834,11.6158829926061],[9.82062737685203,11.6159493589758],[9.82034983887399,11.615989711556],[9.82014996364995,11.6159825727376],[9.81993105427478,11.6158945327066],[9.81965979536329,11.6159016724243],[9.81950275125104,11.6161538935874],[9.81950750956395,11.616479880742],[9.81940693837953,11.6169822654193],[9.81930734206026,11.6172834483725],[9.81912425807809,11.6179102542549],[9.81877305033606,11.619291292759],[9.81865122097713,11.6196263207981],[9.81827050737809,11.6198319067172],[9.81753953662036,11.6199765788561],[9.81696212060541,11.6199949798844],[9.81650050579378,11.6200996753598],[9.81528698130921,11.6198902844092],[9.81457790094942,11.6197522744479],[9.81402110728834,11.6192763819995],[9.81359756257751,11.619209756625],[9.81150767843667,11.6208264930482],[9.81085405926746,11.6224561428368],[9.81067579924877,11.6248132982951],[9.81097289927993,11.6262683222253],[9.81254752674698,11.6276069370106],[9.82591638783106,11.6267645276609],[9.82707119018335,11.6311798104],[9.8282060617604,11.6346502312232],[9.8270101549947,11.6369400022793],[9.8269624711412,11.6415500637845],[9.82571887962263,11.6484403608341],[9.82452297195766,11.6507301327894],[9.82330417564725,11.6553201690906],[9.82210922216291,11.6576099401466],[9.82207298308174,11.6610603339673],[9.82118894411451,11.6635790751143],[9.82086563064439,11.6645002371963],[9.82080459635506,11.6702604290756],[9.82079075129218,11.6715782110657],[9.82782440027592,11.6824296143353],[9.83064611942291,11.6845984085897],[9.82777764362339,11.6922764649869],[9.82702403962776,11.7027191012056],[9.82701823630259,11.7027995230796],[9.82046241600773,11.7121944293295],[9.83225412612705,11.7213918957195],[9.83453817119971,11.72614685959],[9.84172298812547,11.7282654869627],[9.84604182936698,11.7262382100254],[9.86159068935888,11.7309099551304],[9.8639135581642,11.7298524126588],[9.8716851395576,11.7331391793297],[9.87422494732351,11.734403775414],[9.8743983420099,11.7351094131689],[9.88664165029195,11.7387938573507],[9.88819782187204,11.736895292284],[9.89479491475356,11.739358495798],[9.89524345612062,11.7393644286255],[9.90005325885085,11.7402505378321],[9.90280923935495,11.7407582725763],[9.9070378830919,11.7372953233206],[9.91154440025394,11.7382470848352],[9.91220380476182,11.7386783852993],[9.91253790290193,11.7404003172209],[9.92176599840218,11.7481911288176],[9.92484836086322,11.7497227273221],[9.93081805430978,11.7541504054169],[9.93098797131785,11.7605239951863],[9.935347850423,11.7700242669064],[9.93976140286651,11.7695970079956],[9.94723397496801,11.7683573123401],[9.94799677633023,11.7682005110448],[9.94639695525535,11.7654287852103],[9.9476539538669,11.764591897698],[9.95126055093374,11.7582431525994],[9.95294039188565,11.7534222387454],[9.95339233718664,11.7521252176048],[9.9536952171606,11.7514520049061],[9.96070558809248,11.750344999722],[9.96073516589524,11.7503441147891],[9.9746455591453,11.7473612623124],[9.97789907967882,11.7437168316665],[9.98003220142499,11.7415683935666],[9.97986666861192,11.7322437018854],[9.98308222156732,11.7259719090764],[9.98291978961663,11.7245602882268],[9.98184915211675,11.7124551302002],[9.98172394310552,11.7112786092205],[9.98225996332667,11.707361863859],[9.9827531866103,11.7069804559833],[10.0015978973252,11.7009735162148],[10.0070103951137,11.7017627900208],[10.0150677369865,11.7044160130886],[10.0184903246688,11.7051840458071],[10.0200264269781,11.705667524037],[10.0224833451303,11.7064408231855],[10.0265476683402,11.7074881331708],[10.0281876576344,11.7095129207847],[10.02838219808,11.7096526151761],[10.0335354518996,11.7133529962438],[10.0346763147602,11.7146795547177],[10.0391684616552,11.7171930177436],[10.0434837559706,11.7140775368489],[10.050077961129,11.7161457437311],[10.0544685781624,11.717643500747],[10.0611300687977,11.7199159085924],[10.0654331188434,11.7202462916331],[10.0660523893064,11.7197034077861],[10.066040148634,11.7186743828166],[10.068688284237,11.7118169730749],[10.0717543518819,11.7063011818541],[10.0738934703074,11.6997379457496],[10.0736436008715,11.6937691633163],[10.0743932037834,11.6885350352637],[10.0747874953467,11.6838525909244],[10.0688879346305,11.6822957376582],[10.0648464326168,11.6791444070888],[10.0664990268087,11.6767708120234],[10.069403503369,11.6702762643382],[10.0714548758419,11.6657602377448],[10.0719597390508,11.6627688839769],[10.0725957387024,11.6590005096658],[10.072196437016,11.6564865196372],[10.0717971353296,11.6536373028193],[10.072196437016,11.6491120159068],[10.0674048131816,11.646430331095],[10.0633547514207,11.6438044878869],[10.0606737231139,11.6425194915813],[10.0568518328458,11.6419049263713],[10.0550264528086,11.6422960127508],[10.0533722020655,11.6422960127508],[10.0511475203418,11.6439162259531],[10.0433535314403,11.649890678612],[10.0413361011801,11.6533579661972],[10.0292429562974,11.6487209394199],[10.0251928936372,11.6546429121407],[10.017377983807,11.6521288816426],[10.0158948632574,11.6517378087529],[10.0133849651441,11.6510115279597],[10.0079658672311,11.6498941697802],[10.0064314961167,11.6536752461158],[10.0058552708041,11.658385981328],[10.0042580631591,11.6607882233978],[10.0022972434231,11.6681804006051],[9.99787533178119,11.6699961542992],[9.99534021757705,11.6697764849968],[9.99306599759774,11.6673127976475],[9.99068298393263,11.6651416678537],[9.98480575518153,11.6597870099626],[9.98443856288941,11.6586213752763],[9.97505730565018,11.6556286950083],[9.97087087878805,11.6592285543543],[9.96421964042412,11.6615689536443],[9.96406530057322,11.6615593506835],[9.94739520812243,11.6468260112115],[9.94835457610287,11.6420323468154],[9.94225067502867,11.6341012616639],[9.9397724321521,11.6311328621919],[9.93608379173367,11.626626996139],[9.93865427357593,11.6201025846666],[9.93804730583855,11.615227265426],[9.93776444567266,11.6120798568],[9.92722036772585,11.604936594848],[9.9198579805614,11.6003051375721],[9.9132929107393,11.6093634149897],[9.91242812985433,11.6103568304035],[9.9037879796316,11.5994294551053],[9.90234304429612,11.5988985673151],[9.89884961701625,11.5953529397864],[9.89888337576724,11.5919514223203],[9.89624152372738,11.5878230197166],[9.89551816123418,11.586038839421],[9.89556260393107,11.5858124503843],[9.90385890826207,11.570680409973],[9.90797706668832,11.5689394915643],[9.91387495736342,11.5720055628065],[9.91475682806521,11.571904784778],[9.92059434095614,11.5669653672579],[9.922982076062,11.5638405792794],[9.92392923664499,11.5628890066224],[9.92278510115153,11.549386955044],[9.92592208123909,11.5475920961983],[9.9250579325776,11.5428934208947],[9.91963504672009,11.5322167558986],[9.91022325030281,11.5346999567377],[9.90924659105735,11.5374983123972],[9.90375091227486,11.5407439647622],[9.90433476293902,11.5528586753876],[9.88518875955367,11.5612194260357],[9.88228540984386,11.5624109360159],[9.86944053785061,11.5633072938966],[9.86713850993431,11.5562448000575],[9.85764491298238,11.5528158415779],[9.85259500835298,11.5551210845704],[9.84783608566687,11.5576492623036],[9.84887710039794,11.5656799419758],[9.84798480295632,11.5746029208881],[9.8195679646899,11.5798757890365]]]},"properties":{"FID":491,"globalid":"664fce73-12a3-4f0c-a448-0d11b4739a97","uniq_id":28854,"timestamp":1565308800000,"editor":"nuraddeen.isah","lganame":"Jama'Are","lgacode":"5011","statename":"Bauchi","statecode":"BA","source":"eHA_Polio","amapcode":"NIE BAS JMA","Shape__Area":0.028323110264160789,"Shape__Length":1.0853061216242037}}]}