raw_id,text,sentiment_label,sentiment_confidence,mentions_candidate_probability,intensity_score,lga_relevance_label,lga_confidence,opposition_signal_probability,language_label,language_confidence,schema_version,model,reviewer_label,reviewer_reasoning,final_label,reviewed_by,reviewed_at
gdelt-4b3fbec050d4,"Beyond the Certificate Debate : Let Bauchi Focus on What Truly Matters - By Yasir Shehu Adam. The media also has a critical responsibility in this process. Investigative journalism is one of the pillars of democracy because it promotes transparency and accountability. However, this responsibility must always be exercised with professionalism, accuracy and fairness. Reports should be balanced, verified and should avoid creating the impression that allegations are already established facts before the legal process has run its course. As the race toward the 2027 Bauchi State governorship election gathers momentum, political debates are becoming louder across the state. One issue that has recently dominated discussions is the controversy surrounding the academic qualifications of the Allied People’s Movement (APM) governorship candidate, Hon. Yakubu Adamu. The issue has generated heated arguments on social media, radio programmes and in newspapers. While public scrutiny is a healthy part of democracy, it is equally important that such discussions are guided by facts, fairness and respect for the rule of law. Nigeria’s Constitution is clear about the educational qualification required to contest the office of Governor. It sets out the minimum constitutional requirement, and where questions arise about a candidate’s eligibility, the appropriate institutions and the courts have the responsibility to interpret and apply the law. Public opinion should never replace due process. Advertisement There is a clear difference between raising legitimate questions and reaching conclusions before the competent authorities have completed their work. Democracy is built on justice, and justice requires evidence, fairness and the right of every individual to be heard. However, beyond this controversy lies a much bigger question: Is this the most important issue facing the people of Bauchi State today? Across our communities, families are struggling with the high cost of living. Many young people remain unemployed despite having qualifications. Farmers are worried about insecurity and the rising cost of agricultural inputs. Parents are concerned about the quality of education available to their children, while many communities continue to face serious challenges in accessing quality healthcare. Advertisement These are the issues that directly affect the lives of ordinary people every day. As citizens, we should ask every governorship candidate practical questions. What is your plan to create jobs? How will you improve education? What solutions do you have for insecurity? How will you strengthen agriculture and support farmers? What will you do differently to improve healthcare, roads and economic opportunities? These questions are far more important than allowing ourselves to become consumed by political controversies that are yet to be conclusively determined by the appropriate authorities. Advertisement Hon. Yakubu Adamu, like every other candidate seeking public office, should be evaluated by the people based on his vision, competence, leadership qualities and proposed solutions to the problems confronting Bauchi State. Every candidate deserves equal treatment under the law and equal opportunity to present his or her ideas before the electorate. The media also has a critical responsibility in this process. Investigative journalism is one of the pillars of democracy because it promotes transparency and accountability. However, this responsibility must always be exercised with professionalism, accuracy and fairness. Reports should be balanced, verified and should avoid creating the impression that allegations are already established facts before the legal process has run its course. At the same time, politicians and their supporters should remain peaceful and respect democratic institutions. Political competition should never divide our people or distract us from our common desire for a better Bauchi State. Advertisement As the election approaches, let us not allow ourselves to be distracted from the issues that truly determine the future of",neutral,0.66,0.98,mild,unclear,0.87,0.14,english,1.0,v3,jev-1.13.0,,,,,
gdelt-665621609e98,"2027 : 19 Candidates Battle For Bauchi Governorship Seat , As INEC Publishes Names",not_about_candidate,0.95,0.08,calm,unclear,0.74,0.15,english,1.0,v3,jev-1.13.0,,,,,
gdelt-554ce9162bb4,"2027 : Appraising Bauchi five - horse guber race , By Kola Oyerinde",not_about_candidate,0.74,0.07,calm,Bauchi,0.52,0.25,english,0.69,v3,jev-1.13.0,,,,,
gdelt-cbac1bedd07b,"Gov Bala declares zero tolerance for violent crimes in Bauchi. Bauchi State Governor, Bala Abdulkadir Mohammed , has declared that perpetrators of violent crimes anywhere in the state will have no hiding place, as the government intensifies efforts to safeguard the lives and property of innocent, law-abiding citizens. The Governor made the declaration during a condolence visit to the family of late Rilwanu Dauda, who was stabbed to death by political thugs over campaign billboards and posters of a political party and candidate in Karofin-Madaki within Bauchi metropolis. Bala Mohammed reaffirmed his administration’s commitment to maintaining law and order across the state in order to safeguard the lives and property of innocent citizens. He described the incident as a tragic loss and assured the bereaved family that justice would be pursued without fear or favour but through due process, and that anyone found culpable would face the full weight of the law. ALSO READ: US launches ‘powerful’ strikes against Iran Bala Mohammed condemned the killing in strong terms, stressing that no individual has the right to take the law into his or her own hands. The Governor noted that while Bauchi State has continued to intensify efforts to combat banditry and other security threats affecting some rural communities, his administration is equally determined to address criminal activities within the state capital and other urban areas to guarantee the safety of all residents. He called on citizens to remain law-abiding and avoid resorting to violence in resolving disputes, urging members of the public to cooperate with security agencies by providing credible information that would aid ongoing investigations and strengthen crime prevention efforts. The Governor also prayed for the repose of the soul of the deceased, asking Almighty Allah to forgive his shortcomings, grant him Aljannatul Firdaus, and give his family the strength and patience to bear the painful loss. He assured them that the government would not relent in ensuring that those responsible for the killing, and anyone connected to it, are apprehended and made to face the law. Responding on behalf of the family, a representative of the late Rilwanu thanked the Governor for the visit and for the support extended to them in their moment of grief. The Governor was accompanied on the condolence visit by top government officials and other stakeholders, who joined him in offering prayers for the late Rilwanu Dauda and expressing the Bauchi State Government’s sympathy with the bereaved family. In the same vein, the governorship candidate of the Allied Peoples Movement (APM) in Bauchi State, Dr. Yakubu Adamu, paid a condolence visit to the bereaved family, expressing sympathy over the loss and praying for Allah to grant him repose. During the visit, Adamu condemned the incident, describing it as unfortunate and unacceptable, and assured the family that justice must prevail. He stressed the need for the authorities to ensure that those responsible are identified and prosecuted in accordance with the law. Recall that yet-to-be-arrested individuals, believed to be political thugs, allegedly stabbed Ustaz Ridwan (Rilwanu) Dauda, a resident of Karofin-Madaki, around the JEDCO transformer in Bauchi metropolis, to death. Reports from the area indicate that the incident occurred on Sunday following a heated argument with the thugs over the posting of a politician’s poster on a building. A resident of the area told our correspondent that the late Ridwan had told a man not to paste the poster on the wall of their building, but the man refused and insisted on doing so. It was further gathered that the political thug called a colleague who came to the scene and proceeded to paste the poster, resulting in a heated argument. The resident said it was at that point that one of the thugs brought out a dagger, stabbed the late Ridwan in the chest, and fled. Residents rushed out, picked him up, and took him to hospital, but he died on the way. Another resident who spoke to",neutral,0.9,0.99,moderate,Bauchi,0.49,0.13,english,1.0,v3,jev-1.13.0,,,,,
gdelt-fb1a46a9d408,"Bauchi 2027 : Rat race among old , new , incumbent. The race to occupy the Governor’s Office of Bauchi State in 2027 has heightened as the major and other political parties have concluded the nomination of their candidates as recently displayed by the Independent National Electoral Commission (INEC). In this piece, Our Bauchi State Correspondent, ISHOLA MICHAEL , previews the race. Bauchi 2027 guber race: Who is best for the job?  With the parties’ primaries over, gubernatorial candidates have emerged for the political parties in Bauchi State, therefore setting the stage for the battle of who becomes the fifth elected governor of the State since the return of democratic governance in 1999. Each of the gubernatorial candidates has a unique thing which he is banking on as he pursues his ambition of emerging victorious and they can be assessed based on such unique features and political popularity and contributions over the years. He served as the third democratically elected Governor of Bauchi State in 2015 after the expiration of the tenure of Mal Isa Yuguda. In 2019, he was defeated by the incumbent, Sen Bala Mohammed, following his fallout with political leaders of the State led by the then Speaker of the House of Representatives, Barr Yakubu Dogara. In his four years, he got more opposition than supporters due to unresolved political disagreement making the stakeholders to turn their backs against him. He was a lone ranger during the 2019 general election making him to lose even after the runoff election. Since then, he has remained silent politically, he did not contest in 2023 because the APC then did not consider him politically ready for a reelection, the party’s ticket was given to Air Marshall Saddique Baba Abubakar (rtd) who eventually lost to Mohammed. But in the ongoing political process, Abubakar, SAN expressed interest in coming back for a second tenure after eight years of absence, a development that was met with stiff opposition from members of the APC who accused him being dormant and out of reach since losing in 2019. ALSO READ: Tinubu’s govt will meet January deadline on FCT projects completion — Wike He was able to get support of the Coordinating Minister of Health and Social Welfare, Prof Mohammed Ali Pate, who convinced the national leadership of the APC under chairman, Prof Nentawe Yilwatda who ensured that he got the gubernatorial ticket with ease. Against the wish of other aspirants, he was declared winner of the party primaries through perceived consensus which other aspirants alleged did not take place, though the outcome stands as his candidature has been affirmed and uploaded on the Independent National Electoral Commission’s (INEC) 2027 elections portal. Though the home base support is not enthusiastic and strong due to the circumstances surrounding his candidature, his strongest point of strength is in the federal might. He is a first timer in terms of contesting election; he is from Giade local government area, part of Bauchi North Senatorial District, the area that last produced the first civilian Governor of former Bauchi State in 1979, late Abubakar Tatari Ali. Before he won the gubernatorial ticket of the APM, he served as the Commissioner of Finance and Economic Development. His strength is the support of the Governor, Sen Bala Abdulkadir Mohammed, who is trying to break the jinx of installing a successor. His strength is that he is a young man, relying on the young people population in the state to pull through the election and emerge victorious, his main strength however is the goodwill and love of the governor, who is loved by the people of Bauchi State owing to the development of the state by his administration. He is not new to contesting as he once contested under the banner of the New Nigeria Peoples Party (NNPP) after failing to secure the ticket of the APC then.  He was the Speaker of Bauchi State House Assembly before he was elected as member of the House of Representatives after which he was also elected as a Senator. His strength",neutral,0.61,0.89,mild,Giade,0.98,0.29,english,1.0,v3,jev-1.13.0,,,,,
gdelt-e8ee027e0199,"2027 : Bauchi PDP rejects alliance with APM , dismisses rival faction. The Peoples Democratic Party (PDP) in Bauchi State has rejected any alliance or collaboration with the Allied Peoples Movement (APM), dismissing the reported merger of a rival faction of the party into the APM. The PDP State Chairman, Ibrahim Kashim Toro, stated this on Tuesday while addressing journalists at the party’s secretariat along Maiduguri Road in Bauchi. Toro said the faction that announced the move to the APM was no longer part of the legitimate PDP in the state, alleging that its members had been expelled before the latest development. “As you can see, every member of the PDP is here, there is no other PDP anywhere in Bauchi State. Those who left are not legitimate members of the PDP because they had been expelled long before now,” he said. He maintained that his faction remained the authentic PDP in Bauchi State, citing various court judgments in support of its position. The chairman said the party had fielded candidates for all elective positions ahead of the 2027 general elections, adding that their names had been uploaded on the Independent National Electoral Commission (INEC) portal. “We are the PDP and we have fielded candidates for all elective offices in the 2027 general elections. INEC has since uploaded our candidates on its portal as displayed,” he said. Toro said the PDP would participate fully in the 2027 elections and disclosed that the party would soon commence its statewide campaign. He urged party members across the state to disregard the announcement by the rival faction and intensify mobilisation for the party’s candidates ahead of the elections. The party’s Legal Adviser, Yahaya Garkuwa, also maintained that the Toro-led faction was the authentic PDP in the state, citing various court judgments in support of the position. He said the party remained intact in Bauchi State and had no plan to join or collaborate with the APM.",negative,0.7,0.74,calm,Bauchi,0.71,0.59,english,1.0,v3,jev-1.13.0,,,,,
gdelt-036e4158acb0,"Bauchi PDP Rejects Alliance With APM , Dismisses Rival Faction - Latest News In Nigeria , Nigeria News Today , Your Online Nigerian Newspaper. The Peoples Democratic Party (PDP) in Bauchi State has firmly rejected any alliance with the Allied Peoples Movement (APM), dismissing claims of a merger involving a rival faction. Speaking at the party’s secretariat along Maiduguri Road in Bauchi on Tuesday, PDP State Chairman Ibrahim Kashim Toro declared that the faction which announced a move to the APM was no longer part of the legitimate PDP, having been expelled earlier. “Every member of the PDP is here. There is no other PDP in Bauchi State. Those who left are not legitimate members because they had been expelled long before now,” Toro said. He emphasized that his faction remains the authentic PDP in Bauchi, citing multiple court judgments to back the claim. Toro added that the party has already fielded candidates for all elective positions ahead of the 2027 general elections, with their names uploaded on the Independent National Electoral Commission (INEC) portal. The chairman assured members that the PDP would fully participate in the elections and announced that statewide campaigns would soon commence. He urged supporters to ignore the rival faction’s announcement and intensify mobilisation for the party’s candidates.Backing Toro’s position, PDP Legal Adviser Yahaya Garkuwa reiterated that the faction under Toro’s leadership is the legitimate PDP in Bauchi. He stressed that the party remains intact and has no plans to collaborate with the APM.",negative,0.81,0.79,mild,Bauchi,0.78,0.68,english,1.0,v3,jev-1.13.0,,,,,
gdelt-97ff05f7a285,"Bye - elections : How APC won 4 seats , APM one. •Yilwatda commends INEC, security agencies •APC’s votes spread in bye-elections significant for 2027 race – Keyamo By Jimitota Onoyume, Omeiza Ajayi, Ben Ngwakwe, Hadiza Yusuf & Christopher Ameh THE All Progressives Congress, APC, had the upper hand in Saturday’s bye-elections across four states of Delta, Kano, Bauchi and Gombe, winning four of the five slots contested. The Allied People’s Movement, APM, won one slot in Bauchi. Okolosi of APC wins Udu state assembly seat in Delta In Delta, Mr. Ator Okolosi of the APC emerged the winner of the House of Assembly bye-election for Udu state Constituency According to the result by the Independent National Electoral Commission, INEC, Okolosi,  who had 8,724 votes, defeated his closest rival of the Peoples Democratic Party, PDP, George Orugbo who scored 212 votes.  Omovie Esther of the APM had 33 votes. APC chairman commends INEC, security agencies. The APC also won the Dawakin Kudu/Warawa State Constituency bye-election in Kano State, with its candidate, Hussaini Yusuf Datti, securing 22,890 votes. Datti emerged winner ahead of the other candidates who contested the election. The results showed that the PDP polled 180 votes, while the Peoples Redemption Party, PRP, received 270 votes. The Action Peoples Party, APP, recorded 53 votes, while the Labour Party , LP, secured 39 votes. In Gombe, the APC, candidate, Engr. Usman Maijama’a Kallamu, won the Gombe/Kwami/Funakaye Federal Constituency bye-election Kallamu emerged victorious after polling 41,121 votes to defeat candidates of the other political parties that participated in the election. The bye-election was conducted by the Independent National Electoral Commission, INEC, to fill the vacant seat in the House of Representatives following the death of the former member representing the constituency, Hon. Yaya Bauchi Tongo. According to the results announced by INEC, a total of 47,301 votes were cast in the election, while 46,551 votes were declared valid and 750 votes were rejected. In Bauchi, the APC and APM shared the two state assembly seats -Disina State Constituency of Shira Local Government Area and the Sakwa State Constituency of Zaki Local Government Area. In Disina, the APC candidate, Yakubu Ali, won with 5,846 votes, defeating his APM counterpart, who polled 5,225 votes. However, the APM secured victory in Sakwa, where its candidate, Adamu Yakubu, recorded 8,515 votes against the APC candidate’s 3,771 votes. The two vacancies arose from separate circumstances. The Sakwa seat became vacant following the death of the former lawmaker, Hon. Mohammad Wanzam Zaki, while the Disina seat was declared vacant after the incumbent legislator resigned to contest a local government chairmanship election. National Chairman of the APC, Prof. Nentawe Yilwatda, commended the INEC and security agencies for their roles in the conduct of the five legislative bye-elections, in which the ruling party won four of the contested seats. Yilwatda, in a statement issued via his X handle, congratulated the four APC candidates who emerged victorious in the bye-elections conducted by INEC. He named the winners as Kallamu Usman MaiJama’a of Gombe/Kwami/Funakaye Federal Constituency, Gombe State;  Husseini Datti of Dawakin Kudu State Constituency, Kano State;  Okolosi Ator of Udu State Constituency, Delta State; and Yakubu Ali of Disina State Constituency, Bauchi State. “These victories reflect the confidence placed in our candidates and the APC by the electorate,” the APC Yilwatda also praised the electoral umpire and other stakeholders for ensuring a credible process. “I also commend INEC, the security agencies and all stakeholders for their roles in the conduct of the elections,” he stated. Addressing the victorious candidates directly, the national chairman urged them to see their wins as a call to service. “To our victorious candidates, this  victory is a call to service. I urge you to remain humble and committed to delivering purposeful representati",neutral,0.97,0.89,mild,Shira,0.62,0.63,english,1.0,v3,jev-1.13.0,,,,,
gdelt-673e7fa5409a,"PDP denies collapse into APM , threatens legal action. BAUCHI — THE Peoples Democratic Party (PDP) in Bauchi State has dismissed reports that its structure has collapsed into the Allied Peoples Movement (APM), describing the claim as false and alleging that it was being spread by individuals impersonating party officials. The party’s Legal Adviser in the state, Yahaya Garkuwa, stated this on Tuesday at a press conference held at the PDP secretariat along Maiduguri Bypass, Bauchi. Garkuwa said the PDP recognised by law in Bauchi State remained the faction led by Hon. Ibrahim Kashim Toro, while the national leadership was headed by Abdulrahman Mohammed. He said the leadership dispute within the party had been the subject of several court cases, adding that successive judicial pronouncements had affirmed the leadership structure backed by the Bauchi PDP. According to him, the Federal High Court affirmed the Abdulrahman Mohammed-led caretaker committee as the authentic national leadership of the party. He said the faction led by Tanimu Turaki subsequently appealed the judgment, but the Court of Appeal upheld the leadership of Mohammed at the national level and that of Ibrahim Kashim Toro in Bauchi State. “Dissatisfied with the decision, the Tanimu Turaki faction went to the Court of Appeal where the Appeal Court still confirmed the leadership of the PDP under Abdulrahman Mohammed, and in Bauchi State under Hon. Ibrahim’s leadership,” Garkuwa said. He added that the matter was eventually taken to the Supreme Court, which, according to him, ruled in favour of the faction led by Mohammed. “At the Supreme Court, judgment was given in our favour where the Supreme Court said the Tanimu Turaki faction is not known by law, that only the PDP under Abdulrahman Mohammed is known by law, while here in Bauchi State, the PDP known by law is the one under Honourable Ibrahim,” he said. Garkuwa alleged that members of the rival faction had resorted to impersonation and the spread of what he described as false information after exhausting their legal options. “Now that they don’t have anywhere to go by the judgment of the Supreme Court, they now started impersonating that they are leaders of the PDP. And as they don’t have where to stay, they decided to create confusion to tell the public that the PDP structure has collapsed into APM,” he said. The legal adviser insisted that the PDP had neither joined the APM nor any other political party, saying the party remained intact. “We, the authentic members of the PDP, are still in the PDP. We have not joined any other political party; we still remain in the PDP,” he added. Garkuwa further disclosed that the Bauchi State PDP leadership was preparing to take legal action against individuals allegedly parading themselves as officials of the party. He urged members of the public to disregard reports of the party’s alleged collapse, insisting that the PDP recognised by law remained under the current state leadership. “You can see that we are the only PDP members whose candidates’ names were published by INEC ahead of the 2027 general elections,” he said. He also challenged the rival faction to produce evidence of the candidates it intended to field under the PDP platform. “If they are truly members of the PDP, let them name their candidates. They don’t have candidates,” Garkuwa said. He assured party supporters that the PDP remained politically active in the state and was preparing for the 2027 general elections. “PDP is not collapsing into any political party. PDP is still standing, PDP is still strong and is fully prepared for the 2027 general elections,” he said. The press conference was attended by the state PDP chairman, other party officials, stakeholders and supporters. Comments expressed here do not reflect the opinions of Vanguard newspapers or any employee thereof. Subscribe to our digital E-Editions here, and enjoy access to the exact replica of Vanguard Newspapers publications.",negative,0.54,0.8,moderate,Bauchi,0.76,0.69,english,1.0,v3,jev-1.13.0,,,,,
gdelt-a350ad4a9e19,"2027 : APM Names Ibrahim Bala as Running Mate to Makinde for Presidential Election - Latest News In Nigeria , Nigeria News Today , Your Online Nigerian Newspaper. The Allied Peoples’ Movement (APM) has officially named Ibrahim Adamu Bala as the running mate to its presidential candidate, Governor Seyi Makinde of Oyo State, ahead of the 2027 presidential election. Details published on the Independent National Electoral Commission (INEC) candidate nomination portal confirmed Bala’s nomination. At 51, Bala hails from Bauchi State, giving the party a South-North presidential ticket. A senior APM official, speaking on condition of anonymity, explained that Makinde had completed the submission of his nomination with Bala as his vice-presidential candidate. “You cannot submit your presidential nomination without a running mate. The nomination has been filed,” the source said. The official dismissed speculation linking the choice to Bauchi State Governor Bala Mohammed, clarifying that the vice-presidential candidate is Ibrahim Adamu Bala, not Mohammed. “There is no connection at all. They only have similar names. The running mate is Ibrahim Adamu Bala, not Bala Mohammed. I laughed when I saw the report because I knew people would confuse the two,” the source added. Makinde, currently serving his second and final term as governor of Oyo State, declared his presidential ambition on May 14 at a joint rally organised by his faction of the Peoples Democratic Party (PDP) and the APM at Mapo Hall in Ibadan. The declaration followed a Memorandum of Understanding signed between the PDP faction and the APM at the PDP South-West Zonal Secretariat. On May 30, Makinde formally accepted the APM presidential ticket, pledging to tackle insecurity, unemployment, hunger, and the rising cost of living if elected. He also promised to decentralise Nigeria’s security architecture, granting states greater powers to address local challenges. The confirmation of Bala’s nomination on the INEC portal cements the Makinde-Bala ticket, positioning the APM to contest the presidency with a South-North balance as the 2027 general elections draw closer.",neutral,0.32,0.79,calm,unclear,0.96,0.15,english,1.0,v3,jev-1.13.0,,,,,
gdelt-49b2d2fff9e7,2027 : Wike PDP faction in Bauchi denies defection to APM,neutral,0.7,0.92,calm,unclear,0.77,0.47,english,0.94,v3,jev-1.13.0,,,,,
gdelt-c693d62af217,"Breaking : APM sweeps 20 chairmanship seats in Bauchi LG poll , wins 319 councillorship seats. August 17, 2026 Adejayan Gbenga Breaking News , Politics 0 The Allied Peoples Movement (APM) has won all 20 chairmanship seats contested in the Bauchi State local government elections held on Monday. The results were announced by the Bauchi State Independent Electoral Commission (BASIEC) on Monday night after the completion of voting, counting, collation and verification across the state. The chairperson of BASIEC, Hon. Hajiya Jummai S. Abubakar, declared all 20 APM candidates winners of the chairmanship elections in their respective local government areas. She said the declaration followed the successful completion of all electoral processes and verification of the results. “Following the conclusion of voting, counting, collation and verification, I, Hon. Hajiya Jummai S. Abubakar (Gimbiyar Dass), Chairperson of BASIEC, hereby declared that all 20 APM candidates emerged victorious as Chairmen of the respective Local Government Areas,” she said. In Alkaleri Local Government Area, Bappah Aliyu Mohammed emerged victorious with 107,482 votes, while Umar Mohammed Aliyu won Bauchi LGA with 125,170 votes. Zakka Luka Magaji secured victory in Bogoro LGA with 25,282 votes, while Iliya Isah won Dambam with 19,730 votes. Ya’u Samaila Sade emerged winner in Darazo with 67,276 votes, while Mohammed Abubakar Jibo won Dass with 35,264 votes. Other winners declared by BASIEC included Ali Babayo, who secured Gamawa LGA with 54,423 votes, and Mohammed Idris M, who won Ganjuwa with 24,150 votes. Mustapha Alhaji Musa emerged victorious in Giade with 33,864 votes, while Dankawuwa Ya’u won Itas/Gadau with 24,989 votes. In Jama’are, Inuwa Abdullahi secured victory with 36,766 votes. Yusuf Babayo Zaki won Katagum with 65,626 votes, while Garba Musa emerged victorious in Kirfi with 24,787 votes. Salisu Hussaini won Misau with 34,378 votes, while Yahuza Adamu Haruna secured Ningi with 29,387 votes. In Shira LGA, former majority leader of the Bauchi State House of Assembly, Saleh Hodi Jibir, polled 37,135 votes to emerge winner. Sama’ila Wakili Lere won Tafawa Balewa with 46,625 votes, while Abubakar Ibrahim Dembo secured victory in Toro with 109,999 votes. Habibu Idris Usman won Warji with 43,066 votes, while Mas’ud Aliyu emerged winner in Zaki with 19,984 votes. The APM also recorded a dominant performance in the councillorship elections, winning 319 of the 323 ward seats contested across Bauchi State. BASIEC said the remaining four seats were shared among four political parties. The Social Democratic Party (SDP) won Dandango Ward in Bauchi LGA, while the National Rescue Movement (NRM) secured Darazo South Ward in Darazo LGA. The Zenith Labour Party (ZLP) won Wandi Ward in Dass LGA, while the Young Progressive Party (YPP) secured Zirami Ward in Giade LGA. The electoral commission said the successful candidates had been duly confirmed as elected after satisfying the applicable legal requirements and securing the highest valid votes in their respective constituencies. The BASIEC chairperson maintained that the elections were conducted independently and in accordance with the law. She also commended Bauchi State Governor, Bala Mohammed Abdulkadir, for his support to the commission during the conduct of the local government elections. Abubakar congratulated the people of Bauchi State and all candidates who emerged victorious in the elections. With the declaration, the APM has secured all 20 chairmanship positions in Bauchi State and 319 of the 323 councillorship seats contested in the local government elections.",neutral,0.82,0.81,calm,Bauchi,0.58,0.05,english,1.0,v3,jev-1.13.0,,,,,
gdelt-5ea90a01dc95,"APM sweeps Bauchi LG election , wins all 20 chairmanship seat. The Chairperson of BASIEC, Jummai Abubakar. Photo Credit: Umar Sani. The Allied Peoples Movement has won all the 20 chairmanship seats contested in Monday’s Bauchi State local government elections, according to the Bauchi State Independent Electoral Commission. The commission also declared APM candidates winners in 319 of the 323 councillorship seats contested across the state. The Chairperson of BASIEC, Jummai Abubakar, announced the results after the conclusion of voting, counting, collation and verification of results. Abubakar said, “Following the conclusion of voting, counting, collation and verification, I, Jummai Abubakar, Chairperson of BASIEC, hereby declare that all 20 APM candidates emerged victorious as Chairmen of the respective Local Government Areas.” According to the commission, Bappah Aliyu won Alkaleri Local Government Area with 107,482 votes; Umar Mohammed won Bauchi LGA with 125,170 votes, while Zakka Luka emerged winner in Bogoro LGA with 25,282 votes. See more Punch stories on Google. Add Punch on Google In Dambam LGA, Iliya Isah polled 19,730 votes; Ya’u Sade won Darazo with 67,276 votes, while Mohammed Jibo emerged victorious in Dass LGA with 35,264 votes. Other winners included Ali Babayo in Gamawa LGA with 54,423 votes; Mohammed Idris in Ganjuwa with 24,150 votes; Mustapha Musa in Giade with 33,864 votes; Dankawuwa Ya’u in Itas/Gadau with 24,989 votes; and Inuwa Abdullahi in Jama’are with 36,766 votes. The commission also declared Yusuf Babayo Zaki winner in Katagum with 65,626 votes; Garba Musa in Kirfi with 24,787 votes; Salisu Hussaini in Misau with 34,378 votes; and Yahuza Adamu Haruna in Ningi with 29,387 votes. Related News NCDC reports 1,086 Lassa fever cases, 259 deaths 2027: Yari warns North against demanding presidency By-elections: Tinubu, Yilwatda hail APC’s four-seat haul In Shira LGA, former Majority Leader of the Bauchi State House of Assembly, Saleh Hodi, polled 37,135 votes. Sama’ila Wakili won Tafawa Balewa with 46,625 votes; Abubakar Ibrahim Dembo emerged winner in Toro with 109,999 votes; Habibu Idris won Warji with 43,066 votes, while Mas’ud Aliyu secured victory in Zaki with 19,984 votes. Meanwhile, the remaining four councillorship seats were shared among four political parties. The Social Democratic Party won Dandango Ward in Bauchi LGA; the National Rescue Movement secured Darazo South Ward in Darazo LGA; the Zenith Labour Party won Wandi Ward in Dass LGA, while the Young Progressive Party secured Zirami Ward in Giade LGA. The BASIEC chairperson said the commission had confirmed the successful candidates as duly elected after they satisfied the applicable legal requirements and secured the highest number of valid votes in their respective constituencies. She commended Governor Bala Mohammed for his support to the commission, while stressing that the elections were conducted independently and in accordance with the law. Abubakar also congratulated the people of Bauchi State and all successful candidates on the conclusion of the local government elections. The commission also declared APM candidates winners in 319 of the 323 councillorship seats contested across the state. The Chairperson of BASIEC, Jummai Abubakar, announced the results after the conclusion of voting, counting, collation and verification of results. Abubakar said, “Following the conclusion of voting, counting, collation and verification, I, Jummai Abubakar, Chairperson of BASIEC, hereby declare that all 20 APM candidates emerged victorious as Chairmen of the respective Local Government Areas.” According to the commission, Bappah Aliyu won Alkaleri Local Government Area with 107,482 votes; Umar Mohammed won Bauchi LGA with 125,170 votes, while Zakka Luka emerged winner in Bogoro LGA with 25,282 votes. See more Punch stories on Google. Add Punch on Google In Dambam LGA, Iliya Isah polled 19,730 votes; Ya’u Sade won Darazo with 67,276 votes, while Mohammed Jibo emerged victorious in Dass LGA with 35,264 votes. Oth",neutral,0.83,0.87,calm,Bauchi,0.67,0.07,english,1.0,v3,jev-1.13.0,,,,,
gdelt-47fda051326d,"2027 : Wike - backed PDP faction rejects alliance with APM. Bauchi State chapter of the Peoples Democratic Party (PDP), backed by the Minister of the Federal Capital Territory, Nyesom Wike, has rejected any alliance or collaboration with political parties in the state. The party also dismissed the announcement by the Turaki-led faction of the PDP that it had collapsed its structures into the Allied Peoples Movement (APM), describing the development as “good riddance to bad rubbish.” Speaking with journalists on Tuesday at the party’s state secretariat along Maiduguri Road, the PDP State Chairman, Ibrahim Kashim Toro, maintained that his faction remained the authentic PDP in Bauchi, citing various court judgments in support of the claim. Kashim said those who announced the merger with the APM were no longer legitimate members of the party, alleging that they had been expelled before their latest political move. “As you can see, every member of the PDP is here, there is no any other PDP anywhere in Bauchi State. Those who left are not legitimate members of the PDP because they had been expelled long before now,” he said. The chairman said the faction had fielded candidates for all elective positions ahead of the 2027 general elections, adding that the names had already been uploaded on the Independent National Electoral Commission (INEC) portal. “We are the PDP and we have fielded candidates for all elective offices in the 2027 general elections. INEC has since uploaded our candidates on its portal as displayed,” he said. Kashim assured party members that the PDP would participate fully in the 2027 elections and disclosed that the party would soon commence its statewide campaign. He urged members across the state to disregard the announcement of the factional group and intensify mobilisation for the party’s candidates ahead of the elections. Also speaking, the party’s Legal Adviser maintained that the Wike-backed faction was the authentic PDP in the state, saying this position had been affirmed by various court judgments . Back to School, Back to Business A Fresh Start Relationship Hangout: Public vs Private Proposals – Which Truly Wins in Love? “No” Is a Complete Sentence: Why You Should Stop Feeling Guilty Relationship Hangout: Friendship Talk 2025 – How to Be a Good Friend & Big Questions on Friendship Police Overpower Armed Robbers in Ibadan After Fierce Struggle Get real-time news updates from Tribune Online! Follow us on WhatsApp for breaking news, exclusive stories and interviews, and much more. Join our WhatsApp Channel now",negative,0.91,0.8,moderate,unclear,0.61,0.79,english,1.0,v3,jev-1.13.0,,,,,
gdelt-9ea888b56299,"Bauchi Assembly majority leader resigns to contest Shira LG chairmanship. A member of the Bauchi State House of Assembly, representing Disina Constituency, Hon. Saleh Hodi Jibir, has resigned his membership of the House in order to contest the chairmanship of Shira LGC in the forthcoming council elections under the Allied People’s Movement (APM). Before his resignation, he served as the Majority Leader of the House for the last three years since the formal inauguration of the Assembly in 2023. Saleh Hodi Jibir announced his resignation during plenary presided over by the Speaker, Rt. Hon. Dr Abubakar Y. Suleiman, on Wednesday. In his farewell speech, the former Majority Leader expressed appreciation to stakeholders in Shira for choosing him as their candidate, as well as to the State Governor, Sen. Bala Abdulkadir Mohammed, for the confidence reposed in him. He pledged that, if elected Chairperson of Shira Local Government, he would work to exceed the expectations of the people. Hodi Jibir, who was elected into the Assembly on March 23, 2023, formally thanked the Speaker and his colleagues for their cooperation, guidance and support throughout his tenure. The Speaker had earlier informed members that the resignation followed the decision of the Allied People’s Movement (APM) to nominate Hodi Jibir as its candidate for Chairperson of Shira Local Government in the forthcoming state local government election. The Speaker also described his relationship with Hodi Jibir as extending beyond parliamentary colleagues, saying they had worked together since the Ninth Assembly and had developed a bond comparable to that of biological brothers. Other lawmakers also paid tribute to the outgoing Majority Leader, describing him as a patient, dedicated and selfless leader whose contributions to the House had earned him respect and admiration. Following his resignation, the Allied People’s Movement (APM) formally nominated Hon. Auwal Hassan Yana of Shira Constituency as the new Majority Leader. The House subsequently approved both the resignation of Hon. Saleh Hodi Jibir and the emergence of Hon. Auwal Hassan Yana as his successor. In his acceptance speech, the new Majority Leader thanked Almighty Allah, party stakeholders and the Governor for the confidence reposed in him. He pledged to emulate the leadership qualities of his predecessor and appealed to his colleagues for guidance, constructive correction and continued support as he assumes the new responsibility. The change marked a new chapter in the leadership of the majority caucus of the Bauchi State House of Assembly, as Hon. Saleh Hodi Jibir moves into the political contest for Shira Local Government chairmanship. Back to School, Back to Business A Fresh Start Relationship Hangout: Public vs Private Proposals – Which Truly Wins in Love? “No” Is a Complete Sentence: Why You Should Stop Feeling Guilty Relationship Hangout: Friendship Talk 2025 – How to Be a Good Friend & Big Questions on Friendship Police Overpower Armed Robbers in Ibadan After Fierce Struggle Get real-time news updates from Tribune Online! Follow us on WhatsApp for breaking news, exclusive stories and interviews, and much more. Join our WhatsApp Channel now",neutral,0.39,0.93,mild,Shira,1.0,0.06,english,1.0,v3,jev-1.13.0,,,,,
gdelt-9818db967e95,"2027 elections : As spymaster joins Makinde in APM to battle Tinubu .... The presidential candidate of the Allied Peoples Movement (APM), Seyi Makinde , recently unveiled the former DSS Director- General Lawal Daura as his running mate for the 2027 general election. ISHOLA MICHAEL reports on the party’s strategy, the thinking behind the ticket and its challenge to President Bola Tinubu and the All Progressives Congress (APC). The Allied People’s Movement (APM) has raised the stakes in the battle for the presidency in 2027, pairing Oyo State Governor, Engr. Seyi Makinde, with former Director-General of the State Security Service (SSS), Alhaji Lawan Musa Daura, in what the opposition party says is a combination of governance experience and security expertise to challenge President Bola Tinubu and the ruling All Progressives Congress (APC). The Makinde-Daura ticket emerged on Thursday, August 13, 2026, at the APM Elective National Convention in Bauchi, where politicians and party members from across the country gathered to map out a strategy for wresting power from the APC in next year’s general elections. While Makinde is being projected by the party on the strength of his record as Oyo State governor, Daura, who headed the SSS between 2015 and 2018, brings to the ticket decades of intelligence and security experience. His emergence as running mate gives the APM campaign a security dimension at a time when insecurity remains one of the major issues expected to define the 2027 presidential contest. The convention formally affirmed Makinde as the party’s presidential candidate before delegates unanimously ratified Daura as his running mate, signalling what party leaders described as their readiness to give the ruling APC a serious fight for the presidency. The choice of the former spymaster was deliberate. According to party leaders, Makinde wanted a running mate with extensive knowledge of Nigeria’s security architecture and the experience required to confront the country’s persistent security challenges. The convention also strengthened the political structure behind the Makinde-Daura ticket. Bauchi State Governor, Senator Bala Abdulkadir Mohammed, was unanimously approved as National Leader of the APM, while delegates retained the National Working Committee (NWC) led by Yusuf Mamman Dantalle as National Chairman for another three years. With two serving governors, a former intelligence chief and the party machinery now assembled behind the presidential ticket, the APM used the Bauchi convention to present itself as an emerging opposition force capable of confronting the APC in 2027. In his post-election speech, the re-elected National Chairman of APM, Yusuf Mamman Dantalle, said: “I stand before you with a profound sense of humility, gratitude, and responsibility to accept the great honour and renewed mandate you have bestowed upon me as the National Chairman of our great party, the Allied Peoples Movement, for a second term in office.” He added: “I am deeply humbled by your trust and confidence in my leadership. I am not taking it for granted. This mandate is not merely a personal honour; it is a solemn responsibility and a renewed call to service, our shared vision, and our determination to position the Allied Peoples Movement as a formidable political platform capable of responding effectively to the yearnings and aspirations of all Nigerians.” “I therefore congratulate all the national officers elected to work with me. Your election represents a vote of confidence in our collective capacity to consolidate the achievements of the past and chart a new and more ambitious course in the future. We have stood together through challenging and turbulent times,” he added. He said: “Through it all, you demonstrated remarkable courage, loyalty, and faith in our party. For this, I sincerely commend and appreciate every one of you. Today, we have opened a new chapter in the history of the Allied Peoples Movement. Most importantly, I want to sincerely appreciate our presidential candidate and the Governor of",positive,0.31,0.97,mild,unclear,0.53,0.1,english,1.0,v3,jev-1.13.0,,,,,
gdelt-247737e9da4c,"Bauchi LG Election : Gov Mocks Opposition After APM Landslide. File photo: Bauchi governor, Bala Mohammed Bauchi State Governor, Bala Mohammed, has described opposition political parties that boycotted Monday’s local government elections in the state as cowards, saying they were afraid of losing the polls. This comes as the Allied Peoples Movement won all the 20 chairmanship seats contested in Monday’s election, according to the Bauchi State Independent Electoral Commission. The commission also declared APM candidates winners in 319 of the 323 councillorship seats contested across the state. The chairperson of BASIEC, Jummai Abubakar, announced the results after the conclusion of voting, counting, collation and verification of results. Abubakar said, “Following the conclusion of voting, counting, collation and verification, I, Jummai Abubakar, Chairperson of BASIEC, hereby declare that all 20 APM candidates emerged victorious as chairmen of the respective local government areas.” Speaking after casting his vote alongside his wife, Aisha, at his polling unit in Dan Kungibar, Bakin Dutse District Head’s Office, Yalwan Duguri, Alkaleri Local Government Area of the state, the governor said the opposition parties should have participated in the election to test their popularity rather than staying away from the process. He said, “I can see some people are cowards. They have even checked out of the election because they knew they would lose. “They have not campaigned. If they had listened to my advice, they should have gone ahead to test their popularity.” Mohammed said the election was an opportunity for political parties to demonstrate their popularity among the people ahead of the 2027 general election, stressing that no party could be installed in a democratic system without the support of voters. See more Punch stories on Google. Add Punch on Google He added that the peaceful atmosphere across the polling area showed that the election was being conducted in a calm environment. “The place is very peaceful, and you can see the atmosphere of serenity this morning. We appreciate God for our peace and the spirit of love that is here in this polling area,” he said. The governor said the state government remained committed to democratic governance and ensuring that the people were allowed to exercise their constitutional rights. He also expressed confidence that the election would produce successful candidates who would govern the local governments with the fear of God. Mohammed stressed the importance of local governments to the development of the state, noting that most activities affecting residents take place at the grassroots. He said, “The local government is where everything is done because the majority of what people live on is in the local government, not in the state capital. Related News NCDC reports 1,086 Lassa fever cases, 259 deaths 2027: Yari warns North against demanding presidency By-elections: Tinubu, Yilwatda hail APC’s four-seat haul “That is why we are trying very, very much to ensure good governance in the local government.” The governor said the state had continued to conduct elections without skipping any electoral cycle, adding that the latest exercise would further strengthen democratic governance at the grassroots. Mohammed also commended the quality of candidates participating in the election, noting that some of them possessed postgraduate and university degrees. He said the state government’s efforts to strengthen local government autonomy had increased resources and activities at the grassroots, thereby making the councils attractive to qualified candidates. Recall that a coalition of opposition political parties in Bauchi State had announced a boycott of the election, describing the exercise as a “kangaroo election” allegedly designed to favour the ruling APM. The coalition comprises the African Democratic Congress, African Action Congress, Social Democratic Party, Peoples Redemption Party and New Nigeria People’s Party. The parties announced their decision at a pr",positive,0.75,0.91,strong,Alkaleri,0.98,0.06,english,1.0,v3,jev-1.13.0,,,,,
gdelt-93e03d5b3653,"2027 : 157 , 000 Members Of PDP , NNPP , PRP , Others Join APC In Bauchi. No fewer than 157,000 members of various political parties, including the Peoples Democratic Party (PDP), New Nigeria Peoples Party (NNPP), People’s Redemption Party (PRP), Allied Peoples Movement (APM) and others, have defected to the All Progressives Congress (APC) in Bauchi State. The defectors were formally received into the APC during a major party gathering held yesterday in Azare, where party leaders, stakeholders and supporters gathered to welcome the new members. Speaking, Minister of Health and Social Welfare, Prof. Muhammad Ali Pate, said the new members had been formally admitted into the APC, with their details documented as registered members of the party. Pate described the mass defection as a demonstration of growing confidence in the APC and its leadership in Bauchi State. He called on old and new members of the party to work together as one family, stressing that unity, mutual respect and commitment would be crucial to the party’s success in future elections. The minister also urged the people of Bauchi State to support President Bola Ahmed Tinubu’s bid for a second term in 2027, saying the president’s administration had implemented several projects and programmes beneficial to the state. He maintained that Tinubu’s achievements across various sectors justified his re-election, urging APC members to mobilise support for the president ahead of the 2027 general elections. Also speaking, the 2027 APC governorship candidate in Bauchi State and former governor, Muhammad Abdullahi Abubakar SAN, urged members to set aside their differences and strengthen unity within the party. Abubakar said the growing number of new members joining the APC presented both an opportunity and a responsibility for the party, urging the defectors to regard themselves as full members of the APC family. He also appealed to long-standing members to welcome the new entrants and work with them towards building a stronger political structure across the state. According to him, unity would be critical to effective grassroots mobilisation and ensuring that the APC remains competitive in all parts of Bauchi State. Speaking on behalf of the new members, Hon. Farouq Mustapha expressed appreciation for the reception accorded the defectors, describing his return to the APC as a homecoming. “I am a son of the house, APC is my home and I have returned home,” Mustapha said. He assured the party leadership that the new members were prepared to contribute to the growth and success of the APC, while calling for cooperation between old and new members. Mustapha, who announced the number of defectors, said the group had recorded 157,000 new members across the political platforms it had reached out to. “Across the parties I listed, from the APM to the NDC we have a total of 157,000 people on our records. We did not simply make noise; we quietly reached out and appealed to them, and those who deemed us worthy agreed to join us and align with the APC,” he said. He urged APC members to embrace one another and shun divisions, stressing that the party’s success would depend on unity, discipline and effective coordination. The Azare gathering attracted APC leaders, stakeholders, supporters and the newly defected members, who pledged their commitment to the party and its programmes in Bauchi state. We’ve got the edge. Get real-time reports, breaking scoops, and exclusive angles delivered straight to your phone. Don’t settle for stale news. Join LEADERSHIP NEWS on WhatsApp for 24/7 updates →",neutral,0.42,0.88,mild,Katagum,0.97,0.88,english,1.0,v3,jev-1.13.0,,,,,
gdelt-10a77e5f8129,"Nigeria Has Never Desired Change Like This Before – APM Chairman Dantalle. National Chairman of the Allied Peoples Movement (APM), Yusuf Dantalle, has said Nigeria deserves a positive change, the one the country never desired before. Dantalle spoke in Bauchi while on the entourage of the party’s presidential candidate and Governor of Oyo state, Governor Seyi Makinde who was in the state for consultation with Governor Bala Mohammed. He noted that the Tinubu-led administration is standing “aloof”, a situation he described as embarrassing, saying “It is shameful that in a house, some persons are selected to say something, some are not allowed to say anything. “We saw what happened about two, three days ago this week in the House of Representatives. Nobody will save Nigeria unless we choose to save it. “APM is not coming to do the usual. What APM is coming with is to reset Nigeria, to reboot Nigeria, to start solving the problems of Nigeria from the grassroots,” Dantalle said. The APM national chairman urged Nigerians to legitimately take his/her destiny in their hands, and called on each and every citizen to support the new chartered course for salvation from all bondages. We’ve got the edge. Get real-time reports, breaking scoops, and exclusive angles delivered straight to your phone. Don’t settle for stale news. Join LEADERSHIP NEWS on WhatsApp for 24/7 updates →",positive,0.74,0.93,strong,unclear,0.6,0.06,english,1.0,v3,jev-1.13.0,,,,,
gdelt-0f5600e83a66,"Bauchi LG election : APM secures all 20 chairmanship seats. The Allied People’s Movement (APM) has recorded a sweeping victory in the Bauchi State local government elections, winning all 20 chairmanship positions contested across the state. The Bauchi State Independent Electoral Commission (BASIEC) announced the results on Monday night, declaring APM candidates winners of all the chairmanship seats. The party also dominated the councillorship contests, securing 319 of the 323 available seats. According to BASIEC Chairperson, Jummai Abubakar, candidates of four other political parties shared the remaining four councillorship positions. The Social Democratic Party (SDP), National Rescue Movement (NRM), Zenith Labour Party (ZLP) and Young Progressives Party (YPP) each secured one councillorship seat. Other News Electricity workers threaten nationwide shutdown over assault by soldiers 2027: Makinde lauds Nigerians for identifying with APM Bauchi NUJ Council elects Gadau as chairman, new officials Abubakar said the elections were conducted independently and that the declared winners emerged after meeting the relevant legal requirements and recording the highest number of valid votes in their respective constituencies. The election, however, was held against the backdrop of an opposition boycott. The Coalition of Opposition Parties in Bauchi had announced its withdrawal from the poll on Sunday, alleging that the electoral process was structured to favour the ruling APM. Governor Bala Mohammed, who voted during the exercise, dismissed concerns over the boycott, describing the election as peaceful and maintaining that the withdrawal of some parties would not affect its legitimacy. The state government had also declared Monday a work-free day to encourage residents, including public servants and bank workers, to participate in the election. The Bauchi State Independent Electoral Commission (BASIEC) announced the results on Monday night, declaring APM candidates winners of all the chairmanship seats. The party also dominated the councillorship contests, securing 319 of the 323 available seats. According to BASIEC Chairperson, Jummai Abubakar, candidates of four other political parties shared the remaining four councillorship positions. The Social Democratic Party (SDP), National Rescue Movement (NRM), Zenith Labour Party (ZLP) and Young Progressives Party (YPP) each secured one councillorship seat. Other News Electricity workers threaten nationwide shutdown over assault by soldiers 2027: Makinde lauds Nigerians for identifying with APM Bauchi NUJ Council elects Gadau as chairman, new officials Abubakar said the elections were conducted independently and that the declared winners emerged after meeting the relevant legal requirements and recording the highest number of valid votes in their respective constituencies. The election, however, was held against the backdrop of an opposition boycott. The Coalition of Opposition Parties in Bauchi had announced its withdrawal from the poll on Sunday, alleging that the electoral process was structured to favour the ruling APM. Governor Bala Mohammed, who voted during the exercise, dismissed concerns over the boycott, describing the election as peaceful and maintaining that the withdrawal of some parties would not affect its legitimacy. The state government had also declared Monday a work-free day to encourage residents, including public servants and bank workers, to participate in the election. The party also dominated the councillorship contests, securing 319 of the 323 available seats. According to BASIEC Chairperson, Jummai Abubakar, candidates of four other political parties shared the remaining four councillorship positions. The Social Democratic Party (SDP), National Rescue Movement (NRM), Zenith Labour Party (ZLP) and Young Progressives Party (YPP) each secured one councillorship seat. Other News Electricity workers threaten nationwide shutdown over assault by soldiers 2027: Makinde lauds Nigerians for identifying with APM Bauchi NUJ Council elects G",neutral,0.66,0.88,calm,unclear,0.67,0.07,english,1.0,v3,jev-1.13.0,,,,,
gdelt-3a288a46cc83,Makinde  ll Win 2027 Presidential Election – APM,positive,0.45,0.96,calm,unclear,0.99,0.43,english,0.95,v3,jev-1.13.0,,,,,
gdelt-795092e284ae,"Photos : APM Convention : Seyi Makinde , Party Leaders , Delegates Storm Bauchi",neutral,0.65,0.9,mild,Bauchi,0.74,0.21,english,0.9,v3,jev-1.13.0,,,,,
gdelt-737d0331b56c,"How thugs killed Islamic teacher in Bauchi. Residents of Karofin Madaki quarters in Bauchi metropolis were thrown into shock and mourning following the killing of a renowned Islamiyyah teacher in the area, Rilwanu Dauda. Dauda, 42, was allegedly killed on Sunday by two brothers suspected to be political thugs after a quarrel over political posters. Daily Trust gathered that Dauda was stabbed in the stomach with a knife and died on the way to hospital. Trouble started around 10am on that day after the deceased asked the thugs to remove political posters pasted on a billboard adjacent to his family house. The thugs refused and engaged him in a fight. According to the deceased’s elder brother, Hamza Dauda, “The younger of the two thugs hit Malam with a stick; while the elder hit him with a knife on the head. Malam immediately collapsed and people around intervened and forced all the thugs to leave the scene. “However, the younger thug crossed the road, entered his family house and a few minutes later returned to our family house holding a knife. He met my late brother at the main gate and stabbed him in the stomach before running away. “Some people saw him sneak away after stabbing Malam. It was only after he left that they realised my late brother was bleeding from the injury. He was rushed to the Bauchi State Specialist Hospital where he was confirmed dead. He died on the way to hospital. “I was at my place of work when a friend of mine, Babangida, called me on phone and asked me to come to the hospital because my younger brother was dead. On arrival, I checked his body and saw where he was stabbed in the stomach. “Malam was someone who never quarreled with others. Unfortunately, look at how he was brutally murdered for no reason.” Hamza called on the government and the police to arrest the killers and bring them to justice. “I want justice in this matter. Everybody knows Malam was not troublesome and he was killed unjustly. His family wants justice. The killers should be arrested and made to pay for their actions.” When our reporter visited the deceased’s family house, sympathizers were still trooping in four days after his murder for condolences. Residents, who spoke to Daily Trust, described the late cleric as humble, kind, humane and a gentleman. One of them, Muhammad Aminu, described the incident as unfortunate, lamenting that “I wonder why people no longer value human life. People can kill over a slight provocation. This is unfortunate and something should be done to prevent its recurrence. “Youths no longer value life. On any provocation, you hear that someone has been killed. When I heard about Malam’s case, I didn’t believe it until three different people told me, because Malam was not the kind of person you would expect to be involved in such a fight. “Probably the guys who killed Malam had a grudge against him before this incident. After all, the fight had ended following the intervention of people around. So why did one of the thugs return to the scene and stab him? This tells you he had a grudge against the deceased. “Late Malam Rilwanu was a kind and humane cleric who related well with people. He was religious and generous. You hardly saw him in this area except when he came to his family house. He was residing with his family along Ibrahim Bako Road.” Another resident, Musa Yusuf, described the death of the cleric as a great loss not only to his immediate family, but to the entire people of Karofin Madaki and Bauchi State as a whole. One of the deceased’s neighbour, Bello Ibrahim, said: “The thugs called a colleague who came to the scene and proceeded to paste the poster, resulting in a heated argument,” he said. Bello said it was at that point that one of the thugs brought out a dagger, stabbed the late Ridwan in the chest and fled. “Residents rushed out, picked him up, and took him to hospital, but he died on the way,” he said. Another resident, Sani Musa, described Rilwanu as a nice gentleman and an Islamiyya teacher from a decent family background who",not_about_candidate,1.0,0.02,strong,Ganjuwa,0.47,0.05,english,0.96,v3,jev-1.13.0,,,,,
gdelt-403d0bb72c0f,"Tinubu hails winners of by - elections in Gombe , Bauchi , Delta States",not_about_candidate,0.77,0.06,calm,unclear,0.96,0.53,english,0.94,v3,jev-1.13.0,,,,,
gdelt-12bbf560f3fc,"By - elections : Tinubu hails winners in Bauchi , Delta , Kano states - Blueprint Newspapers Limited. September 20, 2026 Abdullahi M. Gulloma Politics 0 President Bola Ahmed Tinubu has congratulated the winners of the by-elections held over the weekend in five constituencies across Gombe, Kano, Bauchi and Delta states. All Progressives Congress (APC) candidates won four of the five seats, while the Allied Peoples Movement (APM) secured one. The successful APC candidates are Kallamu MaiJama’a, Gombe/Kwami/Funakaye Federal Constituency in Gombe State; Husseini Datti, Dawakin Kudu State Constituency in Kano State; Okolosi Ator, Udu State Constituency in Delta State; and Yakubu Ali, Disina State Constituency in Bauchi State. Adamu Yakubu of the APM won the Sakwa State Constituency seat in Bauchi State. The President said the victories recorded by APC candidates once again demonstrate the confidence Nigerians repose in the party’s capacity to govern effectively and deliver shared prosperity. “I am encouraged by the support Nigerians at the grassroots continue to show for our party and for the difficult but necessary reforms our administration has implemented over the past three years. “I urge Nigerians to remain steadfast and not be swayed by political opportunism. The benefits of these reforms will become increasingly evident as we enter the next phase of our programme,” he said. The President urged the winners to justify the confidence their constituents have placed in them through diligent and effective representation. He also encouraged the other candidates to accept the outcome in good faith and continue contributing to the democratic process. The President commended voters and security agencies for maintaining peace and order during the elections. He also applauds the Independent National Electoral Commission (INEC) for successfully conducting the polls following the August 15 Osun State governorship election. He urged INEC to build on the progress recorded in the by-elections and address any shortcomings ahead of future polls, particularly the general elections scheduled for January and February.",neutral,0.97,0.93,mild,unclear,0.64,0.67,english,1.0,v3,jev-1.13.0,,,,,
gdelt-33e07e5013b1,"APM ready to tackle murders , abductions Chairman. APM National Chairman Yusuf Mamman Dantalle The Allied People’s Movement (APM) has said it is ready to tackle murders and abductions, as demonstrated by Governor Seyi Makinde’s purchase of two surveillance aircraft to bolster, enhance, and strengthen security operations in Oyo State. The party explained that the two DA 42 MNG model aircraft, which are for intelligence, surveillance and reconnaissance operations and are equipped with sophisticated surveillance gadgets, are capable of identifying targets from both high and low altitudes and are a testament to the Oyo State Government’s commitment to protecting lives and property in the state. APM National Chairman Yusuf Mamman Dantalle said in a statement that the aircraft would support the efforts of the nation’s security agencies, including the Amotekun Corps, in combating terrorism, banditry, kidnapping for ransom, and other criminal activities in Oyo State. “This is in tandem with Section 14(2)b of the Constitution of the Federal Republic of Nigeria 1999, as amended, which provides that the security and welfare of the people shall be the primary purpose of government. “Governor Makinde, who is also the APM presidential Candidate, has demonstrated exceptional leadership capacity, managerial acumen and political sagacity to safeguard lives and property in Oyo State, which is essential for sustainable democracy and development. Other News Tinubu: Makinde queries non-transmission of power to VP Tinubu: Makinde queries non-transmission of power to VP 2027: Makinde lauds Nigerians for identifying with APM “The party hails his visionary, purposeful, and inclusive governance that has transformed Oyo State and urges residents to keep supporting the APM government in the state. “The well-being of the people is the hallmark of democratic governance. APM will continue to put the interest of the masses first, as proved in Oyo and Bauchi States, where the party is in power. Nigerians desire and deserve dividends of democracy, not carnage. “As Allied People’s Movement presidential flag bearer, Makinde will replicate his resourceful, robust, vibrant and compassionate leadership across the country, and redirect the ship of the nation from its perilous course to the path of progress, development and advancement, if elected into office as president in 2027. He has the political will to make Nigeria great again. “Accordingly, the party urges Nigerians to identify with APM and all its candidates in the upcoming elections for improved national security, unity, and prosperity,” he added. The party explained that the two DA 42 MNG model aircraft, which are for intelligence, surveillance and reconnaissance operations and are equipped with sophisticated surveillance gadgets, are capable of identifying targets from both high and low altitudes and are a testament to the Oyo State Government’s commitment to protecting lives and property in the state. APM National Chairman Yusuf Mamman Dantalle said in a statement that the aircraft would support the efforts of the nation’s security agencies, including the Amotekun Corps, in combating terrorism, banditry, kidnapping for ransom, and other criminal activities in Oyo State. “This is in tandem with Section 14(2)b of the Constitution of the Federal Republic of Nigeria 1999, as amended, which provides that the security and welfare of the people shall be the primary purpose of government. “Governor Makinde, who is also the APM presidential Candidate, has demonstrated exceptional leadership capacity, managerial acumen and political sagacity to safeguard lives and property in Oyo State, which is essential for sustainable democracy and development. Other News Tinubu: Makinde queries non-transmission of power to VP Tinubu: Makinde queries non-transmission of power to VP 2027: Makinde lauds Nigerians for identifying with APM “The party hails his visionary, purposeful, and inclusive governance that has transformed Oyo State and urges residents to keep supporting the A",not_about_candidate,0.43,0.91,strong,unclear,0.99,0.03,english,1.0,v3,jev-1.13.0,,,,,
gdelt-6b51ab417794,"Gov Bala Advocates Establishment Of Additional Military Brigades In Bauchi. Governor Bala Abdulkadir Mohammed has called for the establishment of military brigades in some strategic security-prone areas of Bauchi State to forestall insecurity that could create upheavals and wanton destruction of innocent lives and property. He made the call yesterday during a State Security Council meeting in Bauchi. The governor revealed that he wants the military brigades to be established in Tafawa/Bogoro axis, Alkaleri and Katagum Local Government Areas of the state. He explained that the establishment of well-motivated brigades in those earmarked areas would help the police in their duties, attributable to increasing demographics and population, as well as the establishment of more police stations in areas where they do not have them. According to the governor, he had discussed these issues with the General Officer Commanding 3 Division of the Nigerian Army, Major General Maxwell Dangana, when he visited Bauchi Government House for a courtesy visit. Mohammed reiterated his government’s readiness to collaborate with the security agencies with little money, and with community and public-spirited individuals, as well as with the help of Emirate Councils, to build the police stations with them. The governor, who described security as the foundation upon which development rests, said, “We do not just give verbal support. We match our support with concrete action. We will continue to provide the necessary logistical backing to the security agencies.” He assured of the provision of operational support while improving the infrastructure needed to ensure that security personnel operate under dignified conditions. “In addition to the support we have consistently given, we are going to establish and engender collaboration. “I think you should also leverage on that so that you can provide comfort to our men that are really exposed to the vagaries of the forest and criminality. “We are calling on the Commissioner of Police and the Police High Command and also the military as they are expanding their services.” Mohammed also called on security agencies to intensify coordinated operations across the state to curb the resurgence of kidnapping, banditry and other violent crimes in several frontline local government areas. He expressed concern over the deteriorating security situation in parts of the state, warning that criminal elements displaced from neighbouring states were attempting to establish new bases in Bauchi. The governor directed security agencies to sustain the momentum of ongoing security operations and replicate the recent successes recorded in Alkaleri, Ningi, Ganjuwa, Toro and other affected local government areas. He called for increased joint patrols, improved intelligence gathering and stronger surveillance of forests, rural markets and border communities to deny criminals freedom of movement. He charged traditional rulers to play more active roles in intelligence gathering, warning that any traditional ruler found allocating land to criminal elements, granting illegal mining access or harbouring suspected criminals would face the full weight of the law. “Silence in the face of crime amounts to complicity and will not be tolerated,” the governor warned. Reaffirming his administration’s commitment to security, Governor Mohammed said the state government would continue to provide logistics, operational support and critical infrastructure to security agencies to enhance their effectiveness. He disclosed that the government had invested in modern surveillance and tracking equipment to improve intelligence gathering and monitoring operations. He also reminded council members that the state would witness heightened political activities with the lifting of a ban on electioneering campaigns for the 2027 general elections, as state local government elections would also hold on August 17. Prior to that, the governor revealed that the state is also hosting the annual democracy dialogue of the former President Goodluck Jo",not_about_candidate,1.0,0.02,moderate,Alkaleri,0.4,0.17,english,1.0,v3,jev-1.13.0,,,,,
gdelt-5db6a339e3e2,"Bauchi guber : Bala Mohammed ex - campaign DG , Faruk Mustapha , emerges APC Abubakar running mate. The All Progressives Congress, APC, in Bauchi State has picked former Commissioner for Special Duties and Rural Development, Hon. Faruk Mustapha, as the running mate to its 2027 governorship candidate, Barr Mohammed Abdullahi Abubakar, SAN. The choice of Mustapha ends weeks of speculation over who would occupy the deputy governorship position on the APC ticket ahead of the 2027 election. Mustapha, who confirmed his emergence in an interview with journalists said he had accepted the nomination, describing it as a responsibility to serve the people of the state. “Yes, I have been nominated as the gubernatorial running mate and I have accepted the nomination. It is a call to service and I can’t reject such a call,” he said. He added that the confidence placed in him by the party and the people would motivate him to contribute positively to the development of Bauchi State. “The people know our capabilities and decided to trust us with the responsibility of leadership. We will not fail them,” he said. The former commissioner, who recently left the Allied People’s Movement (APM) after losing out in the party’s governorship ticket race, said the decision to pair with Abubakar was based on the former governor’s experience and knowledge of governance. According to him, Abubakar’s previous tenure as governor gives him an advantage in returning to lead the state. “He is not a newcomer to the job. He knows exactly what to do, and it is only fair to allow him come back to complete the good things he started,” Mustapha said. Mustapha, who served as Director-General of Governor Bala Mohammed’s 2023 re-election campaign, expressed confidence that the APC would defeat its opponents in the 2027 elections. The APC State Organising Secretary, Sallau Kafi, had earlier confirmed that the party leadership and its governorship candidate had submitted Mustapha’s name and credentials to INEC for the running mate slot.",neutral,0.55,0.88,calm,unclear,0.76,0.67,english,1.0,v3,jev-1.13.0,,,,,
gdelt-acb680e658e7,Parties That Withdrew From Bauchi Council Polls Are Cowards – Gov . Bala,negative,0.44,0.07,strong,unclear,0.82,0.65,english,0.99,v3,jev-1.13.0,,,,,
gdelt-f8c66bc8b9e6,"Bauchi LG Polls : APM Victory a Warning to Opposition – Moham. File photo: Bauchi governor, Bala Mohammed The Bauchi State Governor, Bala Mohammed, has described the victory of the Allied Peoples Movement in Monday’s local government election as a warning signal to opposition parties ahead of the 2027 general elections. Mohammed stated this on Tuesday while swearing in the newly elected 20 local government chairmen at the Government House, Bauchi. The governor, while congratulating the chairmen and councillors, stated that their victory indicated the high level of the people’s  acceptance of the administration’s policies and programs. He said, “The recent election has shown that the APM, a relatively new and smaller political platform than the PDP, is nevertheless a formidable political platform. “Indeed, this local government election  is a warning signal and a daunting task to the opposition parties. They do not stand a chance of making any impact during the 2027 elections. “The opposition has never given excuses. We have consistently worked and distributed the dividends of democracy to every corner of the state.” See more Punch stories on Google. Add Punch on Google Mohammed disclosed that his administration has recorded achievements in infrastructure, security, healthcare, education and agriculture across the state. He listed the construction and rehabilitation of roads, expansion of healthcare facilities, renovation and construction of schools, as well as agricultural interventions among the projects implemented by his administration. The governor also urged the newly elected council chairmen to justify the confidence reposed in them by the electorate, warning them against mismanaging public funds. He said the chairmen must understand that local government administration was no longer about sharing money but about providing effective governance and addressing the needs of the people at the grassroots. Related News FG didn’t fund Ibadan airport with N50bn — Makinde 2027 elections: APC leaders weigh options as Wike-govs rift deepens JUST IN: Babachir Lawal joins NDC three months after ADC exit “The position of the local government is no longer a cash drawer where we go and share money. We go there to face challenges because the required human capacity, trust and confidence of the people must be earned,” Mohammed stressed. He added, “You should not be tempted to misappropriate or divert local government funds. With financial autonomy now granted to local governments to run their affairs, you have no excuse,” he warned. Mohammed further urged the chairmen to work closely with traditional rulers, security agencies and other stakeholders to sustain peace and improve security across their respective councils. He urged the council bosses to ensure that information concerning security threats was promptly passed to the relevant security agencies. The governor also charged the newly appointed special advisers to hit the ground running, saying their performance would be measured by the impact they make during their tenure. He assured them that the state government would provide them with the necessary tools and access to resources to enable them discharge their responsibilities effectively. The Bauchi governor further urged the chairmen and political appointees to remain committed to serving the people, saying their accessibility at the grassroots placed greater responsibilities on them. He said the government would continue to monitor their performances and ensure transparency in the delivery of dividends of democracy to the people of the state. While also noting that the latest local government election was the third conducted by his administration since 2019, following previous polls in 2020 and 2024, he maintained that the ruling party had maintained its dominance in the local government elections, with the APM winning all 20 chairmanship seats and 319 councillorship seats in the latest election. Mohammed stated this on Tuesday while swearing in the newly elected 20 local government chairme",positive,0.95,0.93,moderate,Bauchi,0.55,0.11,english,1.0,v3,jev-1.13.0,,,,,
gdelt-612d0bb43c3b,Bauchi 2027 And The MA Question,neutral,0.58,0.27,calm,unclear,0.79,0.37,english,0.97,v3,jev-1.13.0,,,,,
gdelt-27fa76808156,"Bauchi assembly majority leader resigns to contest LG chairmanship – Daily Trust. The Majority Leader of the Bauchi State House of Assembly, Saleh Hodi Jibri, has resigned to contest the chairmanship of Shira Local Government Council under the Allied Progressive Movement (APM). Jibri, who represented Disina Constituency, announced his resignation on Wednesday during plenary presided over by the Speaker, Hon. Abubakar Y. Suleiman. In his farewell remarks, Jibri thanked stakeholders in Shira LGA for selecting him as the party’s candidate, as well as Governor Bala Mohammed for the confidence reposed in him. He also expressed appreciation to the Speaker and his colleagues for their cooperation, guidance and support throughout his tenure in the House. Earlier, the Speaker informed lawmakers that Jibri’s resignation followed the decision of the APM to nominate him as its candidate for chairman of Shira Local Government in the forthcoming local government election. Suleiman described his relationship with Jibri as extending beyond their roles as parliamentary colleagues, noting that they had worked together since the Ninth Assembly and developed a bond comparable to that of biological brothers. Other lawmakers paid tribute to the outgoing Majority Leader, describing him as a patient, dedicated and selfless leader whose contributions to the House had earned him respect. Following Jibri’s resignation, the APM nominated Hon. Auwal Hassan Yana of Shira Constituency as the new Majority Leader. The House subsequently approved Jibri’s resignation and the emergence of Yana as his successor. In his acceptance speech, Yana thanked God, party stakeholders and Governor Bala Mohammed for the confidence reposed in him. He pledged to build on the leadership qualities of his predecessor and appealed to his colleagues for guidance, constructive correction and continued support as he assumed his new responsibility. Nigerians can now invest ₦2.5 million on premium domains and profit about ₦17-₦25 million . All earnings paid in US Dollars . Rather than wonder, click here to find out how it works . Join Daily Trust WhatsApp Community For Quick Access To News and Happenings Around You.",not_about_candidate,0.32,0.9,mild,Shira,1.0,0.07,english,1.0,v3,jev-1.13.0,,,,,
gdelt-39277711eac6,"2027 : Makinde  ll win presidential contest , says APM. Oyo State Governor, Seyi Makinde (middle); receiving certificate of return and flag as Allied People’s Movement (APM), Presidential Candidate from the party’s National Chairman, Alhaji Yusuf Mamman Dantalle (left) while the Organizing Secretary, Hon Bashiru Bala looks on, during the APM primary election collation/unveiling ceremony, held at Emeritus Theophilus Ogunlesi Hall, Ibadan. PHOTO: Oyo Gov’s Media. From Ndubuisi Orji, Abuja The Allied People’s Movement (APM) has said that its presidential candidate in the 2027 general election, Governor Seyi Makinde will win the contest. The APM National Publicity Secretary, Abubakar Yusuf, stated this,on Monday,in Abuja. He said this is as result of Makinde’s rising popularity and acceptability among Nigerians as a credible alternative to President Bola Tinubu. Yusuf, who confirmed that the APM has uploaded the Oyo State governor’s details , alongside those of its other candidates for the 2027 polls, on the Independent National Electoral Commission ( INEC) portal, expressed optimism that the opposition party apart from winning the presidential poll, would also win other positions. According to him, ” We have uploaded details of our Presidential, Vice Presidential and National Assembly candidates as required by INEC. This marks another important milestone in our journey towards offering Nigerians a credible, competent and people-oriented alternative in the 2027 general elections. “Our confidence is rooted in our continuous engagement with Nigerians and the array of very credible candidates that we are fielding at all levels. “The APM is proud of the quality of leaders flying its flag across the country. Our candidates are men and women of proven character, integrity and outstanding performance in their respective fields. They embody the values of accountability, service and purposeful leadership that Nigerians have consistently demanded. “Across the country, citizens have expressed deep concerns about the rising cost of living, widespread insecurity, unemployment and declining economic opportunities. These are genuine concerns that require practical solutions and compassionate leadership which only the APM can offer. “So, with an APM-led administration and Makinde on the saddle, the welfare of Nigerians will be at the centre of government policies.” Yusuf, while noting that the APM’s engagement is yielding results, as there is a surge of members into the party, stated that “we have a presidential candidate who not only has the commitment but also the leadership capacity and competence to secure our nation, rebuild the economy and ensure that every Nigerian enjoys the dividends of good governance. “So our Presidential candidate stands out as a leader whose record speaks for itself. Of course, without argument, his achievements have earned him national recognition as one of Nigeria’s most performing governors and that is why Nigerians want him as President. “We all know that Governor Makinde has earned a reputation for prudent management of public resources and responsible governance. So, these principles will guide an APM government at the federal level. “Beyond his impressive performance in office, Governor Makinde represents a new generation of leadership. He combines experience with relative youth, energy, vision and the capacity to unite Nigerians across political, ethnic and religious divides. We firmly believe he possesses the competence, character and courage required to reposition Nigeria and restore confidence in governance. “In Bauchi State, Governor Bala Mohammed, our senatorial candidate, brings a wealth of experience and leadership that will further strengthen the party’s vision of effective representation and national development. Together with our other candidates, he will play a vital role in advancing the APM’s mission of delivering responsible governance.” The Allied People’s Movement (APM) has said that its presidential candidate in the 2027 general election, Governor",positive,0.7,0.93,moderate,unclear,0.97,0.04,english,1.0,v3,jev-1.13.0,,,,,
gdelt-79540fbdb50d,"2027 Katagum federal constituency ssessment - Blueprint Newspapers Limited. July 21, 2026 Tajuddeen Ahmad Tijjani Letters 0 As political activities gather momentum ahead of the 2027 general elections, the race for the Katagum federal constituency, Bauchi state is taking a reflective shape. If the People’s Redemption Party (PRP) had opted to field a female candidate for the House of Representatives seat, the party would have faced significant challenges. Given the prevailing religious and socio-cultural realities of Katagum, many voters, however, remain highly sensitive to issues relating to leadership selection, making such a decision politically difficult. We totally adhere to religious guides; it’s something new that would hardly scale through. We give women chances, but not political electability. Check history since the advent of our nascent democracy. Furthermore, if speculations that Hon. Tijjani Aliyu former state assembly member has accepted to deputise Senator Shehu Buba on the PRP platform are true, the contest for the House of Representatives may effectively narrow to a competition between Muhammad Kabiru Baba of the All Progressives Congress (APC) and Tilmiz of the National Democratic Convention (NDC). As for the All Progressive Movement (APM) candidate, Auwal Audu, however, political indicators suggest that the circumstances surrounding the fate of former House of Representatives member Abdulkadir Santuraki await him. His prospects are very slim, considering the dynamics and voting patterns that have historically characterised politics in the Katagum federal constituency. We hardly make noise, but your performance will, of course, speak for itself in the ballot box. The ADC also appears to have weakened its position following its decision to substitute Aminu Ya’u, a former TCN staff, as its candidate. Such actions could undermine public confidence in the party and make it difficult for many voters to take its candidate seriously. Everyone knows how the party has come to the limelight, but powerful forces in Abuja have truncated the chances of the party by presenting another candidate who hasn’t laboured for the party. While these are early political observations, the coming months will undoubtedly provide greater clarity as alliances and permutations are ongoing, party decisions, and campaign strategies continue to evolve. We watch with keen interest as events unfold.",negative,0.64,0.93,mild,Katagum,1.0,0.29,english,0.99,v3,jev-1.13.0,,,,,
gdelt-4937c9a5d24c,"APM : Makinde picks ex - DSS DG , Lawan Daura , as presidential running mate. The presidential candidate of the Allied Peoples Movement (APM) and Governor of Oyo State, Engr Seyi Makinde, on Thursday announced former Director-General of the Department of State Services (DSS), Lawal Musa Daura, as his running mate for the 2027 presidential election. Makinde made the announcement at the elective National Convention of the APM held at the Rilwanu Adamu Square, Government House, Bauchi, where he also declared that the task before the opposition ahead of the 2027 general election was bigger than merely winning power. He said the central challenge was to give Nigerians a genuine choice about the future of the country and demonstrate, with measurable plans and records, how an alternative government would improve their lives. “As we approach 2027, therefore, I believe the task before all of us is bigger than winning an election. It is to give Nigerians a real choice about the future of their country,” Makinde said. Congratulating the new national officers elected at the convention, the Oyo State governor said the APM had, within a short period, emerged as an opposition party to reckon with. He urged the new leadership of the party to work with other opposition political parties towards presenting a credible alternative to Nigerians in 2027, stressing that a viable opposition remained indispensable to the survival of democracy. “As I said during the Ibadan Declaration in April this year, the presence of credible opposition is what sustains democracy. “So, our new leaders must be ready to work with other opposition parties to ensure that we give Nigerians a credible alternative in the 2027 general election,” he said. Makinde said the coming campaign season would inevitably feature political slogans, promises and declarations by candidates but argued that Nigerians should demand more from those seeking to lead them. According to him, the 2027 election should be about measurable outcomes rather than government announcements, policies and promises that do not translate into improvements in the lives of citizens. “The 2027 election must be an election about outcomes. For too long, we have measured governance by announcements. We are presented with policy after policy, rather than evidence of whether those policies have made people’s lives better,” he said. Using the experiences of ordinary Nigerians to illustrate his point, Makinde said economic policies should ultimately be measured by citizens’ purchasing power rather than official statistics. “When our mothers go to the market, they don’t experience economic policy as a statistic. They experience it in what their money can buy. How much rice, beans and gari they can take home,” he said. He added that young Nigerians would judge employment policies by their ability to secure productive work and build independent lives, just as farmers would assess agricultural policies by their productivity, access to markets and whether farming had improved their economic condition. On security, Makinde said the effectiveness of government should not be determined by the number of security meetings held by officials but by whether Nigerians could live and pursue their livelihoods without fear. “Families do not judge security by the number of meetings government has held. They judge it by whether they can travel, farm, work and sleep with their two eyes closed,” he said. The APM candidate said the defining question of the 2027 election should therefore shift from what government claimed to have done to what had actually changed in the lives of Nigerians. “The question before Nigeria in 2027 should not simply be: What has government done? It should be: What has changed for Nigerians?” he said. He added that opposition candidates must equally subject themselves to scrutiny by explaining what they would do differently and the measurable improvements Nigerians should expect if they were elected. Makinde said his administration had applied the same principle in Oyo State by focusing not",positive,0.21,0.9,calm,Bauchi,0.88,0.05,english,1.0,v3,jev-1.13.0,,,,,
gdelt-8044f3bcf839,"Opposition alliance : Obi attends APM campaign office launch. T he presidential candidate of the Nigeria Democratic Congress (NDC), Mr Peter Obi, said yesterday that opposition presidential candidates are not divided and are ready to work together with whoever is chosen by Nigerians. Obi spoke on Monday in Abuja during the commissioning of the presidential campaign office of Seyi Makinde, presidential candidate of the Allied Peoples Movement (APM), and his running mate, Lawal Daura. Also speaking, Daura called on opposition leaders to come together and provide a qualitative opposition, saying such an opposition would be beneficial to Nigerians. Obi’s presence at the event has sparked fresh debate over the possibility of opposition presidential candidates working together ahead of the 2027 general elections. The development followed a summit organised by the G-100, which has been advocating a coalition of opposition parties to challenge the ruling All Progressives Congress (APC). Members of the Peoples Democratic Party (PDP) faction led by Kabiru Tanimu Turaki were also present at the commissioning. The delegation was led by former Niger State Governor Babangida Aliyu and other party stakeholders. Speaking at the event, Obi said the opposition was not desperate but focused on ensuring that Nigerians freely choose who governs them. He said he would support whoever emerged through a free, fair and credible process. “For us, we don’t have desperation. We want the people of Nigeria to make their choice. Whoever they choose, all of us will come together to build a new Nigeria. “We can’t all continue the way we are going today. Our people are hungry. Our people are poor. Our people are insecure. Whoever wins, genuinely, from a free, fair and credible election, we all want to work together to save this country from collapse.” Obi said the opposition was redefining politics by moving away from quarrels and disagreements to issues that directly affect Nigerians. “We don’t want politics of quarrel, politics of disagreement. Let our quarrel be to feed our people. Let our quarrel be to pull our people out of poverty. “We want a Nigeria where a child of nobody can be somebody without knowing anybody, that’s what we want. And we think all of us will work as a family. “I assure you that we remain united in our rescue for our dear country, Nigeria.” Subsidy debate: Makinde proposes cheaper option Earlier, Makinde said those who were not taking his presidential ambition seriously would hear from Nigerians in 2027. Speaking on the ongoing fuel subsidy debate between the presidential candidate of the African Democratic Congress (ADC), Atiku Abubakar, and the Federal Government, Makinde said he had already explained his position on petrol pricing. He said some people had asked whether he was advocating a return of fuel subsidy, but stressed that he had his own blueprint for addressing the issue. “Let me explain my position very simply with this example. If a community grows food, the people of that community should not have to buy that food as though it travelled halfway around the world before reaching them. “So why should crude oil supplied to Nigerian refineries be priced as though Nigeria does not produce crude oil? Nigeria’s oil must provide a real and measurable benefit to Nigerians. “That benefit should be built into the system from the beginning, through the price at which crude oil is supplied for domestic refining—not through an opaque intervention at the petrol pump after all the costs, inefficiencies and distortions have been added.” He said Nigerians should know what they were paying for, who received what and where inefficiencies were increasing the final price. According to him, that was what his “Reset Nigeria” agenda was about. On the 2027 election, Makinde said the opening of the campaign office had created another opportunity for Nigerians to join the conversation about the future of the country. Speaking about his chances, he said he was aware that some people had already dismissed his ca",neutral,0.33,0.95,mild,unclear,0.98,0.11,english,1.0,v3,jev-1.13.0,,,,,
gdelt-d8043738aaef,"How Shehu Buba rebuilding PRP structure in Bauchi - Blueprint Newspapers Limited. Senator Shehu Buba Umar, representing Bauchi South in the Senate, has built a reputation not on promises, but on visible work. Across Bauchi state, his interventions in health, education, infrastructure and direct support to communities have earned him widespread admiration. People talk about him not just as a lawmaker in Abuja, but as someone who understands what is happening in their villages, markets, and homes. His emergence as the gubernatorial candidate of the People’s Redemption Party (PRP) for the 2027 elections marked a turning point in Bauchi politics. The decision followed irregularities and injustices that marred the nomination process in his former party, the All Progressives Congress (APC), at the state level. He resigned before the primaries and accepted the unanimous endorsement of PRP members. That move repositioned him and the party. What has happened since then is unprecedented momentum. Party executives, former local government chairmen, women leaders, youth organisers, and members have been moving to PRP in large numbers. Names like the immediate-past APC state secretary, Zarami, former Toro LGA APC chairman, Comrade Matawai, and former Bauchi LGA APC chairman, Baba Biyali, are among those who have shifted loyalty. The defection did not stop at political office holders. Entire structures, from wards to senatorial zones, are realigning because they see a candidate with both capacity and connection. There are equally current serving members of the National Assembly among them, including Senator Dahuwa Kaila of Bauchi North, Hon. Kashuri, the member House of Representatives for Jama’are/Itas-Gadau federal constituency, and Hon. Ningi/Warji federal constituency, as well as the current state deputy chairman, Hon. Ibrahim Makama Misau, among other heavyweights from the APC and APM. As a candidate myself under the same platform to represent the good people of Lame constituency in the Bauchi State House of Assembly, I understand the value and weight that Senator Umar is adding to our collective movement. His leadership has become the compass that guides our campaigns across the state. Beyond party politics, he has shown that representation must be continuous, not seasonal. The structure, discipline, and vision he has brought into the PRP have made it possible for candidates like me at the grassroots to run with confidence, knowing we have a leader whose reach and guidance extend from the national stage to every ward and community. The reach he is creating is unprecedented in recent Bauchi politics. Through his daily engagements with constituents, his interventions in health, education, and empowerment, and his open-door approach, Senator Buba has redefined what it means to be accessible. That same model of service is now being replicated by those of us contesting under the PRP. In Lame constituency, people are asking for the same kind of presence: a representative who listens every day, responds to real problems, and delivers tangible support. Because of the standard he has set, voters now measure all of us against the yardstick of accountability, empathy, and results. More importantly, the guidance he provides goes beyond logistics and strategy. He reminds us that politics must be about people first. His example teaches us to prioritise the needy, support those facing health challenges, create opportunities for youth and women, and remain humble while serving. As I seek the mandate to represent Lame constituency, I carry that same spirit. The value Senator Buba is creating is not just in votes or party structures, it is in restoring public trust. With his leadership at the front and committed candidates like us across constituencies, the PRP is positioned to deliver a government in Bauchi that works for everyone. The biggest reason for this growing popularity is access. For the first time, a serving senator virtually visits his home every day to interact with his constituents. Through live engagements, community",not_about_candidate,0.71,0.85,strong,Bauchi,0.29,0.05,english,1.0,v3,jev-1.13.0,,,,,
gdelt-51bb4e71becc,"2027 : APC , Accord , ADC members defect to APM in Ibadan",not_about_candidate,0.26,0.9,calm,unclear,1.0,0.26,english,1.0,v3,jev-1.13.0,,,,,
gdelt-aff0680ecc12,2027 : Makinde names APM presidential campaign coordinator in Oyo,neutral,0.68,0.96,calm,unclear,1.0,0.23,english,0.99,v3,jev-1.13.0,,,,,
gdelt-a8758a18c25f,"Makinde will defeat Tinubu in 2027 , says APM",not_about_candidate,0.38,0.95,calm,unclear,1.0,0.5,english,0.99,v3,jev-1.13.0,,,,,
gdelt-28bd98b81b3c,Supporting Tinubu re - election means more suffering  – APM,not_about_candidate,0.27,0.96,moderate,unclear,1.0,0.21,english,0.96,v3,jev-1.13.0,,,,,
gdelt-0f106de36845,"Makinde presidential bid : Ekiti PDP , APM begin mobilisation",not_about_candidate,0.6,0.91,calm,unclear,1.0,0.31,english,0.95,v3,jev-1.13.0,,,,,
gdelt-04f3221824fa,Kwankwaso mourns ex - Bauchi dep gov children killed in cras,not_about_candidate,0.89,0.08,mild,unclear,0.74,0.26,english,0.33,v3,jev-1.13.0,,,,,
gdelt-11acab281e76,"2027 : Bauchi needs purposeful leadership , not party labels Kashim , NDC Gov candidate",not_about_candidate,0.9,0.03,mild,Bauchi,0.48,0.27,english,0.97,v3,jev-1.13.0,,,,,
gdelt-c75ed0131180,Melaka APM seeks corporate leader help to raise awareness of life - saving role,not_about_candidate,0.53,0.91,mild,unclear,1.0,0.08,english,1.0,v3,jev-1.13.0,,,,,
gdelt-e5ae402bd347,BREAKING : Bauchi Police Release 16 - Year - Old Jennifer To Parents After Alleged Forced Conversion To Islam,not_about_candidate,0.96,0.03,mild,unclear,0.64,0.12,english,1.0,v3,jev-1.13.0,,,,,
gdelt-1a730f734d6d,Tragedy as Bauchi ex - deputy governor loses two children in fatal road crash,not_about_candidate,0.72,0.12,moderate,unclear,0.78,0.17,english,1.0,v3,jev-1.13.0,,,,,
gdelt-0f1f63f0c635,Lagos 2027 : Grace Coker emerges APM deputy governorship candidate,not_about_candidate,0.7,0.87,calm,unclear,1.0,0.21,english,1.0,v3,jev-1.13.0,,,,,
gdelt-46f336f7abad,"Oyo 2027 : APC , ADC , Accord Party members defect to APM in large numbers",neutral,0.27,0.91,calm,unclear,1.0,0.22,english,0.99,v3,jev-1.13.0,,,,,
gdelt-909466663bfa,AAC Deploys 500 Campaign Tricycles For Grassroots Mobilisation In Bauchi,neutral,0.31,0.13,calm,unclear,0.89,0.27,english,1.0,v3,jev-1.13.0,,,,,
gdelt-7dd5ee5db95d,APC chieftain defects to APM in Oyo,not_about_candidate,0.35,0.9,calm,unclear,1.0,0.61,english,0.9,v3,jev-1.13.0,,,,,
gdelt-e63da60ba960,"2027 : Bauchi APC united , focused on victory despite defections – Official",positive,0.68,0.04,mild,unclear,0.85,0.8,english,0.99,v3,jev-1.13.0,,,,,
gdelt-97e9b060e503,IPAC commends BASIEC over successful Bauchi LG poll,not_about_candidate,0.77,0.07,mild,unclear,0.93,0.32,english,0.99,v3,jev-1.13.0,,,,,
gdelt-035c21ca8333,Goodluck Jonathan installed as Jigon Bauchi,not_about_candidate,0.9,0.05,calm,Bauchi,0.45,0.35,mixed,0.31,v3,jev-1.13.0,,,,,
gdelt-bb26604fdd1a,2027 : Makinde meets South - West APM governorship candidates,not_about_candidate,0.54,0.92,calm,unclear,1.0,0.28,english,0.96,v3,jev-1.13.0,,,,,
gdelt-1d43fed5a326,APM Demands Verifiable Impact of Subsidy Removal – THISDAYLIVE,neutral,0.43,0.95,calm,unclear,1.0,0.29,english,1.0,v3,jev-1.13.0,,,,,
gdelt-d97cc0802b19,"APM , PDP alliance will shape Oyo political future Odidiomo",neutral,0.31,0.93,calm,unclear,0.96,0.36,english,0.77,v3,jev-1.13.0,,,,,
gdelt-4e3bd0702ffc,Bauchi - Maiduguri road tragedy claims nine lives,not_about_candidate,1.0,0.05,mild,unclear,0.77,0.1,english,1.0,v3,jev-1.13.0,,,,,
gdelt-437c7ada437e,"APM rejects APC campaign allegation , denies plot to vandalise billboards",neutral,0.46,0.95,calm,unclear,0.99,0.28,english,0.98,v3,jev-1.13.0,,,,,
gdelt-3b97bc83d6be,"You have right to leave , but it wont affect our party - Bauchi APC tells defectors",not_about_candidate,0.51,0.04,calm,unclear,0.76,0.75,english,0.95,v3,jev-1.13.0,,,,,
gdelt-600ae81d0e7e,"PDP , APM applaud safe return of abducted Oyo pupils , teachers",not_about_candidate,0.72,0.88,mild,unclear,1.0,0.34,english,0.99,v3,jev-1.13.0,,,,,
gdelt-5d241ee7a463,Insecurity : Nigerians deserve dividends of democracy not carnage  - APM to govt,not_about_candidate,0.28,0.96,strong,unclear,1.0,0.23,english,1.0,v3,jev-1.13.0,,,,,
gdelt-a5ba496feb51,"Bauchi flags off 2026 wet season farming , subsidised fertiliser sales",not_about_candidate,0.9,0.09,calm,unclear,0.57,0.25,english,0.99,v3,jev-1.13.0,,,,,
gdelt-7a356cc0b8cd,Bauchi guber : Tuggar campaign denies endorsing APC candidate,neutral,0.29,0.14,calm,unclear,0.61,0.34,english,0.82,v3,jev-1.13.0,,,,,
gdelt-70cbe73347f9,Tuggar Campaign denies backing Bauchi APC governorship candidate,neutral,0.46,0.1,calm,unclear,0.47,0.34,english,0.99,v3,jev-1.13.0,,,,,
gdelt-3e8ad237e6d8,"APM Says Makinde Can Defeat Tinubu In 2027 , Faults Presidency Criticism",not_about_candidate,0.18,0.92,mild,unclear,1.0,0.49,english,0.99,v3,jev-1.13.0,,,,,
gdelt-986821fd031d,"APM returns Dantalle as national chairman , elects 26 national officers",neutral,0.78,0.91,calm,unclear,0.92,0.1,english,0.96,v3,jev-1.13.0,,,,,
gdelt-53c0bf73d26f,"2027 : Oyo LG , councillorship candidates drag APM to Court",negative,0.4,0.94,calm,unclear,0.96,0.41,english,0.83,v3,jev-1.13.0,,,,,
gdelt-55fe8fd3fd97,APM Challenges Tinubu to Visit Communities Over Economy Clai,negative,0.23,0.94,mild,unclear,1.0,0.35,english,0.98,v3,jev-1.13.0,,,,,
gdelt-8b3df8b57a6d,Oyo guber : Adekanmbi rallies Arewa community support for APM,positive,0.7,0.96,calm,unclear,0.98,0.28,english,0.63,v3,jev-1.13.0,,,,,
gdelt-90627ebef384,Dogara Assures Tinubu 2027 Re - election Victory in Bauchi,not_about_candidate,0.72,0.08,calm,unclear,0.79,0.71,english,0.93,v3,jev-1.13.0,,,,,
gdelt-ab7b99b479e1,APM Seeks International Sanctions Against Officials Undermining Democracy,not_about_candidate,0.24,0.94,mild,unclear,1.0,0.19,english,1.0,v3,jev-1.13.0,,,,,
gdelt-d5f5616e8dd0,"22 - year - old arrested for alleged impersonation , attempted rape in Bauchi",not_about_candidate,1.0,0.02,calm,Bauchi,0.47,0.07,english,1.0,v3,jev-1.13.0,,,,,
gdelt-7a52e6f83c89,"2027 : Rep Oyekunle tasks PDP , APM leaders on unity",neutral,0.56,0.89,calm,unclear,0.99,0.39,english,0.98,v3,jev-1.13.0,,,,,
gdelt-b3f79c872177,"2027 : I Have no Intention to Dump APC for APM – Ex - Tinubu Minister , Adelabu - Latest News In Nigeria , Nigeria News Today , Your Online Nigerian Newspaper",positive,0.43,0.89,calm,unclear,0.99,0.63,english,0.99,v3,jev-1.13.0,,,,,
gdelt-4ca488f7f4e8,Oyo APM denies plot to destroy Alli billboards,positive,0.22,0.93,calm,unclear,0.98,0.37,english,0.87,v3,jev-1.13.0,,,,,
gdelt-e11195b149b2,New Provost To Reposition Bauchi Nursing College,not_about_candidate,0.98,0.08,calm,Bauchi,0.54,0.13,english,1.0,v3,jev-1.13.0,,,,,
gdelt-8f578f0cf080,APM urges FG to account for alleged ₦8 . 8tn off - budget spending,not_about_candidate,0.35,0.95,calm,unclear,1.0,0.17,english,0.97,v3,jev-1.13.0,,,,,
gdelt-8a43a3db228f,Tijaniyya Supreme Council Visits Tinubu After Sheikh Bauchi,not_about_candidate,0.84,0.09,calm,Bauchi,0.71,0.28,english,0.99,v3,jev-1.13.0,,,,,
gdelt-9cf8140bc379,"Police recover stolen motorcycle , vehicle , arrest four suspects in Bauchi",not_about_candidate,0.96,0.03,calm,unclear,0.75,0.08,english,1.0,v3,jev-1.13.0,,,,,
gdelt-5f093d833769,APC Elders Accuse Yari of Backing PRP Guber Candidate in Bauchi – THISDAYLIVE,not_about_candidate,0.52,0.07,moderate,unclear,0.74,0.57,english,0.99,v3,jev-1.13.0,,,,,
gdelt-8bfda5c745de,UBA officer tells court how N1 . 6bn was allegedly transferred from Bauchi treasury,not_about_candidate,0.73,0.06,calm,Bauchi,0.65,0.15,english,0.99,v3,jev-1.13.0,,,,,
gdelt-4b05176359e6,Osun : Adeleke victory signals 2027 upset APM,not_about_candidate,0.27,0.93,calm,unclear,1.0,0.38,english,0.97,v3,jev-1.13.0,,,,,
gdelt-8e456ff3d8f0,"APM faults presidency over attacks on Onaiyekan , Catholic bishops",negative,0.56,0.94,moderate,unclear,0.93,0.41,english,0.94,v3,jev-1.13.0,,,,,
gdelt-b57bbfcf87f3,"Remi Tinubu Distributes Food Items , Cash To Vulnerable Groups In Bauchi",not_about_candidate,0.87,0.05,calm,unclear,0.79,0.52,english,1.0,v3,jev-1.13.0,,,,,
gdelt-61f62d59583d,Bauchi Murder : 40 - Year - Old Arrested for Community Leader D,not_about_candidate,0.63,0.08,calm,unclear,0.93,0.08,english,0.99,v3,jev-1.13.0,,,,,
gdelt-5beab7b47899,"2027 : Haske Resigns From APC , Joins APM As Adamawa Governorship Candidate",neutral,0.47,0.91,calm,unclear,0.99,0.2,english,0.92,v3,jev-1.13.0,,,,,
gdelt-4901a7c56c09,"Gov Bala Mohammed reshuffles Bauchi cabinet , appoints four new commissioners",not_about_candidate,1.0,0.03,calm,unclear,0.62,0.16,english,0.95,v3,jev-1.13.0,,,,,
gdelt-33a76c503328,"APC Bauchi chapter welcomes over 150 , 000 new members",not_about_candidate,0.81,0.04,calm,unclear,0.66,0.73,english,1.0,v3,jev-1.13.0,,,,,
gdelt-f08e4b5d7a7b,Court dismisses N200m rights suit against police in Bauchi,not_about_candidate,0.85,0.08,calm,unclear,0.74,0.11,english,1.0,v3,jev-1.13.0,,,,,
gdelt-c54bc42deabb,"APM Faults FG Subsidy Saving Report , Claims Its N27trn Not N15 . 8trn – THISDAYLIVE",negative,0.31,0.91,calm,unclear,1.0,0.45,english,0.98,v3,jev-1.13.0,,,,,
gdelt-17b9c1476b57,"APM tackles defence minister over claim on insecurity , says terrorism not defeated",negative,0.17,0.95,mild,unclear,1.0,0.27,english,0.96,v3,jev-1.13.0,,,,,
gdelt-7d1249b1e0ca,"2027 : UNICEF , Bauchi Urge Media to Advocate for Increased Public Financing , Accountability for Children Healthcare , Welfare – THISDAYLIVE",not_about_candidate,0.99,0.09,calm,unclear,0.73,0.08,english,1.0,v3,jev-1.13.0,,,,,
gdelt-64746a479579,"Haske joins APM , sets sight on a new Adamawa",neutral,0.43,0.94,calm,unclear,0.94,0.21,english,0.93,v3,jev-1.13.0,,,,,
gdelt-c3b16a617748,Bauchi Police Recommits to Professionalism After Arrests,not_about_candidate,0.87,0.18,calm,unclear,0.59,0.14,english,1.0,v3,jev-1.13.0,,,,,
gdelt-0c54ac1f75de,Nigeria : Over 700 Vulnerable Residents Benefit From Free Medical Outreach in Bauchi Community,not_about_candidate,0.3,0.15,calm,unclear,0.94,0.14,english,1.0,v3,jev-1.13.0,,,,,
gdelt-8a9e97b9a877,NIPSS Urges Bauchi To Harness Creative Economy For Job Creation,not_about_candidate,0.8,0.11,calm,unclear,0.73,0.18,english,1.0,v3,jev-1.13.0,,,,,
gdelt-c9a5388d4677,APM Terminals Rallies Stakeholders to Resolve National Single Window Cargo Clearance Bottlenecks – THISDAYLIVE,not_about_candidate,0.76,0.88,calm,unclear,1.0,0.11,english,1.0,v3,jev-1.13.0,,,,,
gdelt-9db91aedcead,APM Terminals begins construction of $550m Laldia terminal,not_about_candidate,0.51,0.74,calm,unclear,0.81,0.08,english,1.0,v3,jev-1.13.0,,,,,
gdelt-1d4448204653,"APC Bauchi Welcomes Over 150 , 000 New Members Amid Statewide Surge",not_about_candidate,0.58,0.05,mild,unclear,0.71,0.83,english,1.0,v3,jev-1.13.0,,,,,
gdelt-52a7eec58379,"Makinde Growing Popularity Jitters Tinubu , Says APM",not_about_candidate,0.22,0.95,mild,unclear,0.99,0.55,english,0.99,v3,jev-1.13.0,,,,,
gdelt-0234ad8b5422,Police arrest suspected armed robber in Bauchi,not_about_candidate,0.99,0.03,calm,unclear,0.75,0.08,english,1.0,v3,jev-1.13.0,,,,,
gdelt-02262d8af2e2,"2027 Govship : Bauchi APC Deputy Chairman , Others Defect To PRP",not_about_candidate,0.54,0.05,calm,unclear,0.77,0.39,english,0.92,v3,jev-1.13.0,,,,,
gdelt-b81bdc7c0977,"2027 Govship : Bauchi APC Deputy Chairman , Other Party Executives Defect To PRP",not_about_candidate,0.69,0.06,calm,unclear,0.7,0.33,english,0.96,v3,jev-1.13.0,,,,,
gdelt-8221062a8511,Bauchi PRP Confirms Upload Of All 2027 National Assembly Candidates,not_about_candidate,0.5,0.08,calm,unclear,0.69,0.32,english,0.99,v3,jev-1.13.0,,,,,
gdelt-fd93f71aea28,APM demands release of FBI records on Tinubu,neutral,0.1,0.94,calm,unclear,0.98,0.26,english,1.0,v3,jev-1.13.0,,,,,
gdelt-63cb75675494,"Ex - Bauchi Rep Dumps APC for PRP - Latest News In Nigeria , Nigeria News Today , Your Online Nigerian Newspaper",not_about_candidate,0.44,0.07,calm,unclear,0.94,0.2,english,0.99,v3,jev-1.13.0,,,,,
gdelt-3dab732228dd,"Account for subsidy savings , APM tells Tinubu",neutral,0.58,0.93,calm,unclear,1.0,0.35,english,0.94,v3,jev-1.13.0,,,,,
nairaland-336d19b455b6,"Oxygenmayo : Lies everywhere. Sebi him talk say Nigerians are begging him to slow down since all their freezers are freezing. Who did this to us in Nigeria? They think we're dunce. Time would tell. What of his Penkelemess predecessor? https://www.youtube.com/watch?v=Lba6Uf64Ogc And Fashola the bragging bragger Fashola to Nigerians: 'If You Want to Have Stable Electricity Supply, Vote PDP Out in 2015' Jul 11, 2014. Lagos State Governor, Mr. Babatunde Fashola, while marking his 2,600 days in office at an elaborate ceremony held at the Blue Roof of the Lagos Television premises, has said voting out the ruling Peoples Democratic Party (PDP) from power in next year’s general election is the only way the country can have stable electricity. According to The Nation, Fashola said electricity crisis in the country is caused by lack of ideas and insincerity of purpose on the part of Federal Government. ""Yes I agree with you that it is possible to generate electricity and to make sure that everybody in this country has electricity, we have to do the right thing. But you know what, the only way that you and I will have electricity in this country will be to vote out the PDP. https://thenationonlineng.net/only-way-to-have-stable-electricity-is-to-vote-out-pdp-says-fashola/#google_vignette @@@@@@@@@@@@@@@@@@@@@@@@@ pendy79 : Lagos State Governor, Mr. Babatunde Fashola, on Sunday evening boasted that he could provide uninterrupted power supply to Lagos residents between six and eight months. Fashola spoke at the commissioning of 8.5 megawatts Lekki Independent Power Project (IPP), the fifth of such power projects in the last five years in the state. The governor said the addition of the Lekki IPP was a testament to the fact that stable power does not require rocket science to achieve in the country. While challenging power distribution companies in the state, Fashola said, “Let the Eko DISCOs sign a contract with me, giving part of their concessioning to the state government, in about six to eight months, there will be power in all homes in Lagos State,” Fashola said. He added, “So, let no one say that he has no money to deliver power for the entire country. This is the limit to which the law allows us to do, but we have done this to make a statement that power can be generated. So, when they come with lies that power is impossible, you can tell them that we have power here; we make it possible”. The project, courtesy of the state government, in partnership with Heritage Bank, is to serve Lagos State Water Corporations in Lekki Phase 1, Oniru, Victoria Island and Ikoyi, as well as over 25km of public lightening in the Lekki axis. http://dailyindependentnig.com/2015/03/can-provide-stable-power-eight-months-fashola-boasts/",not_about_candidate,0.78,0.04,strong,unclear,1.0,0.45,mixed,0.36,v3,jev-1.13.0,,,,,
nairaland-773e09107b01,"Re: Many Nigerians Still Lack Reliable Electricity Supply – Power Minister by oz4real83 ( m ): 8:38am Racoon : So which were begging you to switch off power that their ""freezers are now freezing"" some days ago?  It is understandable why every govt appointee under this Tinubu's irresponsible regime is a chronic irredeemable pathological liar. . The fish always start rotting from the head. They have made lying an official policy of govt. Hence they forge certificates, forge budgets, forge MDAs or anything forgeable. They breath lies! Small of lies. Ooze stench of lies and have lies genetically engrained in their DNA genome. Nigeria have never seen it this horrible. So sad! Too bad. do you know what alcohol and drugs can do? It can give you different personalities at different occasions, you will even be surprised if some of your statements and actions are replayed to you when you are sober🫪",not_about_candidate,0.72,0.02,very_strong,unclear,1.0,0.43,english,0.98,v3,jev-1.13.0,,,,,
nairaland-03c8c6e2d209,"Racoon : So which were begging you to switch off power that their ""freezers are now freezing"" some days ago?  It is understandable why every govt appointee under this Tinubu's irresponsible regime is a chronic irredeemable pathological liar. . The fish always start rotting from the head. They have made lying an official policy of govt. Hence they forge certificates, forge budgets, forge MDAs or anything forgeable. They breath lies! Small of lies. Ooze stench of lies and have lies genetically engrained in their DNA genome. Nigeria have never seen it this horrible. So sad! Too bad. do you know what alcohol and drugs can do? It can give you different personalities at different occasions, you will even be surprised if some of your statements and actions are replayed to you when you are sober🫪",not_about_candidate,0.79,0.02,very_strong,unclear,1.0,0.47,english,0.98,v3,jev-1.13.0,,,,,
nairaland-beee8465cf25,All these cover up will consume you all and not the country,negative,0.44,0.05,strong,unclear,1.0,0.27,english,0.95,v3,jev-1.13.0,,,,,
nairaland-698b7be3130d,they should just keep quiet and let time pass even though we will never forget nigeria once had a useless president.,not_about_candidate,0.49,0.02,strong,unclear,1.0,0.33,english,1.0,v3,jev-1.13.0,,,,,
nairaland-490698bc9fc2,Lord of lords and King of kings has spoken Hope oya rest because it has been decreed,not_about_candidate,0.7,0.02,strong,unclear,1.0,0.13,mixed,0.72,v3,jev-1.13.0,,,,,
nairaland-b073eb497e26,"Wike,the man who says it the way it is, no matter whose ox is gored.",not_about_candidate,0.68,0.04,moderate,unclear,0.97,0.27,english,0.93,v3,jev-1.13.0,,,,,
nairaland-944f43d1500a,D Igbos should support Wike in dis one....That 4th position governor didn't do well at all....we want him out n disgraced....dis is d only time I'll stand with Wike,not_about_candidate,0.67,0.02,strong,unclear,0.99,0.74,english,0.93,v3,jev-1.13.0,,,,,
nairaland-65cc5cc3beb4,crossbreedwears : Nigerians don't vote during Senate President position Will he not win the senatorial position in his state first and is it not the people that will vote him in before seeking to be the Senate President?,negative,0.54,0.05,mild,unclear,0.99,0.29,english,0.97,v3,jev-1.13.0,,,,,
nairaland-c45188c33c8f,"RichBoy247 : . You will vote, but WE will write the results. Anybody wey wan die, make he troop to the streets, our security agents will be waiting for you I you believe it will last forever?",not_about_candidate,0.53,0.02,very_strong,unclear,1.0,0.36,mixed,0.96,v3,jev-1.13.0,,,,,
nairaland-61145e4e5ea7,I only quoted what Wike said boss. tommykiwi : Will he not win the senatorial position in his state first and is it not the people that will vote him in before seeking to be the Senate President?,not_about_candidate,0.22,0.05,calm,unclear,0.99,0.27,english,0.94,v3,jev-1.13.0,,,,,
nairaland-d4c0703a4ae3,"Sugarboyy : He wasn't governor then and the Esans then went for Asue instead of Okpebholo. He is currently running an Esan agenda and he is massively developing Esan land. I'm from Uromi and I was at Uromi for the election on behalf of APC during the last senatorial election between Ikpea and Okojie and I can tell you that the whole of Esan land is currently under the grip of Okpebholo. The only problem in esanland currently is Yakubu who is on the ballot for senate under the NDC Who is Yakubu? With the appointment of Abu millionaire as coordinator of Edo north elections, the north is settled. One Thomas okosun was appointed for the central, I don't know him... I also noticed that after the Guber polls, APC have dominated Edo polls",negative,0.66,0.2,moderate,unclear,1.0,0.91,english,0.99,v3,jev-1.13.0,,,,,
nairaland-49a24ffc4b0e,This Wike man is over doing I think it's high time I call officer Yerima to put him in his place 😂😂,negative,0.6,0.03,moderate,unclear,0.87,0.35,english,0.69,v3,jev-1.13.0,,,,,
nairaland-a476e0a68a92,"Ofcourse you have to be against it. Are you not Fulani again. Anyway, State Police has come to stay whether you are for it or not.",not_about_candidate,0.62,0.03,strong,unclear,0.99,0.25,english,0.96,v3,jev-1.13.0,,,,,
nairaland-611af5bf3ea9,Isn't it funny how non Obidients wouldn't want to talk about the US linking Kwankwaso to the terrorism?,not_about_candidate,0.34,0.04,moderate,unclear,0.95,0.49,english,0.92,v3,jev-1.13.0,,,,,
nairaland-8104ccc9a881,"greatiyk4u : At the bolded, have you finally accepted reality? His submission is clear, the failure of the police and inability of the President to accept responsibility is the issue not State police and all that The President is responsible for your own failure indeed. Why u no go join the Nigerian police force, abi u no be Nigerian citizen.",negative,0.56,0.05,strong,unclear,0.99,0.38,mixed,0.53,v3,jev-1.13.0,,,,,
nairaland-ee4b3e3acd74,"SonOfDSoil01 : okay, unfortunately for you there is nothing you can do to Change that so your opinion is highly inconsequential. Obi has picked someone that is greater than him as vice president. No one can convince me that kwakwaso has respect for Obi. Kwakwaso is not on the same page with Obi and obidients would soon know who their VP is.",not_about_candidate,0.49,0.02,strong,unclear,0.95,0.32,english,0.93,v3,jev-1.13.0,,,,,
nairaland-a38b967fda72,Tareq1105 : Obi has picked someone that is greater than him as vice president. No one can convince me that kwakwaso has respect for Obi . Only Obidient Clowns loyal to the circus with tears in their ears even imagine that Dickson & Kwakwanso believe that the Apga Judas will win the general election & carry them along in his one term mandate.,not_about_candidate,0.75,0.02,strong,unclear,0.98,0.5,english,0.95,v3,jev-1.13.0,,,,,
nairaland-264e4c38a0d9,All northern candidates are too afraid of change just to continue to enslave other parts of the country. Play dirty politics to cajole unsuspecting voters and let there be option to freely exit Nigeria if there is a reversal of solutions driven policies,not_about_candidate,0.49,0.03,very_strong,unclear,1.0,0.37,english,1.0,v3,jev-1.13.0,,,,,
nairaland-dcc70a3f7bc1,He did not state why. So what the fuse,not_about_candidate,0.34,0.04,mild,unclear,1.0,0.16,english,0.91,v3,jev-1.13.0,,,,,
nairaland-2b7a7c5b9ff4,"SlahJoe : If he can support hisbah police, to me he's speaking from both sides of his mouth He supported hisbah but he doesn't support state police. NDC would take Nigeria back. NDC would not near presidency.",negative,0.6,0.03,strong,unclear,0.98,0.31,english,0.36,v3,jev-1.13.0,,,,,
nairaland-79ccbe0d78b2,"Me too, sincerely",not_about_candidate,0.63,0.04,mild,unclear,1.0,0.12,english,1.0,v3,jev-1.13.0,,,,,
nairaland-9b093fe2a95d,"favor914 : The President is responsible for your own failure indeed. Why u no go join the Nigerian police force, abi u no be Nigerian citizen. Do you know the work I do? Be careful",negative,0.59,0.02,strong,unclear,1.0,0.28,mixed,0.7,v3,jev-1.13.0,,,,,
nairaland-ee7cd13ca07d,"duro4chang : We know you now. We know your plan. To take over the country using terrorists But wait oo, why kidnapping news now reduce as elections campaign started? But this political class can do anything to distrupt any government not favorable to them",not_about_candidate,0.5,0.03,strong,unclear,1.0,0.37,english,0.69,v3,jev-1.13.0,,,,,
nairaland-b6337ec659e2,"greatiyk4u : Do you know the work I do ? Be careful U dey work for NUPENG, Why u no go join police? Yet u get mouth to dey abuse your president abi .",not_about_candidate,0.71,0.02,strong,unclear,1.0,0.53,mixed,0.78,v3,jev-1.13.0,,,,,
nairaland-e4b3007a1546,Tareq1105 : Obi has picked someone that is greater than him as vice president. No one can convince me that kwakwaso has respect for Obi. Kwakwaso is not on the same page with Obi and obidients would soon know who their VP is. 🤣🤣🤣🤣🤣 Obi is a boy………he don go carry wetin big pass am,not_about_candidate,0.66,0.03,strong,unclear,0.96,0.35,mixed,0.7,v3,jev-1.13.0,,,,,
nairaland-3f60056d0acd,"This alone, is enough to vote NDC. These jobless state Governors will so use state police to intimidate the citizenry. Properly equip the police, they can do better.",not_about_candidate,0.66,0.02,strong,unclear,1.0,0.37,english,0.99,v3,jev-1.13.0,,,,,
nairaland-4cfaab603f20,favor914 : Exact same words verbatim LagosOrigin used. So what are you insinuating?,not_about_candidate,0.5,0.03,moderate,unclear,1.0,0.22,english,0.97,v3,jev-1.13.0,,,,,
nairaland-d13fbe3288ad,"Mr Kwankwanso, you support hisbah police but you do not support state police, is God not wonderful? When Hisbah police go to destroy people's businesses and goods considered legal under the Nigerian constitution, the Governor is not misusing Hisbah abi!",not_about_candidate,0.55,0.03,strong,unclear,0.91,0.33,mixed,0.75,v3,jev-1.13.0,,,,,
nairaland-7003089b0c8a,greatiyk4u : So what are you insinuating? That both of u are not Nigerians.,negative,0.65,0.05,moderate,unclear,1.0,0.2,english,0.97,v3,jev-1.13.0,,,,,
nairaland-19a8d37c02fb,"Wickedfacts : You wey police nearly jail a few years ago? You dey beg police offline but online, you dey make mouth. No mind that greatiyk4u.",negative,0.67,0.06,strong,unclear,0.99,0.22,mixed,0.68,v3,jev-1.13.0,,,,,
nairaland-531b29012ab5,"boxypane : This alone, is enough to vote NDC . These jobless state Governors will so use state police to intimidate the citizenry. Properly equip the police, they can do better. Is It Kwakwanso Personal position, or the position of the party.",not_about_candidate,0.67,0.03,strong,unclear,0.99,0.4,english,0.79,v3,jev-1.13.0,,,,,
nairaland-b39a96f4b224,"So, what is his own proposed solution? Or, should the country continue in a state of insecurity because you don’t agree with a proposal but current solution has also failed. All developed countries that have a sizeable population, even less than Nigeria have Federal, State & Municipal police departments. If your state does not want state police or improve the security of your state, then don’t implement it but let states serious about their people and their security implement it for their own states.",not_about_candidate,0.4,0.04,strong,unclear,1.0,0.22,english,1.0,v3,jev-1.13.0,,,,,
nairaland-e4b3475db501,"Kukutente23 : Stop deceiving yourselves How will state police succeed where federal police failed Are you saying state police will be better trained and equipped Stop building castle in the air The fact that in your state and your region, your failed leaders cannot manage law enforcement and administration of justice does not mean others suffer the same misfortune. Go and check the effectiveness of KAROTA vs FRSC in Kano, LASTMA vs FRSC in Lagos and TRACE vs FRSC in Ogun.",not_about_candidate,0.51,0.02,strong,unclear,1.0,0.18,english,0.83,v3,jev-1.13.0,,,,,
nairaland-b464652176be,"omenka : Since this man started associating with Gringori and the Mob, he's been misfiring from all cylinders. Find out why state police was abolished in your country. It was enforced before, find out why it failed and with the crop of politicians we have now, I'm most sure of this would change what happened in the past.",not_about_candidate,0.7,0.02,strong,unclear,0.99,0.18,english,0.91,v3,jev-1.13.0,,,,,
nairaland-14b9f0d9d40a,Those of you in support of state police will eventually know what a police state is like. Brace up! A wicked hurricane in coming!,not_about_candidate,0.74,0.02,strong,unclear,1.0,0.16,english,1.0,v3,jev-1.13.0,,,,,
nairaland-401a1629778c,"Jakpon : Kwankwanso was the Governor of Kano who introduced Sharia Law and Hisbah(Islamic Police) to the State. This same Kwankwanso is opposed to State Police whereas his principal, Peter Obi once said he is in support of it. . You this man, that bleached AdaObi picture wey you post, shey you go enter Heaven like this? AdaObi come be like Uzodinma wey Wike go beat up anytime the two of them meet for road",not_about_candidate,0.63,0.03,strong,unclear,0.97,0.6,mixed,0.91,v3,jev-1.13.0,,,,,
nairaland-296102de44af,"Wickedfacts : The fact that in your state and your region, your failed leaders cannot manage law enforcement and administration of justice does not mean others suffer the same misfortune. Go and check the effectiveness of KAROTA vs FRSC in Kano, LASTMA vs FRSC in Lagos and TRACE vs FRSC in Ogun. It is a testament to you intelligence level that you're comparing traffic management with insecurity",not_about_candidate,0.78,0.02,strong,unclear,1.0,0.3,english,0.92,v3,jev-1.13.0,,,,,
nairaland-2083a1d44a1b,[ baba dey cap dust abeg. This one na make e no be like say him no talk anything. At all at all na him bad pass. Anywaysss..... he's asking for reconciliation with abba gida gida of kano and so far the kano indigenes I've interviewed don't think he has as much relevance again compared to abbaquote author=tishbite41 post=140717148]Kwankwaso just dey cap anyhow o [/quote],not_about_candidate,0.45,0.03,strong,unclear,0.9,0.41,mixed,0.97,v3,jev-1.13.0,,,,,
nairaland-af13e65b8dbd,Obedient and Obi supporters see your life They are exposing themselves .... Another psuedo Buhari in the making,negative,0.71,0.04,strong,unclear,0.98,0.57,english,0.82,v3,jev-1.13.0,,,,,
nairaland-e4d31619f3ad,Re: I Am Against State Police — Kwankwaso by GUNITGuy : 12:01am mastermaestro : Those of you in support of state police will eventually know what a police state is like. Brace up! A wicked hurricane in coming! Better a stats police were you can control your security and relinquishing your security to strangers who are accomplice to crime as it's done in Benue and Jos ....Just imagined it just 2percent of Berom men or idoma  are armed to secure their Territory let me see which Fulani supporter of APC would fly,not_about_candidate,0.73,0.02,very_strong,unclear,0.99,0.49,english,0.95,v3,jev-1.13.0,,,,,
nairaland-180b94b8c2bf,"Re: I Am Against State Police — Kwankwaso by vRendoh ( m ): 12:18am The dog and pig were never made to be friends if not for desperacy. The ideologies completely opposite. No to state police?! Ahh, na wao",negative,0.49,0.05,moderate,unclear,0.97,0.38,mixed,0.88,v3,jev-1.13.0,,,,,
nairaland-d85ae9cc96d7,"The dog and pig were never made to be friends if not for desperacy. The ideologies completely opposite. No to state police?! Ahh, na wao",not_about_candidate,0.38,0.04,moderate,unclear,0.99,0.22,mixed,0.83,v3,jev-1.13.0,,,,,
nairaland-0909c4b9dea4,Re: I Am Against State Police — Kwankwaso by LordIsaac ( m ): 12:58am One Nijeriya has spoken!,not_about_candidate,0.51,0.05,strong,unclear,0.98,0.31,english,0.77,v3,jev-1.13.0,,,,,
nairaland-c9a1652a3eea,One Nijeriya has spoken!,not_about_candidate,0.42,0.07,strong,unclear,0.99,0.27,english,0.78,v3,jev-1.13.0,,,,,
nairaland-821719cd4f61,"Re: I Am Against State Police — Kwankwaso by Greattha : 3:49am * . Modified: 4:25am Pseudo-intellectuals-Na wa o...someone gave his personal opinion,  you twisted it to be his party's opinion... Aside from storming the forest (which we all know is a lie...much like your oga promised security, cheap fuel and steady power supply only for killings to skyrocket, nigerians buying fuel at 1.4k+/L etc by the way) ....what has this one you support done differently on this your list...but nooooo...na gringory be una problem.🤡.. O boy, una no suppose dey campaign at all cos y'all have nufin to offer. Not a fan of the guy but It seems gringory is and will always be your worst nightmare omenka : I won't be surprised if Obidients begin to accuse him of working for Tinubu. Here are what the NDC candidates have promised to do so far: 1. Gringori says he'd personally storm any forest in the country and rescue kidnap victims, commando style, within three days of their abduction. He says he doesn't care if there are casualties, but some would be rescued nonetheless. 2. Gringori said he'd negotiate with terrorists to bring an end to insecurity. 3. Kwankwaso says the party is against state police. Ladies and gentlemen, behold one of the presidential contestants. 👏",not_about_candidate,0.79,0.02,strong,unclear,0.99,0.44,mixed,0.91,v3,jev-1.13.0,,,,,
nairaland-4b67fc2ef0cc,"Re: I Am Against State Police — Kwankwaso by TokoEkambi : 4:19am This is from a clown that had hisbah working under him. These lot are never serious. But he's deputising their messiah, so he's a hero (to them).",negative,0.53,0.05,strong,unclear,0.92,0.39,english,0.72,v3,jev-1.13.0,,,,,
nairaland-731e95579276,Re: I Am Against State Police — Kwankwaso by zoedew : 5:41am * . Modified: 6:05am omenka : https://www.instagram.com/p/DdmP-0ns7Dv/?stkn=aa2h2bXlycjN3bjA5. But this is what he said in 2023- “ https://www.nairaland.com/7431968/2023-open-restructuring-state-police#118369324 ”. Now very clear that Kwaks is very unstable and lacks capacity to rule Nigeria. He cannot appreciate that Nigeria cannot be effectively policed by a Unitary police force. He just blew 2031!,not_about_candidate,0.66,0.03,strong,unclear,0.99,0.45,english,0.92,v3,jev-1.13.0,,,,,
nairaland-61a50d40d6fc,omenka : https://www.instagram.com/p/DdmP-0ns7Dv/?stkn=aa2h2bXlycjN3bjA5. But this is what he said in 2023- “ https://www.nairaland.com/7431968/2023-open-restructuring-state-police#118369324 ”. Now very clear that Kwaks is very unstable and lacks capacity to rule Nigeria. He cannot appreciate that Nigeria cannot be effectively policed by a Unitary police force. He just blew 2031!,not_about_candidate,0.52,0.04,strong,unclear,1.0,0.36,english,0.94,v3,jev-1.13.0,,,,,
nairaland-bd2cd417b4e1,omenka : https://www.instagram.com/p/DdmP-0ns7Dv/?stkn=aa2h2bXlycjN3bjA5. Hmn... Hoebeedients in dilemma They will now struggle to justify the contradictions between obi and Kwankwanso. This is wonderful 😊 Tinubu till 2031.,not_about_candidate,0.4,0.04,moderate,unclear,0.95,0.75,mixed,0.81,v3,jev-1.13.0,,,,,
nairaland-301fdbfa4072,Re: I Am Against State Police — Kwankwaso by Codes151 ( m ): 6:07am Because they know they are part of the terrorists,negative,0.38,0.04,strong,unclear,0.98,0.38,english,0.98,v3,jev-1.13.0,,,,,
nairaland-2ceb2603f6b3,Because they know they are part of the terrorists,negative,0.41,0.06,strong,unclear,1.0,0.22,english,1.0,v3,jev-1.13.0,,,,,
nairaland-c080cfcaff74,Re: I Am Against State Police — Kwankwaso by Parachoko : 6:23am Greattha : So Shetima that you support and buhari you supported aren't  advocating fulani supremacy right? 🤡🤡🤡...Oloorun 🤡 Is Shettima a Fulani Man? Una go just dey disgrace unaself with Una ignorant comment,not_about_candidate,0.65,0.03,strong,unclear,0.94,0.61,mixed,0.91,v3,jev-1.13.0,,,,,
nairaland-f46e3b9f0531,Greattha : So Shetima that you support and buhari you supported aren't  advocating fulani supremacy right? 🤡🤡🤡...Oloorun 🤡 Is Shettima a Fulani Man? Una go just dey disgrace unaself with Una ignorant comment,not_about_candidate,0.7,0.02,strong,unclear,0.94,0.46,mixed,0.89,v3,jev-1.13.0,,,,,
nairaland-4906abc815f2,"Re: I Am Against State Police — Kwankwaso by Hellisreal70 : 6:27am With this statement it is like this man is a weapon fashioned against our man. Well,  just speaking as a southern Christian.",negative,0.17,0.04,strong,unclear,0.98,0.46,english,0.99,v3,jev-1.13.0,,,,,
nairaland-da5f7ae2fff7,"With this statement it is like this man is a weapon fashioned against our man. Well,  just speaking as a southern Christian.",negative,0.78,0.04,strong,unclear,1.0,0.25,english,1.0,v3,jev-1.13.0,,,,,
nairaland-6fde09a33dfa,Re: I Am Against State Police — Kwankwaso by Raf4 : 6:32am But you support hisbah police with full chest..... we're taking notes 📝,negative,0.4,0.04,strong,unclear,0.96,0.38,english,0.75,v3,jev-1.13.0,,,,,
nairaland-ef20976ca1dc,But you support hisbah police with full chest..... we're taking notes 📝,negative,0.51,0.05,strong,unclear,0.98,0.29,english,0.68,v3,jev-1.13.0,,,,,
nairaland-073e20f99975,Re: I Am Against State Police — Kwankwaso by zoedew : 6:40am Parachoko : Is Shettima a Fulani Man? Una go just dey disgrace unaself with Una ignorant comment You are correct!! Too many Nigerians for comfort who  do not read!,not_about_candidate,0.62,0.04,strong,unclear,0.94,0.4,mixed,0.88,v3,jev-1.13.0,,,,,
nairaland-bd97d706b127,Parachoko : Is Shettima a Fulani Man? Una go just dey disgrace unaself with Una ignorant comment You are correct!! Too many Nigerians for comfort who  do not read!,not_about_candidate,0.69,0.03,strong,unclear,0.92,0.2,mixed,0.82,v3,jev-1.13.0,,,,,
nairaland-1596c932df68,"Re: I Am Against State Police — Kwankwaso by dederocs ( m ): 6:41am Abokii na aboki, bad",negative,0.34,0.04,mild,unclear,0.96,0.32,mixed,0.69,v3,jev-1.13.0,,,,,
nairaland-05196cdb60aa,"Abokii na aboki, bad",negative,0.38,0.04,mild,unclear,0.98,0.26,mixed,0.54,v3,jev-1.13.0,,,,,
nairaland-ca6854cb5a12,"Hellisreal70 : With this statement it is like this man is a weapon fashioned against our man. Well,  just speaking as a southern Christian. Peter Obi is his own worst enemy not Kwaks! Peter Obi, out of desperation, for the Presidency is in bed with an alleged terrorist who, on one hand stands for Hisbah Police for the advancement of Islam while on the other hand now opposes State Police meant to assure security for the ordinary Nigerian.",not_about_candidate,0.59,0.03,strong,unclear,0.98,0.75,english,0.94,v3,jev-1.13.0,,,,,
nairaland-0a36e6644196,"Re: I Am Against State Police — Kwankwaso by greatiyk4u ( m ): 6:46am Wickedfacts : You wey police nearly jail a few years ago? Police dey slap you and you dey beg, you dey beg police offline. But online, you dey make mouth. That was 11 years ago as an undergraduate,......thanks for reminding me, going forward it's my time to revenge",not_about_candidate,0.38,0.04,strong,unclear,0.98,0.34,mixed,0.95,v3,jev-1.13.0,,,,,
nairaland-fcc8db60f2b1,"Wickedfacts : You wey police nearly jail a few years ago? Police dey slap you and you dey beg, you dey beg police offline. But online, you dey make mouth. That was 11 years ago as an undergraduate,......thanks for reminding me, going forward it's my time to revenge",not_about_candidate,0.46,0.04,strong,unclear,1.0,0.09,mixed,0.77,v3,jev-1.13.0,,,,,
nairaland-dd72a8cf9e62,Re: I Am Against State Police — Kwankwaso by Tilewizy : 6:51am omenka : https://www.instagram.com/p/DdmP-0ns7Dv/?stkn=aa2h2bXlycjN3bjA5. I'm not sure he is reasoning well,negative,0.52,0.06,mild,unclear,0.98,0.33,english,0.63,v3,jev-1.13.0,,,,,
nairaland-22082798f22e,omenka : https://www.instagram.com/p/DdmP-0ns7Dv/?stkn=aa2h2bXlycjN3bjA5. I'm not sure he is reasoning well,negative,0.67,0.1,mild,unclear,1.0,0.3,english,0.91,v3,jev-1.13.0,,,,,
nairaland-b0acb632da00,"Re: I Am Against State Police — Kwankwaso by Greattha : 7:11am * . Modified: 7:50am Pele o choko ignorant🤡...Wether Kanuri, werher Yoruba,Igbo or hausa...as long as you're a terrorist apologist, you advocate fulani supremacy. Parachoko : Is Shettima a Fulani Man? Una go just dey disgrace unaself with Una ignorant comment",not_about_candidate,0.59,0.03,strong,unclear,0.97,0.38,mixed,0.93,v3,jev-1.13.0,,,,,
nairaland-d0a761b360d6,"Pele o choko ignorant🤡...Wether Kanuri, werher Yoruba,Igbo or hausa...as long as you're a terrorist apologist, you advocate fulani supremacy. Parachoko : Is Shettima a Fulani Man? Una go just dey disgrace unaself with Una ignorant comment",not_about_candidate,0.55,0.03,very_strong,unclear,0.93,0.21,mixed,0.91,v3,jev-1.13.0,,,,,
nairaland-8946bf3461fe,"Re: I Am Against State Police — Kwankwaso by Mrexcell ( m ): 7:16am seunmsg : It would have been a wonder of the world if a major backer of fulani supremacy and insurgency is in support of a policing system that will stop violent Islamic and land grabbing terrorists from killing and displacing Christian farmers and families in the north central. Sadly, this is the character Peter Obi has decided to align with against the Northern Christian people who voted for him in 2023. The betrayal couldn't even be louder. What about ur tinibu that choosed a known bokoharam supporter as his vice?",not_about_candidate,0.69,0.03,very_strong,unclear,0.99,0.57,english,0.44,v3,jev-1.13.0,,,,,
nairaland-04455abcc1b8,"seunmsg : It would have been a wonder of the world if a major backer of fulani supremacy and insurgency is in support of a policing system that will stop violent Islamic and land grabbing terrorists from killing and displacing Christian farmers and families in the north central. Sadly, this is the character Peter Obi has decided to align with against the Northern Christian people who voted for him in 2023. The betrayal couldn't even be louder. What about ur tinibu that choosed a known bokoharam supporter as his vice?",not_about_candidate,0.73,0.02,very_strong,unclear,0.99,0.53,english,0.67,v3,jev-1.13.0,,,,,
nairaland-114d1984d37b,"Re: I Am Against State Police — Kwankwaso by commoditiesnig ( m ): 7:19am What a ridiculous comment omenka : Since this man started associating with Gringori and the Mob, he's been misfiring from all cylinders. Lol 😂 I tire o",negative,0.41,0.03,strong,unclear,0.97,0.46,english,0.55,v3,jev-1.13.0,,,,,
nairaland-386bd8c6334b,"Re: I Am Against State Police — Kwankwaso by Jd10k ( m ): 7:59am Lastmankc : What about your drug lord that is an acting president in France what a great achievement for a Nigeria president to be acting president in France. for your information China president, Russian president, south Africa and Egypt president are not in the disUNITED NATION MEETING.",not_about_candidate,0.6,0.03,strong,unclear,0.99,0.48,english,0.95,v3,jev-1.13.0,,,,,
nairaland-6b430f50e6be,"Lastmankc : What about your drug lord that is an acting president in France what a great achievement for a Nigeria president to be acting president in France. for your information China president, Russian president, south Africa and Egypt president are not in the disUNITED NATION MEETING.",not_about_candidate,0.52,0.02,strong,unclear,1.0,0.44,english,0.97,v3,jev-1.13.0,,,,,
nairaland-d0682e412598,"Akpakomiza2 : Omar Suleiman is not going anywhere in Adamawa, Haske has left to apm Haske leaving APC to defect to APM is a big problem for the APC gubernatorial candidate.",not_about_candidate,0.15,0.93,moderate,unclear,0.99,0.59,english,0.33,v3,jev-1.13.0,,,,,
nairaland-0e04f85ac8bf,"Penguin2 : Or maybe new facts are now available to him that has nullified his previous position which is what informed his current decision. You like to doubt it, but Obi is Nigeria’s next president. A circus stage performer you are",not_about_candidate,0.47,0.03,strong,unclear,0.99,0.49,english,0.99,v3,jev-1.13.0,,,,,
nairaland-a528b9bb73e2,"Re: NDC delegates Babachir Lawal to oversee activities in NE & NC zones (vid) by Akpakomiza2 : 12:14am AMINDA : Haske leaving APC to defect to APM is a big problem for the APC gubernatorial candidate. Which problem? APC is overloaded. ADC in Adamawa is empty, they where begging for Haske",not_about_candidate,0.24,0.89,moderate,unclear,0.96,0.65,mixed,0.48,v3,jev-1.13.0,,,,,
nairaland-e9b731d7d23b,"AMINDA : Haske leaving APC to defect to APM is a big problem for the APC gubernatorial candidate. Which problem? APC is overloaded. ADC in Adamawa is empty, they where begging for Haske",positive,0.12,0.91,moderate,unclear,0.99,0.56,english,0.46,v3,jev-1.13.0,,,,,
nairaland-304748d840b7,"Re: NDC delegates Babachir Lawal to oversee activities in NE & NC zones (vid) by Moneybadger : 1:54am Exousiang01 : Person wer just enter. Someone just entered and you hand over the structures of two Geopolitical zones to him in less than 24hrs. Na wa oh Na script them dey play na, obi go learn for the last episode",not_about_candidate,0.47,0.02,strong,unclear,0.96,0.31,mixed,0.9,v3,jev-1.13.0,,,,,
nairaland-d6df81769ace,"Exousiang01 : Person wer just enter. Someone just entered and you hand over the structures of two Geopolitical zones to him in less than 24hrs. Na wa oh Na script them dey play na, obi go learn for the last episode",negative,0.37,0.03,strong,unclear,1.0,0.29,mixed,0.88,v3,jev-1.13.0,,,,,
nairaland-697987e6db34,Re: NDC delegates Babachir Lawal to oversee activities in NE & NC zones (vid) by georgeakins : 5:23am Basic123 : JUST LIKE THAT KWANKWASO AND BABACHIR LAWAL are now Obidients heroes There was a time when MALAMI and EL RUFAI were there pillars of support That movement represents nothing! Obidence represents CONFUSION! and DELUSION!,not_about_candidate,0.77,0.02,very_strong,unclear,0.97,0.51,english,0.94,v3,jev-1.13.0,,,,,
nairaland-fc5365c30028,Basic123 : JUST LIKE THAT KWANKWASO AND BABACHIR LAWAL are now Obidients heroes There was a time when MALAMI and EL RUFAI were there pillars of support That movement represents nothing! Obidence represents CONFUSION! and DELUSION!,not_about_candidate,0.59,0.02,very_strong,unclear,0.91,0.5,english,0.79,v3,jev-1.13.0,,,,,
nairaland-27b4883df635,"Re: NDC delegates Babachir Lawal to oversee activities in NE & NC zones (vid) by Penguin2 ( op ): 6:22am Tareq1105 : Obidients are celebrating Babachir lawal, a man that has never contested any election in his life talk less of winning. What's the electoral value of babachir lawal? What is the electoral value of the Isaac Balami that you lots were celebrating the other day?",not_about_candidate,0.68,0.02,moderate,unclear,0.95,0.4,english,0.95,v3,jev-1.13.0,,,,,
nairaland-989fecfe4aeb,"Tareq1105 : Obidients are celebrating Babachir lawal, a man that has never contested any election in his life talk less of winning. What's the electoral value of babachir lawal? What is the electoral value of the Isaac Balami that you lots were celebrating the other day?",not_about_candidate,0.57,0.02,strong,unclear,0.82,0.44,english,0.93,v3,jev-1.13.0,,,,,
nairaland-e63a8787db6d,Re: NDC delegates Babachir Lawal to oversee activities in NE & NC zones (vid) by silibaba : 6:49am Why are you not talking about Akitu who came 2nd in last election. Rather you all are scared of a man you claimed came distant third. Im am beginningto believe Obi won previous election. . Akerele44 : Did u want to hear the bitter truth Dickson and babachir lawal knew obi can’t win so they want to gv Tinubu soft landing 😂 that’s just the bitter truth,not_about_candidate,0.74,0.02,strong,unclear,0.97,0.71,english,0.94,v3,jev-1.13.0,,,,,
nairaland-ed96e31993a1,Why are you not talking about Akitu who came 2nd in last election. Rather you all are scared of a man you claimed came distant third. Im am beginningto believe Obi won previous election. . Akerele44 : Did u want to hear the bitter truth Dickson and babachir lawal knew obi can’t win so they want to gv Tinubu soft landing 😂 that’s just the bitter truth,not_about_candidate,0.66,0.03,strong,unclear,0.98,0.68,english,0.93,v3,jev-1.13.0,,,,,
nairaland-238b54866f7f,"Re: A Generation Born And Raised Under Democracy, Left With No Opportunity by Fiscus105 ( m ): 6:34am * . Modified: 7:48am What pain me most is the people, who currently occupied the highest office today, they said all sorts of bad things against military, and promised heaven and earth for citizens if they ever get to the office. Even after enthronement of democracy, they kept attacking every govt in power from opposition, telling people every sweet story they wanted to hear, just to endear people to themselves. Only to occupy the position and become tyrant and slave Master. Anyway, I warned those who  were his die-hard supporters them, this type of person you are supporting, would come back to hurt you, lo and behold, he started showing his colors from very first day in office.",not_about_candidate,0.39,0.02,strong,unclear,1.0,0.32,english,0.99,v3,jev-1.13.0,,,,,
nairaland-124096ab0e60,"What pain me most is the people, who currently occupied the highest office today, they said all sorts of bad things against military, and promised heaven and earth for citizens if they ever get to the office. Even after enthronement of democracy, they kept attacking every govt in power from opposition, telling people every sweet story they wanted to hear, just to endear people to themselves. Only to occupy the position and become tyrant and slave Master. Anyway, I warned those who  were his die-hard supporters them, this type of person you are supporting, would come back to hurt you, lo and behold, he started showing his colors from very first day in office.",not_about_candidate,0.43,0.03,strong,unclear,1.0,0.28,english,0.99,v3,jev-1.13.0,,,,,
nairaland-8fae23247498,"Re: A Generation Born And Raised Under Democracy, Left With No Opportunity by greatiyk4u ( m ): 6:43am favor914 : This Obidient, why are u like this na . We trying to inform the public that a better Nigeria is still POssible if we accept to be OK",not_about_candidate,0.72,0.03,strong,unclear,1.0,0.23,english,0.48,v3,jev-1.13.0,,,,,
nairaland-7be364bbbc78,"favor914 : This Obidient, why are u like this na . We trying to inform the public that a better Nigeria is still POssible if we accept to be OK",not_about_candidate,0.34,0.05,moderate,unclear,1.0,0.26,mixed,0.61,v3,jev-1.13.0,,,,,
nairaland-979fd133ef16,"Re: A Generation Born And Raised Under Democracy, Left With No Opportunity by Oracleee : 6:55am madridguy : The political elite then convert them into praise singers and data boys, giving them occasional N5,000 to N50,000 after destroying their capacity to earn N200,000 to N1 million regularly, and label it empowerment. You don finally see your standing?  Call helinues hachenoire richtaiwo salewa97 freestuffng yarimo Burop charlescng etc join body.",not_about_candidate,0.79,0.02,very_strong,unclear,1.0,0.19,english,0.6,v3,jev-1.13.0,,,,,
nairaland-dbc75c15285a,"madridguy : The political elite then convert them into praise singers and data boys, giving them occasional N5,000 to N50,000 after destroying their capacity to earn N200,000 to N1 million regularly, and label it empowerment. You don finally see your standing?  Call helinues hachenoire richtaiwo salewa97 freestuffng yarimo Burop charlescng etc join body.",not_about_candidate,0.62,0.02,very_strong,unclear,1.0,0.22,english,0.48,v3,jev-1.13.0,,,,,
nairaland-67e8da0e6898,"Re: A Generation Born And Raised Under Democracy, Left With No Opportunity by madridguy ( m ): 6:58am I dey boss... You abandoned us on Nairaland TonyeBarcanista : Sadly, this is the reality Boss, longest time",not_about_candidate,0.58,0.03,moderate,unclear,1.0,0.15,mixed,0.58,v3,jev-1.13.0,,,,,
nairaland-abba150a2936,"I dey boss... You abandoned us on Nairaland TonyeBarcanista : Sadly, this is the reality Boss, longest time",not_about_candidate,0.45,0.03,moderate,unclear,1.0,0.12,mixed,0.35,v3,jev-1.13.0,,,,,
nairaland-0a02d8632b2e,"Re: A Generation Born And Raised Under Democracy, Left With No Opportunity by Rayjay45 : 7:08am Eba50 : I dey always,talk am sat obasanjo is the only president we ever had You have no idea the atrocities and human rights abuses exhibited by security forces during your beloved OBJ's reign - especially as a military head of state. No let BaeU and his olodo uprising fool you o. Go get some good history books, bro. It would do you a whole world of good.",negative,0.41,0.04,strong,unclear,0.96,0.54,mixed,0.69,v3,jev-1.13.0,,,,,
nairaland-1bdfff89e7da,"Eba50 : I dey always,talk am sat obasanjo is the only president we ever had You have no idea the atrocities and human rights abuses exhibited by security forces during your beloved OBJ's reign - especially as a military head of state. No let BaeU and his olodo uprising fool you o. Go get some good history books, bro. It would do you a whole world of good.",not_about_candidate,0.36,0.02,strong,unclear,0.91,0.44,mixed,0.34,v3,jev-1.13.0,,,,,
nairaland-1fa945d01bde,"My Oga, I no fit abandon Nairaland. It remains my political hub. I’ve just been preoccupied with certain political activities, especially the CDA project. Nigeria needs a viable alternative and a new direction, so I have been jumping from one thing to another in order to actualize the vision. madridguy : I dey boss... You abandoned us on Nairaland",not_about_candidate,0.78,0.04,moderate,unclear,1.0,0.16,mixed,0.65,v3,jev-1.13.0,,,,,
nairaland-2983a706ad5d,"Re: A Generation Born And Raised Under Democracy, Left With No Opportunity by Didi2d ( m ): 7:36am Rayjay45 : You have no idea the atrocities and human rights abuses exhibited by security forces during your beloved OBJ's reign - especially as a military head of state. No let BaeU and his olodo uprising fool you o. Go get some good history books, bro. It would do you a whole world of good. Person wey talk for him book, say accept say him steal but him vice steal pass am. Is that not enough evidence",not_about_candidate,0.34,0.02,strong,unclear,0.82,0.4,mixed,0.84,v3,jev-1.13.0,,,,,
nairaland-195259b299b5,"Rayjay45 : You have no idea the atrocities and human rights abuses exhibited by security forces during your beloved OBJ's reign - especially as a military head of state. No let BaeU and his olodo uprising fool you o. Go get some good history books, bro. It would do you a whole world of good. Person wey talk for him book, say accept say him steal but him vice steal pass am. Is that not enough evidence",negative,0.46,0.03,strong,unclear,0.77,0.35,mixed,0.8,v3,jev-1.13.0,,,,,
nairaland-f6dc8d9e8365,"Re: A Generation Born And Raised Under Democracy, Left With No Opportunity by Ofunaofu : 8:02am Wickedfacts : 20 pounds collectors dey laugh 30k. Wonders shall never end. Chai In trying to mock a certain people, you’ve only succeeded in exposing your own level of ignorance. Who sent you to do this kind of thing? You didn’t even check the exchange rate before coming here to disgrace yourself? 20 pounds is worth more than N30k. So you really thought you were dragging someone, only to drag yourself",not_about_candidate,0.52,0.02,strong,unclear,1.0,0.15,mixed,0.66,v3,jev-1.13.0,,,,,
nairaland-bd3a7b269baa,"Wickedfacts : 20 pounds collectors dey laugh 30k. Wonders shall never end. Chai In trying to mock a certain people, you’ve only succeeded in exposing your own level of ignorance. Who sent you to do this kind of thing? You didn’t even check the exchange rate before coming here to disgrace yourself? 20 pounds is worth more than N30k. So you really thought you were dragging someone, only to drag yourself",not_about_candidate,0.5,0.02,strong,unclear,1.0,0.1,mixed,0.52,v3,jev-1.13.0,,,,,
nairaland-9e428c85b286,"Re: A Generation Born And Raised Under Democracy, Left With No Opportunity by Wickedfacts : 8:12am Ofunaofu : Chai In trying to mock a certain people, you’ve only succeeded in exposing your own level of ignorance. Who sent you to do this kind of thing? You didn’t even check the exchange rate before coming here to disgrace yourself? 20 pounds is worth more than N30k. So you really thought you were dragging someone, only to drag yourself 30k per month vs 20 pounds for all your life's sweat. That 20 pounds is exactly what your life is worth. Full value for your existence. Personally, I believe you're worth a lot less.",not_about_candidate,0.68,0.02,very_strong,unclear,1.0,0.1,english,0.86,v3,jev-1.13.0,,,,,
nairaland-ecadb8755629,"Ofunaofu : Chai In trying to mock a certain people, you’ve only succeeded in exposing your own level of ignorance. Who sent you to do this kind of thing? You didn’t even check the exchange rate before coming here to disgrace yourself? 20 pounds is worth more than N30k. So you really thought you were dragging someone, only to drag yourself 30k per month vs 20 pounds for all your life's sweat. That 20 pounds is exactly what your life is worth. Full value for your existence. Personally, I believe you're worth a lot less.",not_about_candidate,0.57,0.02,very_strong,unclear,1.0,0.07,english,0.93,v3,jev-1.13.0,,,,,
nairaland-90be43e21926,", 2012 I think Andy Uba would have done better!",not_about_candidate,0.42,0.03,mild,unclear,0.9,0.5,english,0.99,v3,jev-1.13.0,,,,,
nairaland-05b7289d0b9e,I think Andy Uba would have done better!,not_about_candidate,0.36,0.03,mild,unclear,0.89,0.48,english,1.0,v3,jev-1.13.0,,,,,
nairaland-11e8ba7692a2,", 2012 Probably you are a common tyro on NL, you may not know me, because if I rain curses on you tonight you may not be able to sleep. As I said I don't have time to trade insults with deluded lost petty mind.",not_about_candidate,0.71,0.02,strong,unclear,1.0,0.08,english,1.0,v3,jev-1.13.0,,,,,
nairaland-ab286016964f,"Probably you are a common tyro on NL, you may not know me, because if I rain curses on you tonight you may not be able to sleep. As I said I don't have time to trade insults with deluded lost petty mind.",not_about_candidate,0.69,0.02,strong,unclear,1.0,0.1,english,0.99,v3,jev-1.13.0,,,,,
nairaland-981f5a5b6578,", 2012 dozai: I laugh in swahili. That man na my brother but i no go vote for am lai lai. Chai instead after Peter Obi make Orji Kalu step in . We go take am. ANDY ? Uba!! haba! bros, na so u hate us reach?",not_about_candidate,0.79,0.02,strong,unclear,0.99,0.43,mixed,0.73,v3,jev-1.13.0,,,,,
nairaland-4f065acb31bf,", 2022 Wow.. Here's a thread that 99% of Anambrians didn't speak anything good about him. And this was in 2012 when he was still Governor.",negative,0.63,0.06,moderate,unclear,1.0,0.34,english,0.99,v3,jev-1.13.0,,,,,
nairaland-13b51bbfee3c,Wow.. Here's a thread that 99% of Anambrians didn't speak anything good about him. And this was in 2012 when he was still Governor.,negative,0.59,0.06,moderate,unclear,1.0,0.33,english,0.99,v3,jev-1.13.0,,,,,
nairaland-127e81b82af7,", 2022 Afam4eva : Make Chino catch una. Wetin him go do. No be true the guy dey talk. Chino no go fit do anything oga.",not_about_candidate,0.47,0.04,moderate,unclear,0.99,0.25,mixed,0.51,v3,jev-1.13.0,,,,,
nairaland-dbfc1f9ba18d,Afam4eva : Make Chino catch una. Wetin him go do. No be true the guy dey talk. Chino no go fit do anything oga.,not_about_candidate,0.53,0.03,strong,unclear,1.0,0.24,mixed,0.53,v3,jev-1.13.0,,,,,
nairaland-e9c6cd990bfa,", 2022 If he wasn't good then, how come Anambra is still ruled by APGA, Like they say, You will know how good one is when he leaves office.",not_about_candidate,0.74,0.02,moderate,unclear,1.0,0.25,english,0.96,v3,jev-1.13.0,,,,,
nairaland-bf57991789d5,"If he wasn't good then, how come Anambra is still ruled by APGA, Like they say, You will know how good one is when he leaves office.",not_about_candidate,0.72,0.02,moderate,unclear,1.0,0.37,english,0.97,v3,jev-1.13.0,,,,,
nairaland-057164f437d6,", 2022 Coenvict : Peter is d worst governor n history so far as am conscine, can imagine ANSU payn such ransome as skul fee hw wil even d average man pay such ransome dat man is very wicked nd I can tell him dat his death is comin soon. It going to 8yrs of his tenure yet LGA electn hav not been conducted while he at his campagn n his 1st tenure to conduct dat witin 3months if electd, no road no water no light no infractructure no develpmnt bcus of 1 man been so selfish decievn d peopl wit propaganda. All my hope now is on Ngige wen he wil com 4 d gov seat. Cc: legendhero, , moah247",not_about_candidate,0.72,0.02,very_strong,unclear,0.99,0.59,english,0.74,v3,jev-1.13.0,,,,,
nairaland-b335c28c9467,"Coenvict : Peter is d worst governor n history so far as am conscine, can imagine ANSU payn such ransome as skul fee hw wil even d average man pay such ransome dat man is very wicked nd I can tell him dat his death is comin soon. It going to 8yrs of his tenure yet LGA electn hav not been conducted while he at his campagn n his 1st tenure to conduct dat witin 3months if electd, no road no water no light no infractructure no develpmnt bcus of 1 man been so selfish decievn d peopl wit propaganda. All my hope now is on Ngige wen he wil com 4 d gov seat. Cc: legendhero, , moah247",not_about_candidate,0.63,0.02,very_strong,unclear,0.99,0.58,english,0.76,v3,jev-1.13.0,,,,,
nairaland-2d2e7481e6e1,", 2022 Children of hate, Northern slaves, meth addicts, drug dealers, ritualists, nnamdi cownu slaves, hypocrites, vacillators, region of political miscalculators... How market ooo?",negative,0.58,0.03,very_strong,unclear,0.98,0.3,mixed,0.42,v3,jev-1.13.0,,,,,
nairaland-ac643d3e9e40,"Children of hate, Northern slaves, meth addicts, drug dealers, ritualists, nnamdi cownu slaves, hypocrites, vacillators, region of political miscalculators... How market ooo?",negative,0.59,0.03,very_strong,unclear,0.98,0.29,mixed,0.55,v3,jev-1.13.0,,,,,
nairaland-8c53115bf35a,", 2022 Kobojunkie : @Poster, he is doing exactly what the people elected him to come do again. I mean for a man with meagre list of accomplishments during his first time, why else would he had been re-elected if not to continue the same?? but d same man wants to become d president now n they are telling us he’s d best",negative,0.7,0.04,moderate,unclear,1.0,0.44,english,0.53,v3,jev-1.13.0,,,,,
nairaland-7eaeb5ba5b5e,"Kobojunkie : @Poster, he is doing exactly what the people elected him to come do again. I mean for a man with meagre list of accomplishments during his first time, why else would he had been re-elected if not to continue the same?? but d same man wants to become d president now n they are telling us he’s d best",negative,0.74,0.04,moderate,unclear,1.0,0.44,english,0.62,v3,jev-1.13.0,,,,,
nairaland-06e7b12a11b0,", 2022 seunmsg : He did little or nothing as governor of Anambra state. He was an unpopular and uninspiring governor like Ikpeazu, Okowa etc during his time. If we are to rank top 29 governors since 1999, he won’t even make it to the list. After leaving office, he rebranded and started talking about China and giving fake statistics. There is a reason is campaign has never been about what he achieved as governor but what China did. He has no record to run on. Propaganda, Peter Obi is the best Governor Nigeria has produced since 1999",not_about_candidate,0.65,0.02,strong,unclear,1.0,0.62,english,0.96,v3,jev-1.13.0,,,,,
nairaland-8b8e7caa6245,"seunmsg : He did little or nothing as governor of Anambra state. He was an unpopular and uninspiring governor like Ikpeazu, Okowa etc during his time. If we are to rank top 29 governors since 1999, he won’t even make it to the list. After leaving office, he rebranded and started talking about China and giving fake statistics. There is a reason is campaign has never been about what he achieved as governor but what China did. He has no record to run on. Propaganda, Peter Obi is the best Governor Nigeria has produced since 1999",not_about_candidate,0.69,0.02,strong,unclear,1.0,0.56,english,0.92,v3,jev-1.13.0,,,,,
nairaland-b42997a7a326,", 2022 Reality3080 : but d same man wants to become d president now n they are telling us he’s d best Who amongst all those men vying for the same post are any better than him? None!",positive,0.65,0.04,strong,unclear,1.0,0.4,english,0.77,v3,jev-1.13.0,,,,,
nairaland-7b11e42537d0,Reality3080 : but d same man wants to become d president now n they are telling us he’s d best Who amongst all those men vying for the same post are any better than him? None!,positive,0.51,0.05,strong,unclear,1.0,0.42,english,0.83,v3,jev-1.13.0,,,,,
nairaland-7ec7d706a7bc,", 2022 * . Modified: 3:46pm On Aug 04 , 2022 dominique : Nairalanders can dig out dead threads sha Don't u think u LL need to push this to FP again?? Let's see the fraudulent these people are trying to shove our throat. No wonder wen u ask them what are the Archievement of PO, they turn violent or rather start telling u he left 75B, shared laptop,  shared school bus and some petty local govt type of arxhievement. Chai. Lalasticlala . FP abeg.",negative,0.6,0.04,strong,unclear,0.95,0.44,mixed,0.81,v3,jev-1.13.0,,,,,
nairaland-1dad344640ce,"dominique : Nairalanders can dig out dead threads sha Don't u think u LL need to push this to FP again?? Let's see the fraudulent these people are trying to shove our throat. No wonder wen u ask them what are the Archievement of PO, they turn violent or rather start telling u he left 75B, shared laptop,  shared school bus and some petty local govt type of arxhievement. Chai. Lalasticlala . FP abeg.",not_about_candidate,0.5,0.02,very_strong,unclear,0.99,0.35,mixed,0.83,v3,jev-1.13.0,,,,,
nairaland-c0fd2e41d6ab,", 2022 Everywhere red",not_about_candidate,0.49,0.04,mild,unclear,1.0,0.28,english,0.98,v3,jev-1.13.0,,,,,
nairaland-92d079016ec2,Everywhere red,not_about_candidate,0.52,0.03,calm,unclear,0.99,0.19,english,1.0,v3,jev-1.13.0,,,,,
nairaland-87f57d44923d,", 2022 The best the Op and his cohorts came up with is his inability to fix federal roads Guess they also forget his intervention on the Asaba bridge/Upper Iweka and the later rehabilitation of the Amansea end coming in from Enugu. If this is what they could dig up, then I applaud their ignorance.",positive,0.3,0.02,strong,unclear,1.0,0.6,english,1.0,v3,jev-1.13.0,,,,,
nairaland-60db7a469a31,"The best the Op and his cohorts came up with is his inability to fix federal roads Guess they also forget his intervention on the Asaba bridge/Upper Iweka and the later rehabilitation of the Amansea end coming in from Enugu. If this is what they could dig up, then I applaud their ignorance.",not_about_candidate,0.2,0.02,strong,unclear,1.0,0.54,english,0.99,v3,jev-1.13.0,,,,,
nairaland-ead49e41ec53,", 2022 dplordx : See this super-mumu I worked in a Anambra for 2 years when he was governor, the state was a real sheeeet hole then. I was almost kidnapped then, the werey na Abuja and Lagos him dey live for that Time. Ppl Dey craze oh, na this scammer dem come Dey come dey shout up and down You really were familiar with his style. He and Anyim hijacked Jonathan's govt, influencing appointments and all sorts.",not_about_candidate,0.76,0.03,strong,unclear,1.0,0.53,mixed,0.71,v3,jev-1.13.0,,,,,
nairaland-5938b1186cde,"dplordx : See this super-mumu I worked in a Anambra for 2 years when he was governor, the state was a real sheeeet hole then. I was almost kidnapped then, the werey na Abuja and Lagos him dey live for that Time. Ppl Dey craze oh, na this scammer dem come Dey come dey shout up and down You really were familiar with his style. He and Anyim hijacked Jonathan's govt, influencing appointments and all sorts.",not_about_candidate,0.74,0.03,strong,unclear,1.0,0.51,mixed,0.71,v3,jev-1.13.0,,,,,
nairaland-fa30312feb57,", 2022 Kobojunkie : Who amongst all those men vying for the same post are any better than him? None! Lol is even comparable to him. At least this thread is a proof ��",positive,0.54,0.06,strong,unclear,1.0,0.35,english,0.87,v3,jev-1.13.0,,,,,
nairaland-671234bf9c8b,Kobojunkie : Who amongst all those men vying for the same post are any better than him? None! Lol is even comparable to him. At least this thread is a proof ��,positive,0.62,0.06,strong,unclear,1.0,0.36,english,0.92,v3,jev-1.13.0,,,,,
nairaland-ff88b45a982c,", 2022 This thread is goated ��",not_about_candidate,0.75,0.03,strong,unclear,1.0,0.1,english,0.99,v3,jev-1.13.0,,,,,
nairaland-6304f5673cdd,This thread is goated ��,not_about_candidate,0.61,0.02,strong,unclear,1.0,0.1,english,0.99,v3,jev-1.13.0,,,,,
nairaland-798aa1528e1e,", 2022 Baba I just dey but our mission is to continue to expose their lies. The biggest election campaign machinery will soon be rolled out, the sophistication never seen before. ribbit : serious digging. Madridguy are you working for Julius berger?",negative,0.57,0.03,strong,unclear,0.99,0.36,mixed,0.67,v3,jev-1.13.0,,,,,
nairaland-68f217a5c5cf,"Baba I just dey but our mission is to continue to expose their lies. The biggest election campaign machinery will soon be rolled out, the sophistication never seen before. ribbit : serious digging. Madridguy are you working for Julius berger?",negative,0.55,0.03,strong,unclear,1.0,0.31,mixed,0.72,v3,jev-1.13.0,,,,,
nairaland-e2e3bcba7bac,", 2022 mycar : . Do you have any video  evidence to back it up ? Watch this. https://www.youtube.com/watch?v=XzPgijQhbA0",not_about_candidate,0.56,0.04,mild,unclear,1.0,0.16,english,0.99,v3,jev-1.13.0,,,,,
nairaland-222aa41af7b4,mycar : . Do you have any video  evidence to back it up ? Watch this. https://www.youtube.com/watch?v=XzPgijQhbA0,not_about_candidate,0.41,0.05,mild,unclear,1.0,0.23,english,0.95,v3,jev-1.13.0,,,,,
nairaland-05b255af0bc5,", 2022 madridguy : Baba I just dey but our mission is to continue to expose their lies. The biggest election campaign machinery will soon be rolled out, the sophistication never seen before. we full ground we're waiting",negative,0.49,0.03,strong,unclear,0.99,0.33,mixed,0.64,v3,jev-1.13.0,,,,,
nairaland-0fe97a127678,"madridguy : Baba I just dey but our mission is to continue to expose their lies. The biggest election campaign machinery will soon be rolled out, the sophistication never seen before. we full ground we're waiting",negative,0.69,0.03,strong,unclear,0.98,0.29,mixed,0.68,v3,jev-1.13.0,,,,,
nairaland-3a09806c6ecd,", 2022 Have also been asking the same question o. The only thing they can point at is that he pulled out Anambra state university out of ASUU. Not knowing to them the Obi is a big scam",not_about_candidate,0.67,0.03,strong,unclear,1.0,0.43,english,0.92,v3,jev-1.13.0,,,,,
nairaland-5c1723137329,Have also been asking the same question o. The only thing they can point at is that he pulled out Anambra state university out of ASUU. Not knowing to them the Obi is a big scam,not_about_candidate,0.63,0.02,strong,unclear,1.0,0.45,english,0.88,v3,jev-1.13.0,,,,,
nairaland-67873f437794,", 2022 [quote author= post=113699171]No governor in history of Nigeria can be compare to Obi[/quote]This is how you want to sell Obi. Lol. We are waiting for caimpaign to start officially. We are bringing all his receipts on Twitter where he seems to be enjoying online polls. The little questions we asked have so far been met with insults from his supporters.",not_about_candidate,0.5,0.03,strong,unclear,1.0,0.51,english,0.98,v3,jev-1.13.0,,,,,
nairaland-a8106609b5e9,[quote author= post=113699171]No governor in history of Nigeria can be compare to Obi[/quote]This is how you want to sell Obi. Lol. We are waiting for caimpaign to start officially. We are bringing all his receipts on Twitter where he seems to be enjoying online polls. The little questions we asked have so far been met with insults from his supporters.,not_about_candidate,0.35,0.03,strong,unclear,0.99,0.54,english,0.97,v3,jev-1.13.0,,,,,
nairaland-fc6d7054c5bf,", 2022 Pakute : This is how you want to sell Obi. Lol. We are waiting for caimpaign to start officially. We are bringing all his receipts on Twitter where he seems to be enjoying online polls. The little questions we asked have so far been met with insults from his supporters. Till then we are prepared, Tinubu is a known criminal by all Nigerians, even Buhari is fully aware",not_about_candidate,0.54,0.03,strong,unclear,0.99,0.68,english,0.93,v3,jev-1.13.0,,,,,
nairaland-f1bb99292047,"Pakute : This is how you want to sell Obi. Lol. We are waiting for caimpaign to start officially. We are bringing all his receipts on Twitter where he seems to be enjoying online polls. The little questions we asked have so far been met with insults from his supporters. Till then we are prepared, Tinubu is a known criminal by all Nigerians, even Buhari is fully aware",not_about_candidate,0.49,0.03,strong,unclear,0.99,0.69,english,0.87,v3,jev-1.13.0,,,,,
nairaland-322df4911697,", 2022 Pakute : This is how you want to sell Obi. Lol. We are waiting for caimpaign to start officially. We are bringing all his receipts on Twitter where he seems to be enjoying online polls. The little questions we asked have so far been met with insults from his supporters. Bring receipts oh, bring paper oh, bring video, bring everything you can bring. We will still vote Peter Obi. It must really hurt knowing your strategy has no effect on his candidacy.",not_about_candidate,0.79,0.02,strong,unclear,1.0,0.23,english,0.79,v3,jev-1.13.0,,,,,
nairaland-3db1902cf934,", 2022 ThisisIkemefuna : Well regardless of how it ends, I and my family, will still vote for Peter Obi. I hope that makes you not sleep at night. I and my grassroots team are voting our candidate as well.",not_about_candidate,0.72,0.02,strong,unclear,1.0,0.06,english,1.0,v3,jev-1.13.0,,,,,
nairaland-76b97838b87e,"ThisisIkemefuna : Well regardless of how it ends, I and my family, will still vote for Peter Obi. I hope that makes you not sleep at night. I and my grassroots team are voting our candidate as well.",not_about_candidate,0.69,0.02,strong,unclear,1.0,0.07,english,0.99,v3,jev-1.13.0,,,,,
nairaland-38dbd3f483e0,", 2022 [quote author= post=113700022]Dumbo do the  maths of $2.2 billion conversion and give me the Anambra[/quote]Gibberish.",not_about_candidate,0.64,0.03,mild,unclear,1.0,0.28,english,0.9,v3,jev-1.13.0,,,,,
nairaland-a01ba00a4c84,[quote author= post=113700022]Dumbo do the  maths of $2.2 billion conversion and give me the Anambra[/quote]Gibberish.,not_about_candidate,0.62,0.03,mild,unclear,1.0,0.3,english,0.86,v3,jev-1.13.0,,,,,
news_dailytrust-5be07714a624,"Airport project: Oyo did not get N50bn from Tinubu, Makinde replies Wike. Oyo State Governor and presidential candidate of the Allied Peoples Movement (APM), Seyi Makinde, has denied claims by Minister of the Federal Capital Territory (FCT), Nyesom Wike, that President Bola Tinubu gave the state N50 billion to upgrade the Ladoke Akintola International Airport, Ibadan. Makinde spoke on Tuesday while addressing supporters at the Makinde/Daura 2027 Presidential Town Hall meeting in Katsina. He said the Oyo State Government did not receive N50 billion from the Federal Government, adding that the airport upgrade was being funded entirely by the state. Wike had made the claim on Monday while appearing on TVC’s Journalists’ Hangout programme. Makinde said, “The President did not give me or Oyo State N50 billion to upgrade the Ibadan Airport. The Ibadan Airport upgrade project is being undertaken 100 per cent with the funds of Oyo State.” On the transfer of presidential power, Makinde said he would transmit power to the Vice President whenever he is unavailable if elected president in 2027. He said he would obey Section 145 of the Constitution, which requires the President to transmit a written declaration to the Senate President and Speaker of the House of Representatives when proceeding on vacation or otherwise unable to perform the functions of office. “I promise you that, as your President, I will follow the Constitution to the letter. If I am not going to be available, if I am on vacation, I will transmit power to the Vice President. Record this and hold me accountable,” he said. Makinde also promised to establish reliable data on out-of-school children and develop measures to return them to school. He called for mining to be removed from the Exclusive Legislative List and devolved to the states, while the Federal Government retains oversight. On 2027 election, he urged Nigerians to obtain their Permanent Voter Cards (PVCs) and participate in the poll. Earlier, APM vice-presidential candidate, Lawal Daura, said the North-West and Nigeria were “yearning for a reset”, citing insecurity and poverty as major challenges facing the region. Daura said Makinde’s proposed agenda aligned with his call for fundamental change and urged supporters to exercise their civic rights. He said details of the agenda would be unveiled as the campaign progresses. Nigerians can now invest ₦2.5 million on premium domains and profit about ₦17-₦25 million . All earnings paid in US Dollars . Rather than wonder, click here to find out how it works . Join Daily Trust WhatsApp Community For Quick Access To News and Happenings Around You.",not_about_candidate,0.51,0.94,calm,unclear,1.0,0.11,english,1.0,v3,jev-1.13.0,,,,,
legit_hausa-2864463e3a9c,"Photos: Shi'ites Protest Arrest Of Their Leader - Legit.ng. The killing of some Nigerian Shi'ites at the weekend is generating steam and wide criticisms. Thousands of members of the Shia Muslim sect took to the streets yesterday, December 14, in protest over the arrest of their leader Sheikh Ibraheem El-Zakzaky and the death of their members during the clash with Nigerian army on Saturday. The protests were staged in Kano, Kebbi and Bauchi as well as in different countries. READ ALSO: Sultan Issues Stern Warning To Buhari Over Zaria Clash The sect has accused the army of killing at least one thousand of its members and evacuated their bodies to unknown destinations. The shi'ites and Nigerian army had clashed on Saturday, following allegations that IMN members had attempted to assassinate Nigeria's army chief, Buratai on his way to Zaria. READ ALSO : BREAKING: Gunshots In Kaduna As Shi’ites Protest Killing Of Their People There is an ongoing protest at the Nigerian Embassy in Tehran, over the killing over Shiite Muslims. Isreali and UK flags are being burnt at the protest. A number of Iranians gathered in front of the Nigerian embassy in Tehran  to protest. Yesterday, the Nigeria n army said the leader of the Shi'ite Islamic Movement of Nigeria, El-Zakzaky and his wife were in their custody, safe and sound, contrary to report that they had been killed during the attack. Meanwhile, today, there were reports of  heavy gunfire has at Tudun Wada in Kaduna state. It is said to be related to the ongoing siege on the Shia Movement in the state and military action against them. Nkem Ikeke                                    (Copy editor) Nkem Ikeke is currently a copy editor who also writes for the politics and current affairs desk on weekends. She holds a Bachelor of Arts in Mass Communication degree from the University of Nigeria, Nsukka (2010), and has over 10 years of work experience in the media industry (Reporter, News Agency of Nigeria). Email: n.ikeke@corp.legit.ng",not_about_candidate,1.0,0.02,moderate,unclear,0.71,0.1,english,1.0,v3,jev-1.13.0,,,,,
legit_hausa-74d651705be6,"Emir of Bauchi allegedly rejects Pastor Adeboye's visit to his palace - Legit.ng. The Emir of Bauchi is said to have rejected Pastor Adeboye's evangelic visit to  his palace. Legit.ng gathered that the Redeemed Christian Church of God  (RCCG)'s general overseer in his evangelic mission to the Northern states in Nigeria visited Bauchi state which he as only visited twice before now in 1999 and in 2004. Unlike his visit to Adamawa where both the governor and his deputy were present at the airport to welcome Daddy G.O. and received his prayers and blessings, the Bauchi state governor wasn't available for prayers. READ ALSO: I came to Lagos a sinner - Pastor Enoch Adeboye Also, his request to meet with the Emir of the Bauchi, Rilwanu Suleimanu Adamu was allegedly rejected by the palace. This didn't deter Pastor Adeboye as he still used the opportunity to touch two churches within the state and even attended a wedding . Khadijah Thabit                                    (Copyeditor) Khadijah Thabit is an editor with over 3 years of experience editing and managing contents such as articles, blogs, newsletters and social leads. She has a BA in English and Literary Studies from the University of Ibadan, Nigeria.
Khadijah joined Legit.ng in September 2020 as a copyeditor and proofreader for the Human Interest, Current Affairs, Business, Sports and PR desks. As a grammar police, she develops her skills by reading novels and dictionaries.
Email: khadeeejathabit@gmail.com",not_about_candidate,0.98,0.05,calm,Bauchi,0.71,0.06,english,1.0,v3,jev-1.13.0,,,,,
legit_hausa-75a6050c5490,"Bauchi tribunal upholds election of Gov Bala Mohammed - Legit.ng. - The election of Bala Mohammed as governor of Bauchi state has been upheld by the Bauchi State Governorship Election Petition Tribunal - The tribunal chairman ruled that the petition brought against the PDP by the APC and its candidate lacked merit - The judge subsequently ruled that the election of Bala Mohammed was valid The election of Bala Mohammed as governor of Bauchi state has been upheld by the Bauchi State Governorship Election Petition Tribunal. The petition’s dismissal was announced in a six-hour judgment delivered by the chairman of the three-man panel, Justice Salihi Shuiabu, on Monday, October 7, The Nation reports. Legit.ng gathers that the judge ruled that the petition brought against the Peoples Democratic Party (PDP) by the All Progressives Congress (APC) and its candidate, Barrister Mohammed Abubakar, lacks merit. Statements on oath brought against the APC and Abubakar by 27 out of 33 witnesses had earlier been rejected by the tribunal. According to the lead judge, the petitioners had failed to prove their petition beyond reasonable doubt. He declared: “I hereby rule that the election of the Peoples Democratic Party ( PDP) candidate , senator Bala Mohammed is valid.” PAY ATTENTION: Install our latest app for Android, read best news on Nigeria’s #1 news app Recall that Legit.ng previously reported that the governorship election petition tribunal sitting in Bauchi state was set to deliver its judgement in the petition filed by former governor Mohammed Abubakar. The former governor of the state and candidate of the APC was defeated by Bala Mohammed of the PDP in the 2019 election. Abubakar filed a petition in April saying the Independent National Electoral Commission (INEC) should not have declared Mohammed as winner of the election. NAIJ.com (naija.ng) -> Legit.ng : Same great journalism, upgraded for better service! What has changed in Nigeria since the last election? - on Legit TV : Khadijah Thabit                                    (Copyeditor) Khadijah Thabit is an editor with over 3 years of experience editing and managing contents such as articles, blogs, newsletters and social leads. She has a BA in English and Literary Studies from the University of Ibadan, Nigeria.
Khadijah joined Legit.ng in September 2020 as a copyeditor and proofreader for the Human Interest, Current Affairs, Business, Sports and PR desks. As a grammar police, she develops her skills by reading novels and dictionaries.
Email: khadeeejathabit@gmail.com",not_about_candidate,1.0,0.02,calm,unclear,0.61,0.16,english,1.0,v3,jev-1.13.0,,,,,
legit_hausa-237018c338f6,"COVID-19: Bauchi insists on reopening of school on January 18, gives reasons - Legit.ng. - Bauchi state government said there is no going back on schools reopening despite the COVID-19 scare - The state government said all the 4,816 schools will resume as slated for Monday, January 18 - Bauchi has 1,093 cases of COVID-19 after NCDC announced 11 new cases in the state on Monday, January 11 PAY ATTENTION : Join Legit.ng Telegram channel! Never miss important updates! With COVID-19 still sending panic into the heart of the people nationwide, Bauchi state government said it will not go back on its plans of reopening schools on Monday, January 18. Aliyu Tilde, the state commissioner of education , made this known on Tuesday, January 12, adding that all the 4,816 schools in Bauchi will resume for the 2020/2021 academic session. The Nigeria Centre for Disease Control (NCDC) on Monday, January 11, announced new 11 cases of COVID-19 in Bauchi in what brought the total cases in the state to 1,093. Coronavirus: FG reveals 4 factors that triggered hike in COVID-19 cases in Nigeria The country is witnessing a surge in the cases of coronavirus and casualties since the second wave of the pandemic began. On Monday, the federal government said the reopening of all institutions and schools slated for January 18 is no more feasible due to the scare over the fast-spreading virus. But Bauchi government maintained that it ""would reopen the schools for the first term, which was supposed to begin in September,"" Premium Times reports. Tilde explained that the schools would strictly abide by the COVID-19 protocols of social distancing, wearing of face masks, sanitising hands and “any other measure that would prevent the disease."" The commissioner also assured that the government has done the needful by fumigating all ""schools, including the four existing tertiary institutions, to guard against any eventuality."" PAY ATTENTION: Download our mobile app to enjoy the latest news update COVID-19: FG gives fresh updates, says January 18 school resumption date no longer feasible In a related development, Legit.ng reported that the minister of state for health, Olorunnimbe Mamora, said the federal government might suspend the ongoing National Identification Number (NIN) enrolment. Mamora told Channels TV on Monday, January 11, that the exercise may be suspended due to the risks of contracting COVID-19 because of the large crowds which visit the NIN centres. He said the crowds that have thronged the NIN registration centres across the country is a cause for concern. NIMC: Amidst Covid19 spike, crowd gathers for NIN registration | Legit TV Rahaman Abiola                                    (Editor-in-Chief) Rahaman Abiola is a Nigerian journalist, editor, and media trainer with a decade of experience stranding diverse roles in both traditional and digital media. As the Editor-in-Chief of LEGIT.ng, he leads content direction with data-driven editorial practice, demonstrating a commitment to modern newsroom management and mentoring team(s) of professionals through audience-centric innovation. His work involves leveraging social media and emerging technologies towards impactful journalism, media innovation, etc. Contact via: rahaman.abiola@corp.legit.ng.",not_about_candidate,1.0,0.02,mild,unclear,0.73,0.06,english,1.0,v3,jev-1.13.0,,,,,
legit_hausa-388eaa8c424e,"2023 presidency: Youths to trek from Lagos to Bauchi for northern governor to contest - Legit.ng. - A youth group, South West Youth Coalition has launched a 10,000 youth foot-match from Lagos to Bauchi - This initiative is to persuade Bauchi state governor, Bala Mohammed to join the 2023 presidential race - According to the group, Governor Mohammed ticked the boxes for the presidential seat PAY ATTENTION: Join Legit.ng Telegram channel! Never miss important updates! Ahead of the 2023 general elections, a group, South West Youth Coalition has launched a 10,000 youth trek from Lagos to Bauchi for Governor Bala Mohammed to be the next Nigerian president . In a report by Leadership , the group inaugurated the “Bala Initiative with 10,000 youth foot-match from Lagos to Bauchi.” to prevail on Mohammed to aspire to become president in 2023. According to the group, Mohammed should join the presidential race following his tremendous achievement as governor. In a statement, the coalition went on to explain that the march was aimed at begging Nigerians from all the six geopolitical zones to persuade Governor Mohammed to join the 2023 race. 2023: Group picks Yahaya Bello as best candidate to succeed Buhari The group explained that the Bauchi governor has the potentials to address the defiant Boko Haram insurgency among others. Oladimeji Lanre, the convener of the group, said the south-west youth leaders have vowed to make financial contributions to obtain a nomination form for the governor. The convener said his group is expanding its tentacles to woo support for Governor Mohammed across the country. Meanwhile, Legit.ng reported that a political movement supporting Alhaji Yahaya Bello’s presidential ambition, PYB Frontiers called on Nigerians to rally round the governor to ensure that he succeeds President Muhammadu Buhari. The leader of the group, Hans Mohammed, in a statement sent to journalists on Tuesday, January 12, and seen by Legit.ng said the movement has commenced consultation activities that will ensure the governor emerges the candidate of the All Progressives Congress (APC) in 2023. The group's call is coming after campaign posters of the Kogi state governor carrying inscriptions of his rumoured presidential ambition surfaced on some major roads in Kano state. APC will soon be Africa’s largest political party, says Yahaya Bello The posters were pasted at strategic locations in the state, including parts of Murtala Muhammad Way, Airport road, and Sani Marshal road. Recently members of the Kogi state House of Assembly called on Governor Bello to put his hat in the ring for the presidency in 2023. According to the lawmakers, the governor ticked all the right boxes for the presidential seat and should be backed by all Nigerians to take over from President Buhari. PAY ATTENTION: Install our latest app for Android, read best news on Nigeria’s #1 news app God Did Not Send Tinubu To Become President -Primate Ayodele | Legit TV Oluwatobi Bolashodun Oluwatobi Bolashodun is a journalist with six years of working experience in the media industry. She graduated from Babcock University with a Bachelor’s Degree in Mass Communication. Oluwatobi is a former Legit.ng Current Affairs Editor, mostly writing on political, educational, and business topics.",not_about_candidate,0.82,0.02,mild,Bauchi,0.74,0.72,english,1.0,v3,jev-1.13.0,,,,,
legit_hausa-ae589442527f,"Gunmen abduct Bauchi ex-lawmaker Abdulmumuni Ningi, police react - Legit.ng. - Tragedy has struck the Bauchi state House of Assembly - One of the Assembly's former members, Abdulmumuni Ningi, has been kidnapped - Ningi's abduction which has been confirmed by the police took place on Thursday, January 14 PAY ATTENTION: Join Legit.ng Telegram channel! Never miss important updates ! Men of the underworld on Thursday, January 14, kidnapped a former member of the Bauchi state House of Assembly , Abdulmumuni Ningi. Ningi's abduction was confirmed to Nigerian Tribune on Friday, January 15, by the spokesman of the police command in the state, DSP Ahmed Wakili. The police PPRO noted that the kidnappers seized Wakili's vehicle at gunpoint and drove away with him in their own car. Benue govt imposes dusk to dawn curfew, gives reason, exceptions Meanwhile, a member representing the Nguroje constituency in the Taraba House of Assembly, Bashir Mohammed became a victim of kidnapping which had been on the rise in recent times. Legit.ng gathered that a source said the lawmaker was kidnapped from his house behind the SSS office area of Jalingo at about 1.30 am Wednesday, December 9, by heavily armed gunmen. The gunmen who were more than ten in number and heavily armed with assorted weapons invaded the house at about 1.30 am and engaged the area in a sporadic shooting that lasted for over 45 minutes before kidnapping the lawmaker. According to the report, a source said none of the family members was hurt, adding that the kidnappers forced the lawmaker into one of the two vehicles used by them. DSP, David Misal, the state police public relations officer, did not respond to calls when contacted for the confirmation of the incident. BUSTED: How we sold stolen cars for N400,000, suspect reveals (video) PAY ATTENTION : Install our latest app for Android, read the best news on Nigeria’s #1 news app Buhari should put an end to banditry, unrest in Zamfara - Nigerians cry | - on Legit TV Onyirioha Nnamdi Onyirioha Nnamdi is a graduate of Literature and English Language at the University of Lagos. He is a Politics/Current Affairs Editor who writes on news and political topics for Legit.ng. He brings into his reporting a wealth of experience in creative and analytical writing. Nnamdi has a major interest in local and global politics. He has a professional certificate from Reuters and was awarded the editor with the best listicle for 2021. Contact: 08062988054, o.nnamdi@corp.legit.ng",not_about_candidate,1.0,0.02,mild,Ningi,0.58,0.08,english,1.0,v3,jev-1.13.0,,,,,
legit_hausa-6777d38c84c9,"Political uncertainty for Dogara as PDP, APC deny membership to lawmaker - Legit.ng. - A former speaker of the House of Reps, Yakubu Dogara is in the spotlight following his defection from PDP to APC - The speaker's former party has faulted the defection of the lawmaker - The Bauchi PDP reveals what it is doing to address Dogara's action PAY ATTENTION: Join Legit.ng Telegram channel! Never miss important updates! The Bauchi state chapter of the Peoples Democratic Party (PDP) has denied having any political affiliation to a former speaker of the House of Representatives , Yakubu Dogara. A spokesperson for the chapter, Yayanuwa Zainabari, told journalists at the party’s secretariat on Thursday, January 21, that Dogara is not their member, The Tribune reported. APC crisis: Nobody can stop Governor AbdulRazaq from 2023 re-election, Senator tells Lai Mohammed, others He distanced the Bauchi PDP from posters on the street which purportedly depicted the lawmaker showing support for the state governor. Zainabari stated that the party has asked a court to declare Dogara’s seat of Dass/Tafawa Balewa/Bogoro federal constituency vacant following his defection to the All progressives Congress (APC). According to Daily Trust , the PDP spokesperson, however, said the former speaker is welcomed back to the party if he decides to associate with the PDP again. Meanwhile, the Bauchi state chapter of the APC has said Dogara is not a registered member on its platform. The party’s statement was contained in a counter-affidavit it filed in opposition to a suit by the PDP, asking Dogara to vacate his seat for allegedly abandoning unlawfully the party on whose platform he rode to the House of Reps. Dare Oketade, the head of the legal department of the APC, was quoted, in the party’s counter-affidavit, to have claimed that he is not aware that Dogara has defected from the PDP. 2023: Never! I can't dump PDP for APC, Governor Ikpeazu clears air on alleged plan to defect PAY ATTENTION : Install our latest app for Android, read best news on Nigeria’s #1 news app PDP storms UK Embassy, demands President Buhari's resignation | Legit TV Kess Ewubare Kess Ewubare is a former senior political/current affairs editor at Legit.ng. He has a diploma in-law in addition to a BSc and a master’s degree in mass communication. Kess is a journalist with over 10 years of working experience in several fields of journalism ranging from radio presenting, television news reporting, newspaper reporter, feature and magazine writing as well as online and multi-media journalism.",not_about_candidate,0.98,0.03,calm,Dass,0.56,0.21,english,1.0,v3,jev-1.13.0,,,,,
legit_hausa-be3c0af30cd0,"After having 4 kids in 3 weeks, Bauchi carpenter wants to father 40 (see photo) - Legit.ng. - A happy polygamous man, Nura Walwala Magaji, said that children are blessings from God and he will take care of his - Nura who got four babies from his wives in three weeks said his dream is to one day have 40 children in his household - The father said that he practices polygamy with pride and does not care about people's opinions concerning his home PAY ATTENTION: Join Legit.ng Telegram channel! Never miss important updates! A carpenter in Bauchi state , Nura Walwala Magaji, who has 13 children could be said to be an example of ""Father of many"". Leadership reports that he welcomed a set of four kids from different women within the space of three weeks. Despite that, Nura said he still wants to fulfil his childhood dream of parenting 40 children. In his interview with the same media, the man said he is grateful to God for the gifts of children, adding that not many who want to become parents have the opportunity. After 6 children, woman gives birth to 4 kids at once, unemployed husband cries out for help The father of 13 also said he is able to take care of his harem of wives with the proceeds he makes from his carpentry business . The man, however, acknowledged how demanding parenting could be despite the fact that they are God’s gifts. On the naming ceremony for the children, he said that it was not a flamboyant one but an occasion where family members ate and drank to their fill. The man who said polygamy runs deeps in his blood added that he is not bothered about what anybody may be saying about him. Steve Harvey says he could hate actor Michael Jordan if he hurts his daughter Lori The man said he would make his children have both western and Islamic education . His wives Nuwaira Muhammad Saminu (25), Baraka Murtala Ladan (23), and Sadiya Abdullahi (20) all live together 'peacefully'. PAY ATTENTION: Download our mobile app to enjoy the latest news Meanwhile, Legit.ng earlier reported that a couple in Benin, the Edo state capital, welcomed a set of quadruplets in addition to their six children. The husband identified as Austin Ohenhen said he ran away for a while after hearing the news. According to Austin, he returned home after words of encouragement from friends and family. 35-yr-old woman delivers quadruplets after 6 children | Legit TV Joseph Omotayo                                    (HOD Human-Interest) Joseph Omotayo is a journalist who has been writing on human interest topics since 2019. He graduated from Obafemi Awolowo University, Ile-Ife, with a degree in Literature in English in 2016. He is the head of Human Interest and Diaspora Desk at Legit. He once worked for Afridiaspora, OlisaTV & CLR. He is a 2022/2023 Kwame Karikari Fact-Checking fellow. He can be reached via: joseph.omotayo@corp.legit.ng.",not_about_candidate,1.0,0.02,mild,unclear,0.54,0.02,english,1.0,v3,jev-1.13.0,,,,,
legit_hausa-eef89564eb90,"Reactions as Miyetti Allah defends Bauchi gov, tells FG to allow all Nigerians to carry arms - Legit.ng. - Miyetti Allah has defended the governor of Bauchi state over his comment defending herdsmen bearing arms - The chairman of the herders association in Bauchi state, Sadiq Ibrahim Ahmed, explained that the governor didn’t say herders should go and cause chaos with weapons - Ahmed also said the federal government should allow every Nigerian to carry arms to protect themselves PAY ATTENTION: Join Legit.ng Telegram channel! Never miss important updates! Amid the rising security challenges in the country, the Miyetti Allah Cattle Breeder’s Association of Nigeria (MACBAN) has advised the federal government to allow every Nigerian to bear firearms to protect themselves. The chairman of MACBAN in Bauchi state, Alhaji Sadiq Ibrahim Ahmed, stated this while reacting to the comment by the state's governor, Bala Mohammed , defending the right of herders to go about with AK-47, The Nation reported . AK-47 for self defence: Akeredolu slams Bauchi governor, says he is unfit for office The Bauchi state governor had said herdsmen are only carrying firearms for self-defence against cattle rustlers, drawing criticisms from many Nigerians. However, the Bauchi MACBAN chair was reported as saying on Sunday, February 14, there is nothing wrong with the governor’s stand since he didn’t say herdsmen should go and cause chaos with the weapon. Ahmed said it is for every Nigerian to protect themselves from bandits, adding that the federal government can no longer protect the citizens. The MACBAN boss, however, admitted that no one should be allowed to carry arms in a normal situation apart from those that are legalised to do so. Herdsmen crisis: Bauchi governor makes U-turn on herders carrying AK-47, slams Akeredolu, others Meanwhile, Governor Samuel Ortom of Benue state has reacted to the statement by his Bauchi counterpart, Bala Mohammed, on herders carrying weapons. Ortom in his reaction through Terver Akase, his spokesperson, said he was disappointed in Mohammed's statement. He said such utterances are capable of leading the country to anarchy. The statement by the chairman of MACBAN in Bauchi state that every citizen should be allowed to bear arms has sparked reactions from Nigerians on social media. If you kill herder, don't sleep we'll revisit you - Tension as Fulani cattle-rearers threaten war Nurudeen Lawal is a Legit.ng journalist passionate about fact-checking/verification journalism. He holds a Bachelor of Arts degree in Literature-in-English from Obafemi Awolowo University, Ile-Ife, Osun State. As Politics Editor, Nurudeen mostly writes on Nigeria’s political and socio-economic developments. He has attended different workshops, conferences and training on fact-checking and digital reporting, among others. Learn more about him on Twitter, @Nurudeen Lawal_ Nurudeen Lawal                                    (Head of Politics and Current Affairs Desk) Nurudeen Lawal is an AFP-certified journalist with a wealth of experience spanning over 8 years. He received his B/Arts degree in Literature in English from OAU. Lawal is the Head of the Politics/CA Desk at Legit.ng. He previously worked at Lantern Books and Saraba Magazine. Lawal was named the Political Desk Head of the Year (Nigeria Media Nite-Out Award 2023). Lawal is a member of the Oxford Climate Journalism Network. He is also a certified fact-checker (Dubawa fellowship, 2020). Contact him at lawal.nurudeen@corp.legit.ng or +2348054399455.",not_about_candidate,1.0,0.02,moderate,unclear,0.65,0.13,english,1.0,v3,jev-1.13.0,,,,,
legit_hausa-be022b9ae4fd,"Herdsmen crisis: Bauchi governor makes U-turn on herders carrying AK-47, slams Akeredolu, others - Legit.ng. - Bauchi government has cleared the grey areas on Governor Bala Mohammed's controversial comment on herders carrying AK-47 - In a statement, an aide to Governor Mohammed said the comment of his boss was misunderstood and misrepresented - Muktar Gidado said Governor Mohammed's position was  to ""caution stakeholders to guard against escalating ethnic tension"" PAY ATTENTION: Join Legit.ng Telegram channel! Never miss important updates! Bauchi state government has put forward an explanation on the statement of Governor Bala Mohammed justifying Fulani herders carrying AK-47 for self-defence. In a statement on Sunday, February 14, Muktar Gidado, a senior special assistant on media, said the comment of the principal was misunderstood, The Punch reports. Legit.ng recalls that governor, who was a special guest of honour at the launch of the inaugural edition of the Bauchi correspondents’ chapel of the Nigeria Union of Journalists (NUJ)’s magazine on Thursday, February 11, said the AK-47 is just a weapon carried by herders to tackle cattle-rustlers. President Buhari reacts to cases of ethnic violence in Nigeria, warns of decisive action Mohammed maintained that since the host communities and government of host states failed to protect the herders, it is imminent that the Fulani herders carry guns as self-defence. The governor also berated Governor Rotimi Akeredolu for issuing an eviction notice to the criminal herders residing in the Ondo forest reserves. The Bauchi governor's statement has since generated a mixed reaction, with Samuel Ortom and Akeredolu of Benue and Ondo states respectively slamming him for justifying illegal handling of firearms. But in a subsequent reaction, Gidado said Mohammed's position was misrepresented in the media to mean he was backing criminal herders. We’ll protect ourselves - Anxiety as monarch writes Buhari over attack by herdsmen PAY ATTENTION : Install our latest app for Android, read best news on Nigeria’s #1 news app Meanwhile, Legit.ng reported that amid mounting tension characterising the ethnic farmer-herder crisis, a cattle-rearer Fulani group Miyeti Allah threatened to unleash violence if any of its members is harmed. Saleh Alhassan, a spokesman of the group, made the declaration on Sunday, February 14, saying ""nobody has right to evict herdsmen."" According to him, Fulani herders ""will resist eviction"" and there will be retaliation for any killing of Fulani herders in the southern part of the country. Rahaman Abiola is a result-oriented journalist and content writer with a firm grip of over 5-year corporate experience stranding diverse roles in digital & traditional media and social media communication. A published literary writer, freelancer and public commentator, he has written over 100 essays covering diverse issues on economy, politics and current affairs, entertainment and leadership published in virtually all notable Nigerian national dailies and digital media in Nigeria. He is a graduate of English Literature, Obafemi Awolowo University, Ile-Ife. Follow him on Twitter via @ShugabanR. Rahaman Abiola                                    (Editor-in-Chief) Rahaman Abiola is a Nigerian journalist, editor, and media trainer with a decade of experience stranding diverse roles in both traditional and digital media. As the Editor-in-Chief of LEGIT.ng, he leads content direction with data-driven editorial practice, demonstrating a commitment to modern newsroom management and mentoring team(s) of professionals through audience-centric innovation. His work involves leveraging social media and emerging technologies towards impactful journalism, media innovation, etc. Contact via: rahaman.abiola@corp.legit.ng.",not_about_candidate,1.0,0.02,moderate,unclear,0.74,0.19,english,1.0,v3,jev-1.13.0,,,,,
legit_hausa-42d3cd95b3d6,"MURIC disagrees with Bauchi governor, says herdsmen have no right to carry AK-47 - Legit.ng. - A recent comment by the Bauch state governor, Senator Bala Mohammed, continues to generate reactions - The governor had justified the fact that herders bear arms when herding their cattle - Professor Ishaq Akintola of the Muslim Rights Concern has faulted the position of the governor PAY ATTENTION: Join Legit.ng Telegram channel! Never miss important updates! Director of the Muslim Rights Concern (MURIC), Professor Ishaq Akintola, has declared that herdsmen have no right to carry AK-47 rifles. Professor Akintola made the comment in an interview with the Nigerian Tribun e published on Saturday, February 20. Bauchi state governor, Bala Mohammed, recently said Fulani herdsmen carry AK-47 rifles in order to protect themselves from criminals who attack them and rustle their cows. PAY ATTENTION: Install our latest app for Android, read best news on Nigeria’s #1 news app But, Professor Akintola said the comment of the Bauchi state governor was not well-thought-out. Bauchi governor says his comment supporting AK-47 for herders was a figure of speech Breaking: Gumi meets with bandits in forests, speaks on time for release of Niger captives He noted that one of the ways to address the herdsmen crisis is to unveil the owners of the cattle. Legit.ng had reported that Governor Mohammed on Friday, February 19 defended his comment about armed herders. According to the governor, his comment supporting herdsmen arming themselves with AK-47 rifles was a figure of speech endorsing their protection. Recall that Governor Samuel Ortom of Benue state had earlier described the comments of his Bauchi counterpart supporting armed herdsmen, as disappointing. According to the Benue state chief executive, herders bearing arms violates the provisions of the Nigerian constitution. Governor Bala Mohammed was wrong for backing herdsmen carrying AK-47, OPC declares Jerrywright Ukwu is an Abuja-based senior political/defence correspondent at Legit.ng. He is a graduate of the Nigerian Institute of Journalism, Lagos and the International Institute of Journalism in Abuja. He is also a member of the Nigeria Union of Journalists. He spends his leisure-time reading history books. He can be reached via email at jerrywright39@yahoo.com. Jerrywright Ukwu Jerrywright Ukwu is an Abuja-based senior political/defence correspondent. He is a graduate of the Nigerian Institute of Journalism, Lagos and the International Institute of Journalism in Abuja. He is also a member of the Nigeria Union of Journalists. He spends his leisure-time reading history books. He can be reached via email at jerrywright39@yahoo.com.",not_about_candidate,1.0,0.02,mild,unclear,0.79,0.12,english,1.0,v3,jev-1.13.0,,,,,
legit_hausa-8b878cab1451,"AK-47: Bauchi governor makes U-turn, issues new directive to herdsmen - Legit.ng. - Following the backlash that trailed his AK-47 comment, Governor Mohammed of Bauchi state has begged herdsmen to be peaceful - The Bauchi state governor said his statement defending herders' use of AK-47 rifles was just ""a figurative allusion"" - Nevertheless, Governor Mohammed said he has no apologies for criticising those who label Fulanis as criminals PAY ATTENTION: Join Legit.ng Telegram channel! Never miss important updates! Bala Mohammed, the governor of Bauchi state, has begged Fulani herdsmen not to carry AK-47 rifles but remain peaceful. The Bauchi state governor had been severely criticised by Nigerians and his colleague governors after justifying the use of AK-47 weapons by herders. However, Governor Mohammed has urged herdsmen not to carry AK-47 rifles, clarifying that he only made ""a figurative allusion"" to the use of the weapon. Terrorism: Crisis in PDP as 2 governors 'fight', call each other names According to The Punch , the Bauchi state governor made the plea in his speech during the launch of the 2020/2021 annual livestock vaccination campaign held at the Galambi Cattle Ranch, Bauchi, on Wednesday, February 24. Legit.ng gathers that he described the Fulani people as humble, simple, and humane and vowed to do everything possible to make sure he protects and supports them. In a similar development, Governor Mohammed said he has no apology for kicking against the labelling of Fulanis as kidnappers and killers, Daily Trust reported. He said it is unfair to label a particular ethnic group as criminals as such action can breed disunity. Mohammed said over the years, Fulani herders have made sacrifices in their pastoral venture, providing the needed protein through the supply of beef. MURIC disagrees with Bauchi governor, says herdsmen have no right to carry AK-47 Nevertheless, the Bauchi state governor charged herdsmen to expose the “criminals among them” and to live within the law. Meanwhile, Legit.ng earlier reported that Samuel Ortom , the governor of Benue, issued a stern warning to herdsmen to respect the state's relevant laws or go to Bauchi state if they are bent on carrying weapons such as AK-47 around. He said Nigeria is not governed anyhow but by the constitution which gives power to governors in all the states to preside over the land of their states on behalf of the people. Ortom added that it is the governors who can allocate land and permit people to stay where they are. Nurudeen Lawal is a Legit.ng journalist passionate about fact-checking/verification journalism. He holds a Bachelor of Arts degree in Literature-in-English from Obafemi Awolowo University, Ile-Ife, Osun State. As Politics Editor, Nurudeen mostly writes on Nigeria’s political and socio-economic developments. He has attended different workshops, conferences and training on fact-checking and digital reporting, among others. Learn more about him on Twitter, @Nurudeen Lawal_ Nurudeen Lawal                                    (Head of Politics and Current Affairs Desk) Nurudeen Lawal is an AFP-certified journalist with a wealth of experience spanning over 8 years. He received his B/Arts degree in Literature in English from OAU. Lawal is the Head of the Politics/CA Desk at Legit.ng. He previously worked at Lantern Books and Saraba Magazine. Lawal was named the Political Desk Head of the Year (Nigeria Media Nite-Out Award 2023). Lawal is a member of the Oxford Climate Journalism Network. He is also a certified fact-checker (Dubawa fellowship, 2020). Contact him at lawal.nurudeen@corp.legit.ng or +2348054399455.",not_about_candidate,1.0,0.02,mild,unclear,0.53,0.15,english,1.0,v3,jev-1.13.0,,,,,
legit_hausa-a8cb3f1c2f04,"AK-47 comments: My feud with Gov Ortom regrettable, says Bauchi governor - Legit.ng. - The intense verbal exchanges between Governors Bala Mohammed and Samuel Ortom has come to an end - Both governors admitted that they were wrong to have attacked each other verbally via the media - The truce between the duo was initiated by their counterparts from Rivers and Adamawa states PAY ATTENTION: Join Legit.ng Telegram channel! Never miss important updates! Bauchi state governor, Senator Bala Mohammed , on Tuesday, March 2 described the feud between him and his Benue counterpart, Governor Samuel Ortom over comments relating to the farmers/herders crisis as regrettable. Governor Mohammed made the comment at Government House, Port Harcourt, Rivers state where host Governor Nyesom Wike and Adamawa state chief executive, Governor Ahmed Fintiri, reconciled the duo. All four governors are members of the main opposition party in Nigeria , the Peoples Democratic Party (PDP). Following a warm embrace between Ortom and Mohammed, after the truce brokered by Wike and Finitri, the Bauchi governor said the tension between him and his Benue counterpart was fuelled by widespread insecurity in the country. We need to know the truth - Nigerian governor speaks about abduction of schoolchildren PAY ATTENTION: Install our latest app for Android, read the best news on Nigeria’s #1 news app On his part, Governor Ortom said it was wrong for him and the Bauchi governor to verbally attack each other via the media. He admitted that they both mistakes, adding that as human beings, they are not above mistakes. I will not grant amnesty or negotiate with bandits, Governor Ortom declares Legit.ng had earlier shared a photo of the PDP governors embracing each other in the said meeting. Recall that at the height of their feud, Governor Ortom said that some herdsmen threatened to assassinate him after Governor Mohammed's statement that Fulani herdsmen had the right to carry AK-47. He said he believes that Governor Mohammed was the one who gave the herdsmen the power to issue a death threat on him, adding that the Bauchi governor should be held responsible if anything happens to him. Jerrywright Ukwu is an Abuja-based senior political/defence correspondent at Legit.ng. He is a graduate of the Nigerian Institute of Journalism, Lagos and the International Institute of Journalism in Abuja. He is also a member of the Nigeria Union of Journalists. He spends his leisure-time reading history books. He can be reached via email at jerrywright39@yahoo.com . Jerrywright Ukwu Jerrywright Ukwu is an Abuja-based senior political/defence correspondent. He is a graduate of the Nigerian Institute of Journalism, Lagos and the International Institute of Journalism in Abuja. He is also a member of the Nigeria Union of Journalists. He spends his leisure-time reading history books. He can be reached via email at jerrywright39@yahoo.com.",not_about_candidate,1.0,0.02,mild,unclear,0.78,0.18,english,1.0,v3,jev-1.13.0,,,,,
legit_hausa-fa4a1ea40e35,"2023: Bauchi governor will soon join APC, says Governor Zulum - Legit.ng. - There are indications that Governor Bala Mohammed of Bauchi may be heading to the All Progressives Congress (APC) - Governor Babagana Zulum has joined those in the APC trying to woo the Bauchi governor to join the ruling party - Rumours of the Bauchi governor's imminent defection to the APC has been in the news since the last quarter of 2020 PAY ATTENTION: Join Legit.ng Telegram channel! Never miss important updates! Borno state governor, Professor Babagana Zulum on Thursday, March 4 hinted that Governor Bala Mohammed of Bauchi will soon decamp from the People’s Democratic Party (PDP) to the All Progressives Congress (APC). Professor Zulum made the comment at the Bauchi state Government House during an event. Legit.ng gathered that the governors and their colleagues from other north-east states were in Bauchi to perform the groundbreaking ceremony for the reconstruction and upgrading of the Bauchi state Government House. Sanwo-Olu, Ganduje, and other governors that have received AstraZeneca COVID-19 vaccine PAY ATTENTION: Install our latest app for Android, read the best news on Nigeria’s #1 news app Channels Television quoted the Borno governor as saying: The northeast governors have been in Bauchi state since Wednesday, March 3 for their 4th zonal meeting. While Governors Inuwa Yahaya of Gombe and Umaru Fintiri of Adamawa were also present, the governors of Taraba and Yobe were represented by the deputies. Meanwhile, Governor Mohammed on Tuesday, March 2 described the feud between him and his Benue counterpart, Governor Samuel Ortom over comments relating to the farmers/herders crisis as regrettable. Governor Mohammed made the comment at Government House, Port Harcourt , Rivers state where host Governor Nyesom Wike and Governor Fintiri, reconciled the duo. South-South PDP elects new leaders, says party will take over Aso Rock in 2023 Following a warm embrace between Ortom and Mohammed, after the truce brokered by Wike and Finitri, the Bauchi governor said the tension between him and his Benue counterpart was fuelled by widespread insecurity in the country. Legit.ng had earlier shared a photo of the PDP governors embracing each other in the said meeting. Jerrywright Ukwu is an Abuja-based senior political/defence correspondent at Legit.ng. He is a graduate of the Nigerian Institute of Journalism, Lagos and the International Institute of Journalism in Abuja. He is also a member of the Nigeria Union of Journalists. He spends his leisure-time reading history books. He can be reached via email at jerrywright39@yahoo.com. Jerrywright Ukwu Jerrywright Ukwu is an Abuja-based senior political/defence correspondent. He is a graduate of the Nigerian Institute of Journalism, Lagos and the International Institute of Journalism in Abuja. He is also a member of the Nigeria Union of Journalists. He spends his leisure-time reading history books. He can be reached via email at jerrywright39@yahoo.com.",not_about_candidate,1.0,0.02,calm,Bauchi,0.68,0.26,english,1.0,v3,jev-1.13.0,,,,,
legit_hausa-50fbceff0195,"Boko Haram Fighters Entering Bauchi From Yobe, Government Cries Out - Legit.ng. - Some communities in Bauchi state have been invaded by criminals - The criminals suspected to be Boko Haram insurgents are believed to have come from Yobe state - Meanwhile, needed security support has been given to law enforcement officers in the state PAY ATTENTION: Join Legit.ng Telegram channel! Never miss important updates! The Bauchi state government has raised alarm over attacks and raids by Boko Haram insurgents. According to the secretary to the Bauchi state government, Alhaji Sabiu Baba, four local governments in the state have been attacked by the terrorists. The criminals who have destroyed some facilities in the state are said to be from neighboring Yobe, Guardian reports . The affected local governments include: Zaki, Gamawa, Darazo and Dambam. He said the state government has beefed up security around the neighboring communities, Punch Newspaper addded . Specifically, he said the criminals launched attack on a communication mast and carted away some of the properties. Tension in southeast as gunmen again attack police station, kill officer He blamed this on the influx of criminal elements from Yobe state. Meanwhile, he said the state government has given the needed support to security operatives to intensify patrol and surveillance, especially at the border communities with Yobe. Legit.ng had reported that about nine people lost their lives in another senseless killing in Nigeria. This time, the incident occurred in different villages across two local government areas of Benue state . Five were killed in TyoughAtee/Njaha Council ward Shagbaor, Tse Tûgh village, Mbatyough, Saghev all in Gwer West LGA while the remaining four were allegedly killed at Imandeakpu village along Gbajimba-University road in Guma LGA. According to the report, many people sustained gun wounds in the communities during the attacks. Villagers said the gunmen besieged their communities in the dead of the night, fired gunshots sporadically and hacked some people to death with cutlasses. In another report, the defence minister, Magashi Bashir, told troops fighting terrorist in Borno state not to fear any bullet from the terrorists, saying it will not kill them. Another tragedy in Nigeria as gunmen shoot nine dead in Benue villages He said this when he visited the Theatre Command in Maiduguri, the Borno state capital, on Sunday, April 18. Aanu Adegun Aanu Adegun is a journalist with over 9 years of experience in both digital and traditional media. A graduate of English Studies from Adekunle Ajasin University, Akungba Akoko, Ondo state. Aanu joined Legit.ng in 2016 covering politics and current affairs. Aanu started his journalism career as a features writer. He once anchored some specialised pages of a national newspaper. You can reach him via - aanu.adegun@corp.legit.ng",not_about_candidate,1.0,0.02,moderate,Zaki,0.6,0.07,english,1.0,v3,jev-1.13.0,,,,,
legit_hausa-003870c05b0f,"BREAKING: Another Nigerian Governor Sacks Commissioners, SSG, CoS - Legit.ng. - The governor of Bauch state on Wednesday, June 9, took a very bold decision over his administration's workforce - Governor Bala Mohammed has sacked the state's executive council members with immediate effect - Only advisers on security, national and state Assembly liaison, social investment and media aides were retained PAY ATTENTION: Join Legit.ng Telegram channel! Never miss important updates ! Bauchi - For reasons yet undisclosed, the governor of Bauchi, Bala Mohammed , on Wednesday, June 9, dissolved his entire cabinet and sacked the secretary to the state government, including his chief of staff. Governor Mohammed's decision which takes effect immediately is contained in a statement released on Wednesday by his media aide, Mukhtar Gidado, The Nation reports. However, advisers on security, national and state Assembly liaison, social investment, special adviser media, and publicity are not affected. Breaking: At last, Governor Uzodinma reveals those behind attacks in Nigeria Meanwhile, Governor Hope Uzodinma had sacked 20 of his commissioners . The governor announced the sacking of the officials on Wednesday, May 12, at the end of the usual weekly executive council meeting. The commissioner for information and strategy, Mbadiwe Emelumba, who spoke on behalf of the governor, told journalists that Uzodinma took the decision to enable effective governance in the state. He disclosed that the eight members of the cabinet retained by the governor include the commissioner for finance, science and technology, health, works, information, youths and sports, women affairs, and tourism. The firing of the officials came as a surprise to the affected appointees, as there was no sign that the announcement would be made. PAY ATTENTION : Install our latest app for Android, read best news on Nigeria’s #1 news app Uzodinma who recently alleged that some of his appointees were sabotaging his administration wished the affected appointee well in their future endeavours. Onyirioha Nnamdi Onyirioha Nnamdi is a graduate of Literature and English Language at the University of Lagos. He is a Politics/Current Affairs Editor who writes on news and political topics for Legit.ng. He brings into his reporting a wealth of experience in creative and analytical writing. Nnamdi has a major interest in local and global politics. He has a professional certificate from Reuters and was awarded the editor with the best listicle for 2021. Contact: 08062988054, o.nnamdi@corp.legit.ng",not_about_candidate,1.0,0.02,mild,unclear,0.51,0.12,english,1.0,v3,jev-1.13.0,,,,,
legit_hausa-a8bfa161b468,"Throwback: Video Shows Shagari Lighting a Cigarette when Prime Minister Tafawa Balewa Addressed an Audience - Legit.ng. Pay Attention: Legit.ng is on a mission to support vulnerable children of Calabar – join the initiative on Patreon , let’s change more lives together! An old video of late former president Shehu Shagari lighting a cigarette when Prime Minister Tafawa Balewa was addressing an audience in the 1960s has emerged on social media. In the video that was shared on Facebook by Jaafar Jaafar , Balewa addressed the audience on racial discrimination as he was flanked by two men, while Shagari and two others sat at the back row. Photos show students writing exams on the field with desks spaced out, school says it's to discourage cheating Videos capture emotional moment parents storm Kaduna school where bandits kidnapped students, some wail In other news, an old photo of President Buhari enjoying himself when he was younger generated massive reactions on social media. A Facebook user named Ayo Ojeniyi stunned the internet with a rare photo of President Buhari as a young man dancing with a white lady barefooted. Tunde Ososanya Tunde Ososanya, a former senior editor, is a graduate of Mass Communication from the Nigerian Institute of Journalism. He's passionate about what he does and finds fulfilment in informing the people. Ososanya is the author of Later Tonight: a Collection of Short Stories.",not_about_candidate,1.0,0.02,mild,Tafawa-Balewa,0.48,0.1,english,1.0,v3,jev-1.13.0,,,,,
