raw_id,text,sentiment_label,sentiment_confidence,mentions_candidate_probability,intensity_score,lga_relevance_label,lga_confidence,opposition_signal_probability,language_label,language_confidence,schema_version,model,reviewer_label,reviewer_reasoning,final_label,reviewed_by,reviewed_at
nairaland-a09b4d211ac1,"The more I see APC votes, the more I realize many people don’t actually need help. They are born to suffer.",not_about_candidate,0.34,0.03,strong,unclear,1.0,0.34,english,0.98,v3,jev-1.13.0,,,,,
nairaland-368c9dc0e4ac,See more results from Ede north as they keep coming,not_about_candidate,0.58,0.04,calm,unclear,0.74,0.33,english,0.96,v3,jev-1.13.0,,,,,
nairaland-814e326dfb8c,"wasiubello : The results coming from Ede North seems suspicious oooo Wasiu, it is 'suspicious' because your terrorist ja-weed party is losing.",not_about_candidate,0.58,0.02,strong,unclear,0.99,0.61,english,0.31,v3,jev-1.13.0,,,,,
nairaland-205767464565,"ogolemati : because agbero union party is loosing or what.who are those voting for that party of thugs self It is not rigging but when it favors the other person, it is rigging. Nigeria politicians are fraud",not_about_candidate,0.44,0.02,strong,unclear,0.97,0.34,english,0.49,v3,jev-1.13.0,,,,,
nairaland-d199b0007c5a,"seunowa : It is not rigging but when it favors the other person, it is rigging. Nigeria politicians are fraud who are the people voting for All Past Criminals party is what I asked",negative,0.52,0.25,strong,unclear,1.0,0.41,english,0.48,v3,jev-1.13.0,,,,,
nairaland-202f4ee9e29e,Apc is coming back with full force 💪 🙌 and nobody should shout rigging,positive,0.76,0.12,strong,unclear,1.0,0.95,english,0.9,v3,jev-1.13.0,,,,,
nairaland-772ccee175e6,ogolemati : who are the people voting for All Past Criminals party is what I asked There are no saints among Nigeria politicians. Today's election is a testament to that fact....,not_about_candidate,0.68,0.07,strong,unclear,1.0,0.2,english,0.62,v3,jev-1.13.0,,,,,
nairaland-4fa5b8f95373,"See more results from Gidigbo 1, APC is doing great",positive,0.37,0.03,mild,unclear,0.53,0.93,english,0.89,v3,jev-1.13.0,,,,,
nairaland-9d812a2351ed,The result might be declared inconclusive as it seem Accord is winning. Just modus operandi of APC,not_about_candidate,0.5,0.03,moderate,unclear,1.0,0.67,english,0.91,v3,jev-1.13.0,,,,,
nairaland-c5b405e2a343,🤣😂🤣😂 These are the realities! Not the online noise and forgery! APC is trashing them all round!,not_about_candidate,0.26,0.03,strong,unclear,1.0,0.93,english,0.93,v3,jev-1.13.0,,,,,
nairaland-b6d414b69409,Common ADC ^**** 😃 😀 😄 😁 🤣 😂 *** AMINDA  the son of Alhaji  Muniru ADAMAWA,not_about_candidate,0.66,0.03,mild,unclear,0.92,0.24,english,0.81,v3,jev-1.13.0,,,,,
nairaland-81fec5a643a0,Ambo wins 🙏🏻🙏🏻🙏🏻,positive,0.6,0.03,strong,unclear,0.89,0.26,english,0.78,v3,jev-1.13.0,,,,,
nairaland-83e408ee2639,More results from polling units across the state,not_about_candidate,0.48,0.07,calm,unclear,1.0,0.25,english,1.0,v3,jev-1.13.0,,,,,
nairaland-b15bba52ee09,"Lmao, una dey in the past on this thread. I saw someone scream ambo go win. 🤣🤣🤣 As seen on Twitter.",negative,0.71,0.07,mild,unclear,0.95,0.28,mixed,0.58,v3,jev-1.13.0,,,,,
nairaland-866b46cae663,"Truths9ja : Ambo wins 🙏🏻🙏🏻🙏🏻 Oga shut up, stop peddling fake results",negative,0.23,0.05,strong,unclear,0.85,0.3,mixed,0.64,v3,jev-1.13.0,,,,,
nairaland-57134b5f533c,Calm down as Adeleke keep coasting to victory,not_about_candidate,0.65,0.04,mild,unclear,0.97,0.35,english,0.92,v3,jev-1.13.0,,,,,
nairaland-34830d731cef,How can a matured human being bath and leave their house to go and vote for APC.. a terrorist organization.. I still find those APC figures hard to believe..,not_about_candidate,0.36,0.02,strong,unclear,1.0,0.45,english,0.94,v3,jev-1.13.0,,,,,
nairaland-d3cd2228b9b8,"Linzo : Calm down as Adeleke keep coasting to victory It's not even close, all APC data boys don mute on Twitter 🤣🤣🤣",not_about_candidate,0.42,0.03,strong,unclear,0.99,0.69,english,0.42,v3,jev-1.13.0,,,,,
nairaland-4856af79ab3c,Kdon2 : The dancer is clearly winning this election. Shame on all osun people Same people of Osun that voted for him?,not_about_candidate,0.76,0.03,strong,unclear,1.0,0.41,english,0.81,v3,jev-1.13.0,,,,,
nairaland-fcd84160fee1,malakaimoscondo : those who did not participate will pay for doing that..if they bad guy won..they will pay for that They are the very one shouting the loudest,negative,0.37,0.04,strong,unclear,0.99,0.35,english,0.36,v3,jev-1.13.0,,,,,
nairaland-b5d1c40817db,This APC guy is not even doing fine in his own local government,negative,0.73,0.03,moderate,unclear,1.0,0.63,english,0.85,v3,jev-1.13.0,,,,,
nairaland-b0064cad4d2a,Kdon2 : The dancer is clearly winning this election. Shame on all osun people Wait and be patient.,not_about_candidate,0.48,0.03,strong,unclear,0.99,0.47,english,0.84,v3,jev-1.13.0,,,,,
nairaland-7df038a13482,HacheNoire : Be patient! Adeleke will conveniently lose. Mr Propagandist try and look for food to eat. 🤓,negative,0.58,0.04,moderate,unclear,0.95,0.48,english,0.75,v3,jev-1.13.0,,,,,
nairaland-e28dcc66a5de,"Belurved1 : Imagine only 0.6% of the entire population of a state participating in a gubernatorial election, and we're calling the outcome truly representative and free and fair. How can such a tiny fraction of the state's population effectively determine who governs everyone? Elections should reflect the will of the people, not just the votes of a very small percentage of the population. Honestly, we are not there yet. Is that the fault of PBAT?",not_about_candidate,0.36,0.03,moderate,unclear,0.94,0.24,english,0.99,v3,jev-1.13.0,,,,,
nairaland-8a63fe7ad052,Accord will win. Adeleke is coming back,not_about_candidate,0.57,0.04,mild,unclear,0.9,0.33,english,0.96,v3,jev-1.13.0,,,,,
nairaland-09f59217f2bc,SO ADELEKE GO DANCE GO HIM HOUSE CHAI... I FEEL FOR HIM SHA,not_about_candidate,0.47,0.03,strong,unclear,0.94,0.29,mixed,0.77,v3,jev-1.13.0,,,,,
nairaland-3db696bb4395,Imole!!!! 2030!!,not_about_candidate,0.53,0.04,very_strong,unclear,0.92,0.21,other,0.23,v3,jev-1.13.0,,,,,
nairaland-677784ebed16,"Almiron : Lmao, una dey in the past on this thread. I saw someone scream ambo go win. 🤣🤣🤣 As seen on Twitter. Nor deceive yourself, Ademola won't win.",negative,0.76,0.06,moderate,unclear,0.97,0.35,mixed,0.77,v3,jev-1.13.0,,,,,
nairaland-57a9477b76c3,Openyamind111 : 😂 most of you guys will be heartbroken because you do everything with emotions which is for the weak.. Ademola Adeleke won't win.,not_about_candidate,0.42,0.03,strong,unclear,0.93,0.38,english,0.98,v3,jev-1.13.0,,,,,
nairaland-575d9918136e,ogolemati : like allocating guys like you to busstops. So because they gave you ijesha busstop to manage now that's creating jobs How old are you? Your logic is so poor that even a gateman will make meaningful contributions than you do,negative,0.59,0.02,strong,unclear,1.0,0.26,english,0.56,v3,jev-1.13.0,,,,,
nairaland-14e0bdd04861,"seunowa : Oga shut up, stop peddling fake results That guy is an agbero. That's how u knw them. He's trying to hijack the thread thinking it's ballot box",negative,0.59,0.03,strong,unclear,0.99,0.3,mixed,0.48,v3,jev-1.13.0,,,,,
nairaland-3e4fc3ec16a0,"Pootle : the turn out is low, no one should complain after this election Why is the turn out low.... Use force and security to threaten people We saw a video of a woman telling people if they don't vote APC dey should stay at home U give me guns",not_about_candidate,0.61,0.03,very_strong,unclear,1.0,0.5,english,0.37,v3,jev-1.13.0,,,,,
nairaland-2eedc42a5fcc,Ttalk : How old are you? Your logic is so poor that even a gateman will make meaningful contributions than you do Shattap your mouth dia!!!  I can see your bright logic.. are gatekeepers dumb people or what? Na the guy wey dey give you attention I blame.. you claim you're bright but couldn't figure a gateman is one of the smartest because you can't be a security if you're dumb.. you go wail tire terrorist organization APC won't win,negative,0.53,0.04,very_strong,unclear,1.0,0.52,mixed,0.7,v3,jev-1.13.0,,,,,
nairaland-3b591ca19a10,Inspirer1 : Where are APC strongholds? APC don't have any stronghold anywhere that's why they so rely on rigging to win election,not_about_candidate,0.78,0.02,strong,unclear,1.0,0.48,english,0.98,v3,jev-1.13.0,,,,,
nairaland-6d9620b7e16f,Fadahunsi abi na Modahunsi right now crying egbami oooo! After all the threats see how you don make ya self a big fool and a complete joke.,negative,0.68,0.03,strong,unclear,0.92,0.35,mixed,0.64,v3,jev-1.13.0,,,,,
nairaland-d6b99aec49b3,Jokay07 : Please who is leading? Who is leading or who has won?,not_about_candidate,0.54,0.04,calm,unclear,1.0,0.11,english,0.7,v3,jev-1.13.0,,,,,
nairaland-474d6e04245a,Cry on loser! You & your clueless evil party will continue to lose. Ezewuzie01 : Expect the demented Peter Obi to issue a press statement to claim glory for Adeleke's victory even though the agulu thief had nothing to do with it.,not_about_candidate,0.77,0.02,very_strong,unclear,0.99,0.58,english,0.59,v3,jev-1.13.0,,,,,
nairaland-91a40d497252,"hush15 : Apparently, it was press9jatv's defeat that was imminent... In fact, press9jatv is a goner😂😂🤣🤣. I told this dude about Adeleke’s victory since the beginning of this year but he seems adamant and ignorant. People’s will has been granted by God. This is how politics should be played; “ Let your work speak for you”. We’re tired of food and palliative government. We go again 2027!",not_about_candidate,0.38,0.03,strong,unclear,0.96,0.44,english,0.82,v3,jev-1.13.0,,,,,
nairaland-8a8f53e8dfa8,Oo0Oo0Oo0 : seunmsg is in sifia pains right now. Hahahaha...you forgot to add press9jatv,not_about_candidate,0.45,0.03,mild,unclear,0.98,0.22,english,0.32,v3,jev-1.13.0,,,,,
nairaland-a812ba338bcc,See how we're still conducting elections in 2026! Why wouldn't the world laugh at us?,not_about_candidate,0.78,0.03,moderate,unclear,1.0,0.2,english,1.0,v3,jev-1.13.0,,,,,
nairaland-9c73302e3a9d,"tonididdy : 🤣🤣🤣🤣 I like as Dem do my d7 Tinibu doesn't want to soil his hands deeper in the SW mud because them don dey vex for an b4 now. He knows he needs them next year, hence he refused to use his federal might yesterday. He allowed Oyetola to use it",not_about_candidate,0.49,0.03,strong,unclear,0.97,0.6,mixed,0.4,v3,jev-1.13.0,,,,,
nairaland-c2323e97bec4,"Prince111111 : He talks like God! Adeleke’s defeat is always imminent according to him🤣🤣 sincerely, I don't know where he got the confidence of APC defeating Adeleke. He's gone numb since.",negative,0.61,0.03,moderate,unclear,0.93,0.63,english,0.92,v3,jev-1.13.0,,,,,
nairaland-12fbb5e88d20,Prince111111 : He talks like God! Adeleke’s defeat is always imminent according to him🤣🤣 I think those adc votes gave adeleke victory,negative,0.28,0.03,moderate,unclear,0.91,0.5,english,0.95,v3,jev-1.13.0,,,,,
nairaland-819a8cf5902a,"princeliquidray : Support APC with your full chest. Stop hiding under the cover of neutrality because APC is currently losing I don't support APC anywhere; I support Tinubu with a Full chest. Attached is my status last night, I don't need to pretend to be what I am not.",not_about_candidate,0.65,0.03,strong,unclear,1.0,0.63,english,0.95,v3,jev-1.13.0,,,,,
nairaland-43b906e598b1,You delivered it how? Truths9ja : I delivered my ward 8 unit 6 despite all the gragra and intimidation Osogbo lg ‎AA 2 ‎ADP 3 ‎ADC 12 ‎APC 199 ‎ZLP 2 ‎Accord 183,not_about_candidate,0.68,0.03,strong,unclear,1.0,0.7,english,0.5,v3,jev-1.13.0,,,,,
nairaland-1dd45b43fc2f,"Seconded. Tooreda : The more I see APC votes, the more I realize many people don’t actually need help. They are born to suffer.",negative,0.36,0.05,moderate,unclear,0.86,0.45,english,0.75,v3,jev-1.13.0,,,,,
nairaland-0acf5aefb94f,"tonididdy : Your status holds no water but you're right on one thing, tinibu would prefer adeleke keep ship. Why? Because he already has a bad reputation in the SW, they are disappointed and angry at him, allowing the preferred people's candidate to win, is a win for the SE and a less tension released. All na for 2027, to be in the good book of the SW And also for the international community",not_about_candidate,0.73,0.02,moderate,unclear,0.99,0.49,mixed,0.78,v3,jev-1.13.0,,,,,
nairaland-715c4769b3c4,"Make it 790,000. One nzuzu.💩 HacheNoire : APC extends lead by 79,000",negative,0.13,0.03,mild,unclear,0.81,0.84,mixed,0.39,v3,jev-1.13.0,,,,,
nairaland-ed872f56ccf7,"bigpicture001 : Abuja doesn't matter for presidential election because it has low number of electorates...but state capitals matter for state gov. Election because all state capitals constitute a significant portion of vote state-wide If Abuja is not important what of lagos? Did Tinubu not lose Lagos? This talk has no logic behind it. many  governors have lost state capitals and still won. I don't know where you get that rule from . Mutfwang lost North, the most populous LGA, didn't he win? That talk is just talk. By the way ADELEKE won, so u can see your logic failed",not_about_candidate,0.63,0.03,strong,unclear,0.74,0.51,english,0.95,v3,jev-1.13.0,,,,,
nairaland-c6eb9da7eff4,"YourGFsnatcher : If Abuja is not important what of lagos? Did Tinubu not lose Lagos? This talk has no logic behind it. many  governors have lost state capitals and still won. I don't know where you get that rule from . Mutfwang lost North, the most populous LGA, didn't he win? That talk is just talk. By the way ADELEKE won, so u can see your logic failed Did Adeleke lose osogbo..?",not_about_candidate,0.52,0.03,strong,unclear,0.82,0.66,english,0.95,v3,jev-1.13.0,,,,,
nairaland-b989dcd82552,Prince111111 : yes they voted for him Plus omisore people as you predicted,neutral,0.2,0.05,calm,unclear,0.89,0.47,english,0.5,v3,jev-1.13.0,,,,,
nairaland-5148667e85dc,Akpakomiza2 : Plus omisore people as you predicted Yes bro,negative,0.16,0.05,mild,unclear,0.97,0.28,mixed,0.76,v3,jev-1.13.0,,,,,
nairaland-94129c95c1c9,blackgold2018 : he already did. But failed. This was election not a protest. The people simply protected their votes. He is or we ve never experienced this in history of Nigeria. This is only litmus way to protect our votes Can we do this in the presidential elections?,not_about_candidate,0.26,0.04,strong,unclear,1.0,0.36,english,0.99,v3,jev-1.13.0,,,,,
nairaland-61b6da500612,"Bendeco2020 : Oga rest. He supported APC, but the rigging was not enough for the APC candidate to win. What's your point now? Did Tinubu campained for Adeleke to win? You just proved my point. Be smart",not_about_candidate,0.61,0.02,strong,unclear,0.99,0.77,mixed,0.59,v3,jev-1.13.0,,,,,
nairaland-e619640abcf6,Also read https://www.nairaland.com/8733189/icpc-uncovers-fourth-fake-agency#140405777,not_about_candidate,0.7,0.2,calm,unclear,1.0,0.18,english,0.99,v3,jev-1.13.0,,,,,
nairaland-8fe1b6bb3070,"Patiently waiting for 2pm. That mouth adeleke use to  Anoint tinubu for second term, nah that same mouth he go use take cry today.😁😁😁😁",not_about_candidate,0.46,0.03,moderate,unclear,0.97,0.59,mixed,0.63,v3,jev-1.13.0,,,,,
nairaland-ffa33d60578f,Observing quietly,not_about_candidate,0.57,0.04,calm,unclear,1.0,0.1,english,1.0,v3,jev-1.13.0,,,,,
nairaland-cb77f1d86e9f,* . Modified: 2:07pm On Aug 15 Omo Ambo dey break Adeleke face like this baba no dey c road again They flog twhole governor like theif chai,not_about_candidate,0.68,0.02,strong,unclear,0.92,0.41,mixed,0.71,v3,jev-1.13.0,,,,,
nairaland-ab69bd5c0ea2,Omo Ambo dey break Adeleke face like this baba no dey c road again They flog twhole governor like theif chai,not_about_candidate,0.57,0.03,strong,unclear,0.92,0.42,mixed,0.55,v3,jev-1.13.0,,,,,
nairaland-3dbdceaeddd6,Freshtruth : Omo Ambo dey break Adeleke face like this baba no dey c road again Stop Capping and post result.,negative,0.33,0.03,strong,unclear,0.9,0.46,mixed,0.82,v3,jev-1.13.0,,,,,
nairaland-663da244c32f,"Bluntemperor : Too Bad for your Party and Failed Promises . Some of you can't do without Mentioning Tinubu,as if he controls Una rooms- na fear 😨 de catch Una, anyway. The Osun State People, decided to say 'Otoge '- for any Dancing and that is how  Governance Should Be- A Serious Business For the Development of the State, - For,it is too high a Stake- than Dancing For Another 4- years. Good luck to the Best Candidate Who Wins😁 AMBO is winning. You can take that to the bank.",not_about_candidate,0.44,0.06,strong,unclear,1.0,0.37,mixed,0.67,v3,jev-1.13.0,,,,,
nairaland-5b7833c324f0,"UzorIyke : Omo, see how PDP just crumble,  once powerful party in Nigeria,  now it is nothing. They don't even have a candidate at all. Someone will said that the candidate step down to support Accord, but the APM also step down but they're in the list. Lastly stepping down does not mean that you won't be in ballot,  rather it means that you openly tell your supporters not to vote for you rather vote for my preferred candidate. Nigeria will be great again. Shalom. Nigeria can't be great with the current system that we have.",neutral,0.27,0.95,strong,unclear,1.0,0.42,mixed,0.48,v3,jev-1.13.0,,,,,
nairaland-88dfd7b1f4e8,"But why are ADC online supporters rooting for Adeleke when they have their own governorship candidate? Meanwhile, whoever wins between Adeleke’s Accord Party and APC will be working for PBAT’s re-election, Adeleke already endorsed him.",negative,0.14,0.03,mild,Tafawa-Balewa,0.52,0.6,english,0.98,v3,jev-1.13.0,,,,,
nairaland-533cabf49302,"Always remember to switch On your brain Sonnobax15 : in a free and fair election,even a scare crow will defeat every single APC flag bearer across the country.  Even ordinary street chairmanship position una no go see.",not_about_candidate,0.58,0.02,strong,unclear,1.0,0.47,mixed,0.92,v3,jev-1.13.0,,,,,
nairaland-0c6856a73fa7,"Sonnobax15 : in a free and fair election,even a scare crow will defeat every single APC flag bearer across the country.  Even ordinary street chairmanship position una no go see. election is only free and fair when your candidate wins, yeye folw when no dey lay eggs.",not_about_candidate,0.62,0.02,strong,unclear,1.0,0.52,mixed,0.92,v3,jev-1.13.0,,,,,
nairaland-c1d0ba34e490,Imagine among the contestant no NDC what a shame and that is NDC who want to win 2027 ba? I nor fit laugh wallahi. E go hot for obi and NDC in 2027 we will do them very strong thing.,not_about_candidate,0.78,0.02,strong,unclear,0.98,0.21,mixed,0.85,v3,jev-1.13.0,,,,,
nairaland-f74bace0cff6,"1Youngestuk : Patiently waiting for 2pm. That mouth adeleke use to  Anoint tinubu for second term, nah that same mouth he go use take cry today.😁😁😁😁 Lol, but that Dancing governor na very funny man. Eh dey endorse Tinubu den expect Tinubu to leave him APC person come support am.",not_about_candidate,0.53,0.03,strong,unclear,0.97,0.69,mixed,0.76,v3,jev-1.13.0,,,,,
nairaland-4108a517db05,"Sonnobax15 : in a free and fair election,even a scare crow will defeat every single APC flag bearer across the country.  Even ordinary street chairmanship position una no go see. Apc that just won ekiti, that is evenly matched with the accord party in osun,that came runners up in anambra and swept fct with your party and political interest nowhere to be found in all of these......and you open your mouth to run down such a force,your delusion is not ordinary, its divine and dreamers dont win anything.",not_about_candidate,0.7,0.02,very_strong,unclear,1.0,0.62,mixed,0.68,v3,jev-1.13.0,,,,,
nairaland-c6f7730196c4,All these online urchins deceiving themselves all the time.... nonsense Hemanwel : Let's settle it here first before INEC releases their results. Hit the 'Like' button for Adeleke Hit 'Share' for 'Ambo',not_about_candidate,0.48,0.03,strong,unclear,0.96,0.55,english,0.63,v3,jev-1.13.0,,,,,
nairaland-10881441872f,Bayoonanuga : apc is winning it this time around only by rigging.,not_about_candidate,0.5,0.03,strong,unclear,0.8,0.55,english,0.47,v3,jev-1.13.0,,,,,
nairaland-dd65a79af726,"AMINDA : That is Tunubu's legacy on our democracy. He destroyed the political parties that came second (PDP), third (LP) and fourth (NNPP) in just 3 years of being in power using apparatus of state. He is still trying to destroy the ADC and the NDC too. He did not destroy anything. Handle your own business well instead of crying about what other people are doing to you.",not_about_candidate,0.57,0.02,strong,unclear,0.96,0.55,english,0.91,v3,jev-1.13.0,,,,,
nairaland-df2b2b7169d6,"MEGAWATCH : At least the world has not come to rescue our children and their teachers inside the bush after spending 50 days. You are now competing with the North and the way you are going, it's like you will win them with this introduction of flogging Obas. 🤣🤣🤣🤣🤣🤣🤣🤣🤣🤣🤣 u are only pained because Nigerians rejected u in d last election. Either u go n kidnap yourself to make news na your problem, tinubu will rule your papa till 2031 If u like attack Yoruba land from not till next year, tinubu will rule your papa till 2031",not_about_candidate,0.38,0.02,very_strong,unclear,0.98,0.73,mixed,0.56,v3,jev-1.13.0,,,,,
nairaland-5f82b329b304,"aswani : He did not destroy anything. Handle your own business well instead of crying about what other people are doing to you. You should stick to facts and stop being a balablu bulaba propagandist liar. Abi, you have a different meaning of DESTROY ni https://www.youtube.com/watch?v=Y5Tta19OYEE?si=HknaDB2bw8FaAD3r anonimi : What group of politicians is more wicked than A-looter Propaganda Conmen, APC https://x.com/BusinessDayNg/status/1554497253158658049 How we brought In Fulani militias from Mali, Sierra Leone, Senegal, others to win 2015 election — Kawu Baraje - mailchi.mp/businessday.ng… Aug 2, 2022",not_about_candidate,0.72,0.03,very_strong,unclear,0.99,0.58,mixed,0.61,v3,jev-1.13.0,,,,,
nairaland-45c0b9b25f0a,"Sonnobax15 : in a free and fair election,even a scare crow will defeat every single APC flag bearer across the country.  Even ordinary street chairmanship position una no go see. 😆 🤣 😂",not_about_candidate,0.63,0.02,strong,unclear,1.0,0.4,mixed,0.92,v3,jev-1.13.0,,,,,
nairaland-ec5269e1c558,"BATified2023 : u are only pained because Nigerians rejected u in d last election. Either u go n kidnap yourself to make news na your problem, tinubu will rule your papa till 2031 If u like attack Yoruba land from not till next year, tinubu will rule your papa till 2031 At least we are better than those who are shouting Ebi mpawa azu after voting a criminal who has come to steal them dry. Na una dey cry hunger, na una dey run away from bandit, na una head dem dey cut..... 🤣🤣🤣🤣🤣🤣🤣🤣",negative,0.41,0.02,very_strong,unclear,0.98,0.85,mixed,0.83,v3,jev-1.13.0,,,,,
nairaland-5d7cb06084b6,"MEGAWATCH : At least we are better than those who are shouting Ebi mpawa azu after voting a criminal who has come to steal them dry. Na una dey cry hunger, na una dey run away from bandit, na una head dem dey cut..... 🤣🤣🤣🤣🤣🤣🤣🤣 at least we are running from bandits, no bandit in your own region but u are running from poverty The only people from economic desert who still make noise",not_about_candidate,0.28,0.03,strong,unclear,0.95,0.43,mixed,0.86,v3,jev-1.13.0,,,,,
nairaland-0edc9632569f,Let results of form EC8A from the polling units start rolling in,not_about_candidate,0.67,0.04,calm,unclear,1.0,0.21,english,0.97,v3,jev-1.13.0,,,,,
nairaland-820125aa247b,Stevoh4eva : Let results of form EC8A from the polling units start rolling in The thing done tire me. This is almost 3:30 pm and no material for me to take laugh davido uncle.😁😁😁,not_about_candidate,0.53,0.02,mild,unclear,0.96,0.27,mixed,0.64,v3,jev-1.13.0,,,,,
nairaland-87e177b28c2d,1Youngestuk : The thing done tire me. This is almost 3:30 pm and no material for me to take laugh davido uncle.😁😁😁 People really came out to vote in Mass.. Like voting suppose to end by 2:30pm. But people still dey troop out,not_about_candidate,0.78,0.02,mild,unclear,0.98,0.18,mixed,0.61,v3,jev-1.13.0,,,,,
nairaland-775eb9c3be33,The election is 50/50 Any of the two major contestant can win,not_about_candidate,0.66,0.03,calm,unclear,1.0,0.15,english,0.98,v3,jev-1.13.0,,,,,
nairaland-d0967043e13c,"Luckybrother1 : People really came out to vote in Mass.. Like voting suppose to end by 2:30pm. But people still dey troop out My own nah say make Adeleke cryyyyyy. As long as say you Dey support tinubu, you must be my enemy. Tinubu style of politics is dangerous to democracy.",not_about_candidate,0.75,0.02,strong,unclear,0.99,0.65,mixed,0.69,v3,jev-1.13.0,,,,,
nairaland-3f7001f97fab,1Youngestuk : The thing done tire me. This is almost 3:30 pm and no material for me to take laugh davido uncle.😁😁😁 The result don dey come out Adeleke and AMBO dey go head to head,neutral,0.31,0.16,mild,unclear,0.94,0.26,mixed,0.63,v3,jev-1.13.0,,,,,
nairaland-b2df0aafb441,That person cap looks like clown,negative,0.73,0.03,mild,unclear,1.0,0.17,english,0.98,v3,jev-1.13.0,,,,,
nairaland-45772bb1c321,"I am surprised we still have people rooting for BAT cone 2027, with the present state of the economy, insecurity and nepotism, anyway only a nepotistic can root for him. damoobaba : 2027 elections is between Asiwaju and Atiku. Obi on the ballot will only take some votes OFF ATIKU. Whether obi is on the ballot or not, Asiwaju is winning in 2027.",negative,0.48,0.02,strong,unclear,0.95,0.57,english,0.77,v3,jev-1.13.0,,,,,
nairaland-0480fa1a1ddc,"Noblex2011 : Are you now saying he still didnt rigged despite those guys winning. See, if not for the manipulation, he was extremely beating totally then. Stop all these rants, leave all this. There are some states that will still not gree even with the rigging or might Who are you to stop a rigging machine,do even know how rigging is done,do you even understand the system.......the easiest elections to rig are elections that are very close like the lagos and the osun votes,who could have stopped apc if they wanted to......yes he cant rig where he isn't popular like SE .",not_about_candidate,0.56,0.02,strong,unclear,1.0,0.69,english,0.97,v3,jev-1.13.0,,,,,
nairaland-64ceba36f4b3,"Svoboda : So, you are considering Gbenga Hashim a major contender in 2027? Doesn't it sound absurd that a whole sitting president is being rejected in his ancestral home 2nd time of asking? Perhaps there's something they know more than we do. The aim is winning aso rock not your state. The absurd thing is Atiku losing the north to a southerner",not_about_candidate,0.78,0.02,moderate,unclear,0.94,0.62,english,0.95,v3,jev-1.13.0,,,,,
nairaland-451b0e9422ee,"Bendeco2020 : No need to argue with you on that. He is useful with M-M ticket that Trump despise. Relax till 2027. Lol, the election is done and dusted. Obi is a toy",negative,0.4,0.02,moderate,unclear,0.98,0.6,english,0.94,v3,jev-1.13.0,,,,,
nairaland-6ec6f5b2fa7f,"Akpakomiza2 : The aim is winning aso rock not your state. The absurd thing is Atiku losing the north to a southerner Is it not the small wins that will translate to aso rock? As for Atiku, as usual, fingers crossed.",not_about_candidate,0.79,0.03,moderate,unclear,1.0,0.79,english,0.86,v3,jev-1.13.0,,,,,
nairaland-f39d205045fd,HIGHESTPOPORI : Obi tsunami is even bigger now with kwankwanso Bigger by additional 500k votes,not_about_candidate,0.67,0.02,mild,unclear,0.86,0.47,mixed,0.42,v3,jev-1.13.0,,,,,
nairaland-1f3e0a112c7a,Akpakomiza2 : Exactly why he lost He lost becos his vp candidate was weak which he have corrected,positive,0.38,0.1,moderate,unclear,1.0,0.48,english,0.71,v3,jev-1.13.0,,,,,
nairaland-780eb5217629,HIGHESTPOPORI : He lost becos his vp candidate was weak which he have corrected Lol,negative,0.55,0.05,moderate,unclear,0.99,0.46,english,0.62,v3,jev-1.13.0,,,,,
nairaland-63634b0dee44,Inspirer1 : the turn out appears massive from different Polling units That's true.,positive,0.5,0.03,mild,unclear,1.0,0.25,english,0.97,v3,jev-1.13.0,,,,,
nairaland-500afd4a3af4,"erad : Who mounted the structure for Ribadu? Make una calm down with una nonsense analysis. Osun state voters are different. Stupid question, which party was in charge of osun when ribadu won?",not_about_candidate,0.76,0.04,strong,unclear,0.99,0.49,mixed,0.81,v3,jev-1.13.0,,,,,
nairaland-70df8ba53e4c,"Bendeco2020 : No need to argue with you on that. He is useful with M-M ticket that Trump despise. Relax till 2027. Shows how inept you are with international politics, hates which M M ticket.....so the Saudi  and other Arab friends he has are what and you think they can't have interest too.....a call from Saudi is far more valuable to Trump than a call from the pope.",not_about_candidate,0.44,0.04,strong,unclear,1.0,0.4,english,0.97,v3,jev-1.13.0,,,,,
nairaland-2ac2e684a36a,"HIGHESTPOPORI : Obi tsunami is even bigger now with kwankwanso Kwakwanso that even obi beat blue black in the north is the one that now wants to put up a challenge against tinubu........the person hypnotising  and deceiving you guys,him juju nah American made.",not_about_candidate,0.55,0.03,strong,unclear,0.94,0.65,mixed,0.66,v3,jev-1.13.0,,,,,
nairaland-e16013228c2b,"Noblex2011 : Look at you 😆 You didn't even know that he lost 2 state in South West. But still won the overall election, apc has told you obidients they are waiting for you in lagos cone 27,the same way obidients are waiting for them in SE and adeleke has unequivocallytold you who he is going with in 27......let the elections begin.",not_about_candidate,0.7,0.02,strong,unclear,1.0,0.73,english,0.85,v3,jev-1.13.0,,,,,
nairaland-387878b87cf1,"Lithiumite : But still won the overall election, apc has told you obidients they are waiting for you in lagos cone 27,the same way obidients are waiting for them in SE and adeleke has unequivocallytold you who he is going with in 27......let the elections begin. You know what? I like the way you people are portraying him now 😆.  He is unbeatable right? Wait till then",not_about_candidate,0.57,0.02,strong,unclear,1.0,0.7,english,0.9,v3,jev-1.13.0,,,,,
nairaland-24dc17941b5d,"Bendeco2020 : And you're depending 100% on manipulation right? So Nigerians are mugu right? Don't worry. Hope you will put body for him in 2027 so you will pay with your life. In your Next life, you wise up. You guys careless yarning is getting worse. And all these rubbish talk have to stop. Your helplessness  is paining you abi......better go and see how you would make it out of the hunger you said you are suffering from and leave politics for who sabi.",negative,0.67,0.03,very_strong,unclear,1.0,0.34,mixed,0.65,v3,jev-1.13.0,,,,,
nairaland-ce747192f322,"erad : Like I said, a lot of you are hungry jobbers with no knowledge of history as regards politics in Nigeria. Before the election day, did ACN endorse Jonathan or not? How does that change the fact a gov determines what happens in his state.",not_about_candidate,0.74,0.02,strong,unclear,1.0,0.57,english,0.82,v3,jev-1.13.0,,,,,
nairaland-8384ab6801a8,"Jayhome24 : Trusted person on X you must be kidding for real. You arenot ready yet when you are ready update me. We have so many people there. We have mrbanks, mayor of Ekiti. People we can but trust who are popular. Okay how do we bet?? Who do we give the money to?? Or you want me to send the money to you?? Be like you be thief oooo.",not_about_candidate,0.43,0.02,strong,unclear,1.0,0.25,english,0.48,v3,jev-1.13.0,,,,,
nairaland-2b95038ace30,Apc is leading Ignore those fake results from fake websites,positive,0.5,0.09,strong,unclear,1.0,0.88,english,0.87,v3,jev-1.13.0,,,,,
nairaland-1809a9c926b9,Bayoonanuga : Apc is leading Ignore those fake results from fake websites and how is your own results real? Show proof,negative,0.48,0.17,strong,unclear,0.85,0.75,english,0.45,v3,jev-1.13.0,,,,,
nairaland-084600673c05,APC done start the Rigging. Nah Night them them always rig the election.,not_about_candidate,0.43,0.03,strong,unclear,1.0,0.82,english,0.39,v3,jev-1.13.0,,,,,
nairaland-89064cfcfd36,Bayoonanuga : Apc is leading Ignore those fake results from fake websites 😆 🤣 😂 Your name say it all 😆,negative,0.34,0.24,strong,unclear,0.8,0.89,english,0.63,v3,jev-1.13.0,,,,,
nairaland-0106360945eb,1Youngestuk : APC done start the Rigging. Nah Night them them always rig the election. don’t get yourself arrested Don’t think you’re anonymous,negative,0.56,0.09,strong,unclear,0.98,0.64,english,0.82,v3,jev-1.13.0,,,,,
nairaland-8ceda9c9b673,Bayoonanuga : don’t get yourself arrested Don’t think you’re anonymous Will you keep qûiet there? Bastárd oshî,negative,0.37,0.03,strong,unclear,0.89,0.15,mixed,0.7,v3,jev-1.13.0,,,,,
nairaland-15080d34cee9,Bayoonanuga : don’t get yourself arrested Don’t think you’re anonymous See this mugu sef dey threaten. ---------------------------------------------,not_about_candidate,0.36,0.04,strong,unclear,0.91,0.17,mixed,0.83,v3,jev-1.13.0,,,,,
nairaland-91f6297127a7,"You have the biggest task, that has become a burden over you, look at the way you open your mouth mentioning my family. Ọmọ ire kàn o kin bu molebi ẹlòmíràn. damoobaba : What is the present state of the economy, THE ECONOMY IS BOUNCING BACK. If you and your family members are suffering, I will suggest you go and do correct SPIRITUAL BATH in a flowing river.",negative,0.53,0.04,strong,unclear,0.99,0.36,mixed,0.75,v3,jev-1.13.0,,,,,
nairaland-b151573ec103,"phemmie06 : You have the biggest task, that has become a burden over you, look at the way you open your mouth mentioning my family. Ọmọ ire kàn o kin bu molebi ẹlòmíràn. I am sure he doesn't come from a good family. Just ignore his level of stupidity.",negative,0.58,0.03,strong,unclear,1.0,0.09,mixed,0.62,v3,jev-1.13.0,,,,,
nairaland-47a32b287931,"AMINDA : That is Tunubu's legacy on our democracy. He destroyed the political parties that came second (PDP), third (LP) and fourth (NNPP) in just 3 years of being in power using apparatus of state. He is still trying to destroy the ADC and the NDC too. how did he destroy them using the state appatus? Abi they crime under their own indolence? You to funny",not_about_candidate,0.47,0.02,strong,unclear,0.95,0.52,mixed,0.35,v3,jev-1.13.0,,,,,
nairaland-9e66d6f426c7,Bayoonanuga : Apc is leading Ignore those fake results from fake websites,positive,0.74,0.13,strong,unclear,0.76,0.91,mixed,0.35,v3,jev-1.13.0,,,,,
nairaland-fa8ce02186a8,"phemmie06 : You have the biggest task, that has become a burden over you, look at the way you open your mouth mentioning my family. Ọmọ ire kàn o kin bu molebi ẹlòmíràn. Ori e buru. So you know all these and you're insulting me.",not_about_candidate,0.4,0.03,strong,unclear,1.0,0.07,mixed,0.48,v3,jev-1.13.0,,,,,
nairaland-3fd51bbec731,"phemmie06 : I am surprised we still have people rooting for BAT cone 2027, with the present state of the economy, insecurity and nepotism, anyway only a nepotistic can root for him. The President is bombarding insecurity. It's a process, only PBAT can handle those band!ts. Other presidential candidates are already talking about negotiating with bandits. They wnt us to go back to the days of Monday sit at home by releasing nnamdi kanu and allowing bandits to go back to ILLEGAL MINING. We shall not go back to Egypt. All of you wishing Nigeria bad to go back to negotiating with bandits because of FEAR OF CRIMINALS, God is bigger than you. Asiwaju will face them and will be victorious.",positive,0.44,0.02,very_strong,unclear,0.98,0.43,english,0.94,v3,jev-1.13.0,,,,,
nairaland-9212a0d3ccfe,"aswani : Fine, so explain in a bit more detail how ""Genuine victories are usually clear."" By the way, a lot of people in Ogun state think Yayi is an interloper from Lagos so a poor example there. Who is this comedian? 😂 You better not go around saying such on the streets of Ogun State. Imagine calling Yayi an ""interloper from Lagos."" This is really hilarious! 😂🤣🤣 This is probably a narrative you and other uninformed people like you have cooked up. Oga, you really need to leave your comfort zone once in a while. Ogun State is bigger than the people you discuss politics with. Go around the communities and talk to ordinary people. Talk to market women, drivers, farmers, ordinary residents, and students in higher institutions. You would be surprised to discover that Yayi's visibility and grassroots work did not suddenly appear because he declared interest in the governorship. He has been known and active in Ogun for years. I don't entertain propaganda. If you have evidence that he has no legitimate political roots or connection to Ogun, just bring it forward. If you are so convinced that he isn't the people's choice, I'll make it easy for you: name the candidate you believe is more popular, more connected to the grassroots, and more capable of doing a better job. 😂",not_about_candidate,0.77,0.03,strong,unclear,1.0,0.71,english,0.68,v3,jev-1.13.0,,,,,
nairaland-7dfe48e0ea40,"Merry100 : Who is this comedian? 😂 You better not go around saying such on the streets of Ogun State. Imagine calling Yayi an ""interloper from Lagos."" This is really hilarious! 😂🤣🤣 This is probably a narrative you and other uninformed people like you have cooked up. Oga, you really need to leave your comfort zone once in a while. Ogun State is bigger than the people you discuss politics with. Go around the communities and talk to ordinary people. Talk to market women, drivers, farmers, ordinary residents, and students in higher institutions. You would be surprised to discover that Yayi's visibility and grassroots work did not suddenly appear because he declared interest in the governorship. He has been known and active in Ogun for years. I don't entertain propaganda. If you have evidence that he has no legitimate political roots or connection to Ogun, just bring it forward. If you are so convinced that he isn't the people's choice, I'll make it easy for you: name the candidate you believe is more popular, more connected to the grassroots, and more capable of doing a better job. 😂 Read my post again, this time slowly and clearly, you will see that a lot of what you have said is superfluous to your response to it. Whatever battle you are fighting with whomever over Yayi in Ogun state, I am not interested. Take it to them, don't bring it to me as I have the small matter of Obidients to attend to. Focus on what I posted, then respond directly to that if you feel the need to.",not_about_candidate,0.73,0.04,strong,unclear,1.0,0.66,english,0.78,v3,jev-1.13.0,,,,,
nairaland-82ed30fdb6de,"aswani : Anywhere, I might not have much time to respond moving forward as I have Obidients to (man)handle verbally. Merry100 it's a lie oo aswani can't handle anything apart from posting in parables hoping to slither away like how snakes do Hold his neck . . . Pless it very very well, SQUEEZE IT",not_about_candidate,0.36,0.02,very_strong,unclear,1.0,0.22,mixed,0.58,v3,jev-1.13.0,,,,,
nairaland-c7bd530f30dc,"Merry100 : Who is this comedian? 😂 If you are so convinced that he isn't the people's choice, I'll make it easy for you: name the candidate you believe is more popular, more connected to the grassroots, and more capable of doing a better job. 😂 Na this paragraph you take hold am aswani will say anything else than answer this extremely simple question",negative,0.24,0.04,strong,unclear,0.97,0.48,mixed,0.94,v3,jev-1.13.0,,,,,
nairaland-9b468d3f1895,Also Read. https://www.nairaland.com/8733189/icpc-uncovers-fourth-fake-agency#140405777,not_about_candidate,0.65,0.19,calm,unclear,1.0,0.17,english,0.99,v3,jev-1.13.0,,,,,
nairaland-7cf4ea230f5e,", 2023 Na now u wake up? I was even thinking u were enjoying the tribal bashing",not_about_candidate,0.43,0.03,moderate,unclear,1.0,0.23,mixed,0.83,v3,jev-1.13.0,,,,,
nairaland-216b52f84d8f,Na now u wake up? I was even thinking u were enjoying the tribal bashing,not_about_candidate,0.61,0.03,moderate,unclear,1.0,0.2,mixed,0.4,v3,jev-1.13.0,,,,,
nairaland-f3d8b7d49372,", 2023 And you didn't ban this rubbish before the election Something that have been going on for years Now you are about to ban it when the damage is already done You guys always form smart",negative,0.46,0.03,strong,unclear,1.0,0.3,english,0.98,v3,jev-1.13.0,,,,,
nairaland-f1a06e42755e,And you didn't ban this rubbish before the election Something that have been going on for years Now you are about to ban it when the damage is already done You guys always form smart,negative,0.49,0.03,strong,unclear,1.0,0.28,english,0.98,v3,jev-1.13.0,,,,,
nairaland-1cb170985951,", 2023 Iamgrey5 : 90% of your comment on Nairaland is tribal, why are you acting like you are a saint here? 90% of them are reaction to actions",not_about_candidate,0.76,0.02,strong,unclear,1.0,0.16,english,1.0,v3,jev-1.13.0,,,,,
nairaland-6d63aaf6aec8,"Iamgrey5 : 90% of your comment on Nairaland is tribal, why are you acting like you are a saint here? 90% of them are reaction to actions",not_about_candidate,0.78,0.02,strong,unclear,1.0,0.17,english,0.96,v3,jev-1.13.0,,,,,
nairaland-31b131b6714e,", 2023 As",not_about_candidate,0.4,0.12,calm,unclear,0.98,0.21,english,0.92,v3,jev-1.13.0,,,,,
nairaland-8f0f5392f474,", 2023 This should have been done since 2015 or so. Well, better late than never.",not_about_candidate,0.45,0.04,mild,unclear,1.0,0.11,english,1.0,v3,jev-1.13.0,,,,,
nairaland-802fb373ba26,"This should have been done since 2015 or so. Well, better late than never.",not_about_candidate,0.39,0.04,mild,unclear,1.0,0.13,english,1.0,v3,jev-1.13.0,,,,,
nairaland-cfe0141652c6,", 2023 Good",positive,0.61,0.05,mild,unclear,0.98,0.19,english,0.98,v3,jev-1.13.0,,,,,
nairaland-9c0ce2c3199b,Good,positive,0.54,0.08,mild,unclear,1.0,0.18,english,1.0,v3,jev-1.13.0,,,,,
nairaland-63c44d48b745,", 2023 Alright",not_about_candidate,0.78,0.04,calm,unclear,1.0,0.11,english,0.99,v3,jev-1.13.0,,,,,
nairaland-9c7eb530e20b,", 2023 Hmmmmmmm This action of yours came too late. You have lost a considerable number of sane people here. The way small boys of Igbo and Yoruba extraction abuse themselves here is unimaginable. It is very disturbing and disheartening to say the least",negative,0.51,0.03,strong,unclear,1.0,0.15,english,1.0,v3,jev-1.13.0,,,,,
nairaland-122b50fbdd91,Hmmmmmmm This action of yours came too late. You have lost a considerable number of sane people here. The way small boys of Igbo and Yoruba extraction abuse themselves here is unimaginable. It is very disturbing and disheartening to say the least,negative,0.6,0.03,strong,unclear,0.99,0.15,english,1.0,v3,jev-1.13.0,,,,,
nairaland-4aeab25bb32b,", 2023 Nice one",positive,0.39,0.03,mild,unclear,0.98,0.14,english,0.98,v3,jev-1.13.0,,,,,
nairaland-b8ee1b20f90a,Nice one,positive,0.66,0.04,mild,unclear,1.0,0.16,english,1.0,v3,jev-1.13.0,,,,,
nairaland-04bfe0c74169,", 2023 I second.....its high time",not_about_candidate,0.4,0.06,mild,unclear,1.0,0.18,english,0.99,v3,jev-1.13.0,,,,,
nairaland-9e14bfdf2493,I second.....its high time,not_about_candidate,0.39,0.08,mild,unclear,1.0,0.19,english,1.0,v3,jev-1.13.0,,,,,
nairaland-cc34f0f6cc6c,", 2023 Supported",positive,0.75,0.06,calm,unclear,1.0,0.18,english,1.0,v3,jev-1.13.0,,,,,
nairaland-695021bb06e5,", 2023 H",not_about_candidate,0.75,0.07,calm,unclear,0.97,0.2,english,0.54,v3,jev-1.13.0,,,,,
nairaland-4cf4647a756d,", 2023 This one don wake up from his comatose. Very confused guy",not_about_candidate,0.67,0.03,mild,unclear,1.0,0.14,english,0.74,v3,jev-1.13.0,,,,,
nairaland-3e5ab8bfb6ec,This one don wake up from his comatose. Very confused guy,not_about_candidate,0.65,0.03,mild,unclear,1.0,0.19,english,0.82,v3,jev-1.13.0,,,,,
nairaland-f62334514832,", 2023 Long time coming.",not_about_candidate,0.56,0.05,mild,unclear,1.0,0.14,english,1.0,v3,jev-1.13.0,,,,,
nairaland-c46c64456d97,Long time coming.,not_about_candidate,0.56,0.06,mild,unclear,1.0,0.12,english,1.0,v3,jev-1.13.0,,,,,
nairaland-1c7423dea351,", 2023 They can try all they want to force me to love them. I and my people will never love dirty backstabbers. Never! Betrayers that think they are cunning! Never.",negative,0.42,0.02,very_strong,unclear,1.0,0.14,english,1.0,v3,jev-1.13.0,,,,,
nairaland-2096889f6ebc,They can try all they want to force me to love them. I and my people will never love dirty backstabbers. Never! Betrayers that think they are cunning! Never.,negative,0.52,0.02,very_strong,unclear,1.0,0.13,english,1.0,v3,jev-1.13.0,,,,,
nairaland-1b3f8cd2643a,", 2023 Seun, it is good that you eventually come to your senses but I doubt Mynd44 will follow your instruction. Those who use ethnic slurs on Nairaland are employed by political actors of a particular political party and everyone here knows them. If you sincerely want to cleanse this platform from toxicity, you know what to do.",not_about_candidate,0.75,0.03,strong,unclear,1.0,0.34,english,0.97,v3,jev-1.13.0,,,,,
nairaland-773d791bf990,"Seun, it is good that you eventually come to your senses but I doubt Mynd44 will follow your instruction. Those who use ethnic slurs on Nairaland are employed by political actors of a particular political party and everyone here knows them. If you sincerely want to cleanse this platform from toxicity, you know what to do.",not_about_candidate,0.69,0.03,strong,unclear,1.0,0.35,english,0.98,v3,jev-1.13.0,,,,,
nairaland-6e8860848efa,", 2023 Asgard13 : 90% of them are reaction to actions This was your last comment before this thread as bigoted as ever.",not_about_candidate,0.43,0.03,strong,unclear,1.0,0.16,english,0.99,v3,jev-1.13.0,,,,,
nairaland-8022d4911224,Asgard13 : 90% of them are reaction to actions This was your last comment before this thread as bigoted as ever.,not_about_candidate,0.33,0.03,strong,unclear,1.0,0.16,english,1.0,v3,jev-1.13.0,,,,,
nairaland-be045029888c,", 2023 I go report people tire",not_about_candidate,0.68,0.04,mild,unclear,1.0,0.17,english,0.92,v3,jev-1.13.0,,,,,
nairaland-5186e14adabd,I go report people tire,not_about_candidate,0.72,0.03,calm,unclear,1.0,0.1,english,0.89,v3,jev-1.13.0,,,,,
nairaland-8969b9b18def,", 2023 missade : This is long overdue Seun. Finally some form of sanity, you can’t comment on here without the use of nasty words. Thank goodness. Words don't translate to actions. This is more like damage control to save face after the deed has been done already. I'm holding him by actions, not words",negative,0.7,0.03,strong,unclear,0.99,0.24,english,0.72,v3,jev-1.13.0,,,,,
nairaland-71ff7f8d41c2,"missade : This is long overdue Seun. Finally some form of sanity, you can’t comment on here without the use of nasty words. Thank goodness. Words don't translate to actions. This is more like damage control to save face after the deed has been done already. I'm holding him by actions, not words",negative,0.69,0.03,strong,unclear,0.97,0.24,english,0.72,v3,jev-1.13.0,,,,,
nairaland-ab2d9b866a01,", 2023 Good move Seun but I wonder if this is not coming too late. Nairaland has wide readership and followership and moulds opinions. Things shouldn't have been allowed to degenerate to this level. That said, better late than never. You will keep DSS and other security agencies at bay too. Best of luck!!",positive,0.36,0.04,moderate,unclear,1.0,0.17,english,1.0,v3,jev-1.13.0,,,,,
nairaland-d61d1d2fd081,"Good move Seun but I wonder if this is not coming too late. Nairaland has wide readership and followership and moulds opinions. Things shouldn't have been allowed to degenerate to this level. That said, better late than never. You will keep DSS and other security agencies at bay too. Best of luck!!",positive,0.37,0.03,moderate,unclear,1.0,0.16,english,0.99,v3,jev-1.13.0,,,,,
nairaland-ce697c198b97,", 2023 Better late than never. At least, we can have some sanity here. This should have been done before the elections though",not_about_candidate,0.42,0.04,moderate,unclear,1.0,0.21,english,0.99,v3,jev-1.13.0,,,,,
nairaland-75b643008074,"Better late than never. At least, we can have some sanity here. This should have been done before the elections though",not_about_candidate,0.35,0.04,moderate,unclear,1.0,0.21,english,1.0,v3,jev-1.13.0,,,,,
nairaland-c46da0b0ae77,", 2023 Better late than never",not_about_candidate,0.52,0.04,mild,unclear,1.0,0.15,english,0.99,v3,jev-1.13.0,,,,,
nairaland-257a94e87537,Better late than never,not_about_candidate,0.7,0.05,mild,unclear,1.0,0.13,english,1.0,v3,jev-1.13.0,,,,,
nairaland-0acfdd439128,", 2023 Good, Mr Seun.",not_about_candidate,0.69,0.03,mild,unclear,1.0,0.18,english,0.91,v3,jev-1.13.0,,,,,
nairaland-ae62a31e9753,"Good, Mr Seun.",not_about_candidate,0.74,0.03,mild,unclear,1.0,0.17,english,0.99,v3,jev-1.13.0,,,,,
nairaland-f92a0301a4a0,", 2023 A Mod like Mynd44 is emotionally biased, and not capable of  cleansing NL of ethnic tribal bigotry, because his record shows that he is part of the problem.",not_about_candidate,0.7,0.03,strong,unclear,1.0,0.17,english,0.98,v3,jev-1.13.0,,,,,
nairaland-814ca674bd8a,"DSS DON HALA YOU BA?, you refused to listen after many calls to act. It took DSS Seun : Fellow Nairalanders, We have noticed the use of ethnic slurs and other derogatory names by a small but persistent group of political actors and trolls. This practice of derogatory name-calling adds no value to the forum. It's bad for our mental health, our harmony as a community, and the reputation of Nairaland. It's simply toxic. It's absence and the absence of the people who use those slurs will not be missed. Therefore I have decided to ban the practice entirely. I have instructed dominique, mukina2, Lalasticlala and Mynd44 to ban anyone who uses an ethnic slur or derogatory name on Nairaland. The antispam bot will also contribute to the effort. Please report any case that you see. - Seun Osewa, Founder of Nairaland Anyway, I don carry belle and pick your calls. I just keep quiet, you deleting my threadi about our affairs. You have 48hrs otherwise I will go to gistlover",not_about_candidate,0.78,0.02,strong,unclear,0.95,0.16,mixed,0.78,v3,jev-1.13.0,,,,,
nairaland-fb2b3c2ea24d,", 2023 No hate only truth",not_about_candidate,0.78,0.04,mild,unclear,1.0,0.17,english,0.99,v3,jev-1.13.0,,,,,
nairaland-b4ea89e3fe2b,No hate only truth,not_about_candidate,0.78,0.04,calm,unclear,1.0,0.14,english,1.0,v3,jev-1.13.0,,,,,
nairaland-2c343e30339d,", 2023 After 10yrs? You are not serious. Maybe, cos of recent event happening in the country, guy man is afraid.",negative,0.67,0.04,moderate,unclear,1.0,0.25,english,0.41,v3,jev-1.13.0,,,,,
nairaland-6a5197591cfa,"After 10yrs? You are not serious. Maybe, cos of recent event happening in the country, guy man is afraid.",negative,0.75,0.05,moderate,unclear,1.0,0.27,english,0.6,v3,jev-1.13.0,,,,,
nairaland-f719c642401f,", 2023 Weldone Seun",not_about_candidate,0.42,0.04,mild,unclear,0.95,0.28,english,0.33,v3,jev-1.13.0,,,,,
nairaland-8f1fea69a2f6,", 2023 Davash222 : Yeah, most hardworking in tribalism and segregation. Una don start",not_about_candidate,0.36,0.03,strong,unclear,0.99,0.2,mixed,0.7,v3,jev-1.13.0,,,,,
nairaland-3d09d4a7684f,"Davash222 : Yeah, most hardworking in tribalism and segregation. Una don start",not_about_candidate,0.33,0.03,strong,unclear,0.99,0.19,mixed,0.63,v3,jev-1.13.0,,,,,
nairaland-148cd26a7440,", 2023 AS THEY always come here to show us their home training",negative,0.28,0.04,mild,unclear,1.0,0.2,english,0.95,v3,jev-1.13.0,,,,,
nairaland-084011ba0f01,AS THEY always come here to show us their home training,negative,0.35,0.05,mild,unclear,1.0,0.24,english,0.95,v3,jev-1.13.0,,,,,
nairaland-55c0e086bc44,", 2023 Now this is something I'd love to see. Person no fit even read news in peace again",not_about_candidate,0.42,0.05,moderate,unclear,1.0,0.21,english,0.43,v3,jev-1.13.0,,,,,
nairaland-66d5fb5cbfec,Now this is something I'd love to see. Person no fit even read news in peace again,negative,0.24,0.05,moderate,unclear,1.0,0.25,mixed,0.46,v3,jev-1.13.0,,,,,
nairaland-266cbcae0e6c,", 2023 Nice one! Long over due. Please be very strict about this Mr moderator",not_about_candidate,0.61,0.03,moderate,unclear,1.0,0.16,english,0.97,v3,jev-1.13.0,,,,,
nairaland-f5a22cea9ce6,Nice one! Long over due. Please be very strict about this Mr moderator,not_about_candidate,0.75,0.04,moderate,unclear,1.0,0.16,english,1.0,v3,jev-1.13.0,,,,,
nairaland-44b075378ae2,", 2023 ok. we don hear",not_about_candidate,0.73,0.05,calm,unclear,1.0,0.15,english,0.36,v3,jev-1.13.0,,,,,
nairaland-91757fac1dce,", 2023 alfa666 : They can try all they want to force me to love them. I and my people will never love dirty backstabbers. Never! Betrayers that think they are cunning! Never. Mynd44 lalasticlala",negative,0.36,0.02,very_strong,unclear,1.0,0.13,english,0.71,v3,jev-1.13.0,,,,,
nairaland-0a0ae90258bc,alfa666 : They can try all they want to force me to love them. I and my people will never love dirty backstabbers. Never! Betrayers that think they are cunning! Never. Mynd44 lalasticlala,negative,0.38,0.02,very_strong,unclear,1.0,0.18,english,0.53,v3,jev-1.13.0,,,,,
nairaland-21582b9f29f6,", 2023 Hope it worked",not_about_candidate,0.65,0.03,mild,unclear,1.0,0.12,english,1.0,v3,jev-1.13.0,,,,,
nairaland-d390f9b5b40a,Hope it worked,not_about_candidate,0.72,0.04,mild,unclear,1.0,0.12,english,1.0,v3,jev-1.13.0,,,,,
nairaland-c8ca756d6d6a,", 2023 Asgard13 : This is a good option..even though na good mod.. but most times .  E Dey touch am emotionally.. One love Mynd44 If we see truth, make we dey talk am boldly. Everybody for nairaland know say Mynd44 dey bias/partial.",not_about_candidate,0.63,0.03,moderate,unclear,1.0,0.18,mixed,0.78,v3,jev-1.13.0,,,,,
nairaland-653d72e6aa8e,"Asgard13 : This is a good option..even though na good mod.. but most times .  E Dey touch am emotionally.. One love Mynd44 If we see truth, make we dey talk am boldly. Everybody for nairaland know say Mynd44 dey bias/partial.",not_about_candidate,0.67,0.03,moderate,unclear,1.0,0.18,mixed,0.82,v3,jev-1.13.0,,,,,
news_dailypost-d7086e4d4cbe,"Rainbow Coalition: APC needs Wike more, he has qualities like Tinubu – Jibrin. House of Representatives member representing Kiru/Bebeji Federal Constituency, Hon. Abdulmumin Jibrin, has told the Progressive Governors Forum, PGF, that the All Progressives Congress, APC, needs the Minister of the Federal Capital Territory, Nyesom Wike, more than the former Rivers State governor needs the ruling party. He also pointed out that other political parties, such as [&#8230;] 
  Rainbow Coalition: APC needs Wike more, he has qualities like Tinubu &#8211; Jibrin",not_about_candidate,1.0,0.02,mild,unclear,0.75,0.84,english,1.0,v3,jev-1.13.0,,,,,
news_tribune-61a8792dcbfb,"The stranger in APC’s kitchen. History is replete with instances where strangers take over the homesteads of their hosts. The wisest of humanity ever, Orunmila, on three different occasions lost his home to the strangers he took home; some out of pity and the others as apprentices. 
 The post  The stranger in APC’s kitchen  appeared first on  Tribune Online .",not_about_candidate,0.57,0.04,mild,unclear,1.0,0.43,english,0.99,v3,jev-1.13.0,,,,,
nairaland-5c21bfa5ab80,", 2023 Well done seun that's the way forward",positive,0.73,0.04,mild,unclear,1.0,0.23,mixed,0.47,v3,jev-1.13.0,,,,,
nairaland-5fa9011d0b37,Well done seun that's the way forward,positive,0.74,0.04,moderate,unclear,0.99,0.23,english,0.42,v3,jev-1.13.0,,,,,
nairaland-e95960b9d71d,", 2023 * . Modified: 4:28am On May 16 , 2023 Corridon : But why banning Fahdiga for four months? Is it fair? He was the one who initiated the insult. Why don't you ban both of them equally or are some people more sacred than others? Cc Seun. .",not_about_candidate,0.7,0.02,strong,unclear,0.98,0.19,english,0.99,v3,jev-1.13.0,,,,,
nairaland-104123472350,Corridon : But why banning Fahdiga for four months? Is it fair? He was the one who initiated the insult. Why don't you ban both of them equally or are some people more sacred than others? Cc Seun. .,not_about_candidate,0.61,0.02,strong,unclear,0.98,0.29,english,0.92,v3,jev-1.13.0,,,,,
nairaland-3f4aba006592,", 2023 Floxyijeoma : , i support your idea which stupid idea? so they can turn this place to a dss hunting ground for people with dissenting opinions, rubbish.",negative,0.49,0.03,strong,Dass,0.91,0.19,english,0.9,v3,jev-1.13.0,,,,,
nairaland-997012fa13b8,"Floxyijeoma : , i support your idea which stupid idea? so they can turn this place to a dss hunting ground for people with dissenting opinions, rubbish.",negative,0.33,0.04,strong,Dass,0.91,0.22,english,0.76,v3,jev-1.13.0,,,,,
nairaland-8e5bd59e0fac,", 2023 Good! Very laudable. It had gotten way too much! Bigots inhere be turning Nairaland threads to battle grounds for ethnic warfare.",not_about_candidate,0.54,0.04,strong,unclear,1.0,0.12,english,0.93,v3,jev-1.13.0,,,,,
nairaland-cfb2af13e969,Good! Very laudable. It had gotten way too much! Bigots inhere be turning Nairaland threads to battle grounds for ethnic warfare.,not_about_candidate,0.57,0.04,strong,unclear,1.0,0.11,english,0.94,v3,jev-1.13.0,,,,,
nairaland-303081771d35,", 2023 TheSameGuy : Whatever rocks you both boats, if you're so COWARD to acknowledged you're also Fahdiga, Malory I'm not. I'm not scared of being ban. It'll make me relax and concentrate on my activities off Nairaland Sharap.",not_about_candidate,0.71,0.02,strong,unclear,0.94,0.09,english,0.76,v3,jev-1.13.0,,,,,
nairaland-24f2a52c1f29,"TheSameGuy : Whatever rocks you both boats, if you're so COWARD to acknowledged you're also Fahdiga, Malory I'm not. I'm not scared of being ban. It'll make me relax and concentrate on my activities off Nairaland Sharap.",not_about_candidate,0.72,0.03,strong,unclear,0.95,0.13,english,0.77,v3,jev-1.13.0,,,,,
nairaland-98bd0449c416,", 2023 So many ppl here will insult seun on his own forum ooo. Y ?? Twitter is almost worse, there they have even accused   him of inciting violence. Then they will shout bigot ! Insatiables !",not_about_candidate,0.62,0.03,strong,unclear,1.0,0.18,english,0.89,v3,jev-1.13.0,,,,,
nairaland-8b2afae7cc2d,"So many ppl here will insult seun on his own forum ooo. Y ?? Twitter is almost worse, there they have even accused   him of inciting violence. Then they will shout bigot ! Insatiables !",not_about_candidate,0.62,0.03,strong,unclear,1.0,0.19,english,0.83,v3,jev-1.13.0,,,,,
nairaland-6e39b3f25570,", 2023 Welcome development.",not_about_candidate,0.55,0.04,calm,unclear,1.0,0.14,english,0.98,v3,jev-1.13.0,,,,,
nairaland-86152ed36cc5,Welcome development.,not_about_candidate,0.61,0.03,calm,unclear,1.0,0.13,english,0.98,v3,jev-1.13.0,,,,,
nairaland-a83d9547718d,", 2023 Even though you ban them from commenting, you can't ban the heart from speaking .....",not_about_candidate,0.46,0.05,moderate,unclear,1.0,0.14,english,0.99,v3,jev-1.13.0,,,,,
nairaland-72af05ddab79,"Even though you ban them from commenting, you can't ban the heart from speaking .....",not_about_candidate,0.47,0.04,moderate,unclear,1.0,0.13,english,0.99,v3,jev-1.13.0,,,,,
nairaland-687d98af2b40,TheSameGuy : Mynd44 Nlfpmod Dominique mukina2 This guy broke rule 2 Calling someone ozuor What does Uzuor mean?,not_about_candidate,0.71,0.03,mild,unclear,0.95,0.2,english,0.77,v3,jev-1.13.0,,,,,
nairaland-77b36561034e,There's a certain tribe that has this pull him down syndrome. They so much believe in mob action as a way to press their sentiment home. Mynd44 is now their target as a water test for Nairaland. They do mistake cunningness for wisdom.,not_about_candidate,0.79,0.02,strong,unclear,1.0,0.13,english,0.89,v3,jev-1.13.0,,,,,
nairaland-180c58e2305d,", 2023 Hello Seun. Where and how can we make reports of members flouting this rule?.",not_about_candidate,0.72,0.03,calm,unclear,1.0,0.1,english,0.99,v3,jev-1.13.0,,,,,
nairaland-a557ba058b8a,Hello Seun. Where and how can we make reports of members flouting this rule?.,not_about_candidate,0.77,0.03,calm,unclear,1.0,0.09,english,0.99,v3,jev-1.13.0,,,,,
nairaland-017fb5ca7d8f,", 2023 BitmapStudios : Happney65, Seun ti ji kuro ninu orun ese. Eni ti Ori ree ti buru danu danu. Igbayi ni aro. Oluya..",negative,0.5,0.03,strong,unclear,0.98,0.22,other,0.33,v3,jev-1.13.0,,,,,
nairaland-c48445068794,"BitmapStudios : Happney65, Seun ti ji kuro ninu orun ese. Eni ti Ori ree ti buru danu danu. Igbayi ni aro. Oluya..",negative,0.59,0.03,strong,unclear,0.98,0.23,other,0.66,v3,jev-1.13.0,,,,,
nairaland-da7157cb32ab,", 2023 thesicilian : You're just waking up now He just woke after achieving their aim",not_about_candidate,0.35,0.05,calm,unclear,1.0,0.17,english,0.97,v3,jev-1.13.0,,,,,
nairaland-a7191feaa909,thesicilian : You're just waking up now He just woke after achieving their aim,negative,0.17,0.05,calm,unclear,1.0,0.21,english,0.98,v3,jev-1.13.0,,,,,
nairaland-268e1934a3b1,", 2023 Na now wey you gather sense . It's late through but still nice .",not_about_candidate,0.6,0.04,mild,unclear,1.0,0.1,mixed,0.93,v3,jev-1.13.0,,,,,
nairaland-59cd561c05ea,Na now wey you gather sense . It's late through but still nice .,not_about_candidate,0.67,0.03,mild,unclear,0.99,0.08,mixed,0.71,v3,jev-1.13.0,,,,,
nairaland-49bf8e22d20a,", 2023 iCauseTrouble : Lol. Ode ni e. You think everybody that is against tribalism is Igbo? Seun, Mynd44, Mukina2.. Rule 2. Please",not_about_candidate,0.75,0.03,moderate,unclear,1.0,0.19,mixed,0.48,v3,jev-1.13.0,,,,,
nairaland-708b8a0a3ff1,"iCauseTrouble : Lol. Ode ni e. You think everybody that is against tribalism is Igbo? Seun, Mynd44, Mukina2.. Rule 2. Please",not_about_candidate,0.75,0.02,moderate,unclear,1.0,0.17,mixed,0.5,v3,jev-1.13.0,,,,,
nairaland-5b9ffebb4dc8,", 2023 NinjaXmetahuman : lol imagine throwing your mods under the bus. I can't imagine working for someone like you. It will be an absolute nightmare tbh. Myn d44 is still the most balance mods here. We know you are biased towards the obidients as you push every crap they post on frontpage, including the fake news just to satisfy the mob and appear unbiased because of your tribe. You even went as far as claiming that tinubu supporters were using bot when we know the people getting all the likes and shares. I guess the election has shown us the people who were actually using troll farm to inflate figures online. After all these, none of your mods are yet to call you biased and dragged your ID publicly like this. Continue o. Calm down. Seu.n was sarcastic with that response.🤣🤣🤣🤣🤣 I can't believe you missed that! 🤣🤣🤣",not_about_candidate,0.72,0.02,strong,unclear,1.0,0.51,english,0.82,v3,jev-1.13.0,,,,,
nairaland-04a884c65700,"NinjaXmetahuman : lol imagine throwing your mods under the bus. I can't imagine working for someone like you. It will be an absolute nightmare tbh. Myn d44 is still the most balance mods here. We know you are biased towards the obidients as you push every crap they post on frontpage, including the fake news just to satisfy the mob and appear unbiased because of your tribe. You even went as far as claiming that tinubu supporters were using bot when we know the people getting all the likes and shares. I guess the election has shown us the people who were actually using troll farm to inflate figures online. After all these, none of your mods are yet to call you biased and dragged your ID publicly like this. Continue o. Calm down. Seu.n was sarcastic with that response.🤣🤣🤣🤣🤣 I can't believe you missed that! 🤣🤣🤣",not_about_candidate,0.79,0.02,strong,unclear,1.0,0.5,english,0.78,v3,jev-1.13.0,,,,,
nairaland-73fcc94d8e0b,", 2023 Nice one. Thank you so much",positive,0.56,0.03,mild,unclear,0.99,0.09,english,0.96,v3,jev-1.13.0,,,,,
nairaland-b53956c005c5,Nice one. Thank you so much,positive,0.53,0.03,mild,unclear,1.0,0.12,english,1.0,v3,jev-1.13.0,,,,,
nairaland-47fe55bc15c6,", 2023 LadiIshola : Did you report the quoted message too? Cos he only returned the insult. Dunno why you guys hate to be truthful in your lives! What do you mean by 'you guys'? huh! He reported the quoted person, then I also reported him. Get your facts right and stop embarrassing yourself.",not_about_candidate,0.57,0.02,strong,unclear,1.0,0.11,english,0.94,v3,jev-1.13.0,,,,,
nairaland-57f232295e24,"LadiIshola : Did you report the quoted message too? Cos he only returned the insult. Dunno why you guys hate to be truthful in your lives! What do you mean by 'you guys'? huh! He reported the quoted person, then I also reported him. Get your facts right and stop embarrassing yourself.",not_about_candidate,0.72,0.03,strong,unclear,1.0,0.09,english,0.84,v3,jev-1.13.0,,,,,
nairaland-941bdc60dd2f,", 2023 Fira09 : What do you mean by 'you guys'? huh! He reported the quoted person, then I also reported him. Get your facts right and stop embarrassing yourself. Keep reporting then, you who isn't embarrassing him/herself....",not_about_candidate,0.34,0.03,strong,unclear,0.97,0.15,english,0.86,v3,jev-1.13.0,,,,,
nairaland-f71879193dea,"Fira09 : What do you mean by 'you guys'? huh! He reported the quoted person, then I also reported him. Get your facts right and stop embarrassing yourself. Keep reporting then, you who isn't embarrassing him/herself....",not_about_candidate,0.42,0.03,strong,unclear,1.0,0.14,english,0.93,v3,jev-1.13.0,,,,,
nairaland-b5deea1c58a4,", 2023 SmartGadgetz : Seun, you are doing this to save face and heal your conscience after damages has been done already. This is more of a face saving and mind healing post, don't worry, the damages has already been done, remember the consequences must take effects for everything to come back to it's original form, no justice no peace thats the strongest fact. Before the healing process would take place in the minds of people, this forum and yours, justice must prevail first before healings to take place. Justice in the sense that, you must consistently tell or post here that election malpractice, violence, voter suppressions, money-induced contests, and falsehood are not good for our great nation. The mind of people are now damaged by the processes of all the stages of the election and politics, which unfortunately was supported by your teaming forum members, so you must come out from your hideous and senseless shells to be proactive in speaking against or condemning these vices for the proper healing of both your forum and the people. So, be a voice and stop being deceptive in your ways just to pacify your selfish self. Bye 👋 Nonsense.",negative,0.52,0.02,very_strong,unclear,1.0,0.21,english,0.99,v3,jev-1.13.0,,,,,
nairaland-51ec8da78b1a,"SmartGadgetz : Seun, you are doing this to save face and heal your conscience after damages has been done already. This is more of a face saving and mind healing post, don't worry, the damages has already been done, remember the consequences must take effects for everything to come back to it's original form, no justice no peace thats the strongest fact. Before the healing process would take place in the minds of people, this forum and yours, justice must prevail first before healings to take place. Justice in the sense that, you must consistently tell or post here that election malpractice, violence, voter suppressions, money-induced contests, and falsehood are not good for our great nation. The mind of people are now damaged by the processes of all the stages of the election and politics, which unfortunately was supported by your teaming forum members, so you must come out from your hideous and senseless shells to be proactive in speaking against or condemning these vices for the proper healing of both your forum and the people. So, be a voice and stop being deceptive in your ways just to pacify your selfish self. Bye 👋 Nonsense.",negative,0.54,0.02,very_strong,unclear,1.0,0.2,english,0.98,v3,jev-1.13.0,,,,,
nairaland-65f53f272af7,", 2023 The advent of the mandate bandit has exposed tribalism",not_about_candidate,0.61,0.05,moderate,unclear,1.0,0.32,english,0.99,v3,jev-1.13.0,,,,,
nairaland-3c50bfc29999,The advent of the mandate bandit has exposed tribalism,not_about_candidate,0.5,0.06,moderate,unclear,0.99,0.37,english,0.98,v3,jev-1.13.0,,,,,
nairaland-6f8adfb96b92,"Re: A Total Ban On The Use Of Ethnic Slurs On Nairaland by Seun ( mod ): 5:05pm On Mar 28 , 2023 Investorozay : he literally ran an anti Igbo Ad against GRV during the elections, i wonder why after getting what they want, they want to claim sanity. even the weak apology on twitter was met by serious backlash. don't be deceived, they know what they are doing.",negative,0.34,0.02,strong,unclear,1.0,0.28,english,0.97,v3,jev-1.13.0,,,,,
nairaland-0ee2b4dbece8,"Investorozay : he literally ran an anti Igbo Ad against GRV during the elections, i wonder why after getting what they want, they want to claim sanity. even the weak apology on twitter was met by serious backlash. don't be deceived, they know what they are doing.",negative,0.52,0.03,strong,unclear,0.98,0.4,english,0.92,v3,jev-1.13.0,,,,,
nairaland-4d6906bac750,", 2023 [quote author=Mabizeka post=122126751[/quote]",not_about_candidate,0.76,0.09,calm,unclear,1.0,0.24,english,0.63,v3,jev-1.13.0,,,,,
nairaland-d475a66b0f2d,"If care is not taking, this man may do to Tinubu what Wike did to Obi in Rivers.",not_about_candidate,0.6,0.04,strong,unclear,0.97,0.57,english,0.96,v3,jev-1.13.0,,,,,
nairaland-de3554aafe79,"Tooreda : The 30k is just a hoax. Who will pay these ones 30k? Maybe they have upgraded their wages to a few balls of Remi Tinubu akara, which is supposed to be a replacement for the 50 million jobs promised by her husband but not delivered. By the way, since Tinubu’s minister said he has achieved the electricity goal, should we vote for him even though he has not made a dollar exchange for N300 and failed to crash petrol prices below N185? https://www.youtube.com/watch?v=Lba6Uf64Ogc",not_about_candidate,0.75,0.02,strong,unclear,0.99,0.52,english,0.74,v3,jev-1.13.0,,,,,
nairaland-c0a5e2d8318f,illicit : ASIWAJU JAGABAN 2027 GET YOUR PVC No votes.,not_about_candidate,0.31,0.03,calm,unclear,0.74,0.25,mixed,0.41,v3,jev-1.13.0,,,,,
nairaland-52f26fbf6da5,"Fortunately for him and unfortunately for Tinubu distractors, the electricity supply have improved dramatically in many areas, I'm now having 24hrs electricity supply for the past 3 months in my area",not_about_candidate,0.72,0.02,moderate,unclear,1.0,0.58,english,0.99,v3,jev-1.13.0,,,,,
nairaland-856a1e2201b6,"[quote author=Iamdbull post=140706210]In a video circulating made by APM Presidential candidate Seyi Makinde. He stated in the video that Tinubu made it clear to everyone that “if he fails to fix electricity he should not be voted in for second term “ Here’s the video below shared on X by Newsspend Tinubu already told us not to vote for him - Makinde pic.twitter.com/5qXNU4geIJ — Newsspendmedia (@Newsspend) September 21, 2026 be your fault Na the 50 billion bodija explosion victims funds that you stole naim dey make you run your mouth anyhow God go come catch you your candidate won't win and the next government go ask you to account for it as you will no longer have immunity which is shielding you now, but won't shield you forever",not_about_candidate,0.57,0.91,very_strong,unclear,1.0,0.47,mixed,0.9,v3,jev-1.13.0,,,,,
nairaland-53bdc212a0fb,"AMINDA : Adelabu's entire structure, the Boye Movement just decamped to the APM today. Oyo will be yet another Southwest state that has slipped off the grip of Tinubu. At this point, Tinubu may have to call Seyi Makinde and beg for that endorsement and hope that he accepts. Seyi is FULLY on ground. You go think say na play Seyi Makinde for President Bimbo Adekanmbi for Governor APM from top to bottom! Werey la fi nwo werey! #BoyeNationXJafMovement pic.twitter.com/CxC1GMDOJL — OMOJADESOLA (@omojadey) September 21, 2026 Which ironically was made possible in the fist place by Seyi Makinde and his drunkard group in 2023 Guess the vintage whiskey no let them reason we'll then Abi na the hangover of the 2023 binge naim make Seyi dey deceive himself say he will win PBAT At least he can claim he spent the stolen Bodija victims funds on campaign, he himself knows he can't win even In Oyo state PBAT go win am",not_about_candidate,0.59,0.84,very_strong,unclear,1.0,0.58,mixed,0.76,v3,jev-1.13.0,,,,,
nairaland-189226a911f3,They are pressing tulumbu neck,negative,0.32,0.04,calm,unclear,0.95,0.22,english,0.84,v3,jev-1.13.0,,,,,
nairaland-1f7e69cb7855,"[quote author=Iamdbull post=140706210]In a video circulating made by APM Presidential candidate Seyi Makinde. He stated in the video that Tinubu made it clear to everyone that “if he fails to fix electricity he should not be voted in for second term “ Here’s the video below shared on X by Newsspend Tinubu already told us not to vote for him - Makinde pic.twitter.com/5qXNU4geIJ — Newsspendmedia (@Newsspend) September 21, 2026 did the good people of Oyo see in this slowpoke? For him to attach the title of an Engineer to his name is an aberration. Is he now a social media content creator?",not_about_candidate,0.59,0.89,strong,unclear,1.0,0.49,english,0.86,v3,jev-1.13.0,,,,,
nairaland-ea3c90202ca7,"DEROX : See this future kuje prisoner time will tell All these ur gragra sha pray jagaban dosent win 2nd term, and even atiku cuz that one sef never forgive u for the G5. Anyo e of them wey win and their candidate win oyo, juz dey go prison jeje. Lets not forget you don dare wike too and he will teach u sense in supreme court June bawo? The way some people talk sef. Mark today's date.  The bulk of Tinubu's votes will come from our region.  It would be like falae's votes in 1999",not_about_candidate,0.38,0.05,strong,unclear,0.95,0.68,mixed,0.89,v3,jev-1.13.0,,,,,
nairaland-114bb3a88c8a,dragunov : What did the good people of Oyo see in this slowpoke? For him to attach the title of an Engineer to his name is an aberration. Is he now a social media content creator? How is Kadoso It's been a while I heard from him,negative,0.46,0.04,strong,unclear,0.95,0.24,english,0.8,v3,jev-1.13.0,,,,,
nairaland-f6be42bf2a9c,Oga leave story and focus on your APM shit all what all of you are saying is too late and utterly rubbish. Tinubu till 2035. Seyi that N30Billion you collected cleaned mouth you go vomit am soon. I just gave you notice in advance..,negative,0.74,0.9,very_strong,unclear,0.99,0.59,mixed,0.83,v3,jev-1.13.0,,,,,
nairaland-8e6f23936699,AMINDA : Let him start by winning Oyo first. Then Lagos and then Osun. He lost those states in 2023. It was Elrufai that made him president by galvanising Northern support for him. Let Atiku start by winning Adamawa first,not_about_candidate,0.42,0.03,mild,unclear,0.99,0.59,english,0.99,v3,jev-1.13.0,,,,,
nairaland-ddec7ae1df2a,"AMINDA : Let him start by winning Oyo first. Then Lagos and then Osun. He lost those states in 2023. It was Elrufai that made him president by galvanising Northern support for him. oga he won oyo, now adeleke is supporting him in osun, you see lagos una go cry this time juz wait i say jan 16 no far, we full ground sha no shout rigging, na my own be that",not_about_candidate,0.74,0.03,strong,unclear,1.0,0.69,mixed,0.71,v3,jev-1.13.0,,,,,
nairaland-5a42d5934ba6,"AMINDA : Adelabu's entire structure, the Boye Movement just decamped to the APM today. Oyo will be yet another Southwest state that has slipped off the grip of Tinubu. At this point, Tinubu may have to call Seyi Makinde and beg for that endorsement and hope that he accepts. Seyi is FULLY on ground. You go think say na play Seyi Makinde for President Bimbo Adekanmbi for Governor APM from top to bottom! Werey la fi nwo werey! #BoyeNationXJafMovement pic.twitter.com/CxC1GMDOJL — OMOJADESOLA (@omojadey) September 21, 2026 tinubu will not win in osun & Oyo state",not_about_candidate,0.76,0.89,strong,unclear,1.0,0.42,mixed,0.72,v3,jev-1.13.0,,,,,
nairaland-2ec84cdebb28,"AMINDA : Adelabu's entire structure, the Boye Movement just decamped to the APM today. Oyo will be yet another Southwest state that has slipped off the grip of Tinubu. At this point, Tinubu may have to call Seyi Makinde and beg for that endorsement and hope that he accepts. Seyi is FULLY on ground. You go think say na play Seyi Makinde for President Bimbo Adekanmbi for Governor APM from top to bottom! Werey la fi nwo werey! #BoyeNationXJafMovement pic.twitter.com/CxC1GMDOJL — OMOJADESOLA (@omojadey) September 21, 2026 dey whine yourself! Tinubu would win Oyo State effortlessly",not_about_candidate,0.72,0.9,very_strong,unclear,1.0,0.59,mixed,0.73,v3,jev-1.13.0,,,,,
nairaland-793f427e0ca2,"Nteogwuija : Electricity usually improves during the rainy season. Wait until this season is over. You can give the devil a whole loaf, and he will still complain about the crumbs.",not_about_candidate,0.75,0.02,moderate,unclear,0.99,0.25,english,0.58,v3,jev-1.13.0,,,,,
nairaland-a3935f0d62ca,"AMINDA : Let him first focus on winning Lagos and Osun ""effortlessly"" first. He lost  both states in 2023 and even lost Osun again in 2026 before proceeding to beg Adeleke for endorsement. Osun is his state of origin, by the way. Why do you like regurgitating same lyrics",negative,0.68,0.03,strong,unclear,1.0,0.57,english,0.97,v3,jev-1.13.0,,,,,
nairaland-7e47de8bdb16,"DEROX : See this future kuje prisoner time will tell All these ur gragra sha pray jagaban dosent win 2nd term, and even atiku cuz that one sef never forgive u for the G5. Anyo e of them wey win and their candidate win oyo, juz dey go prison jeje. Lets not forget you don dare wike too and he will teach u sense in supreme court Is that your reply to what he said? Didn't Tinubu made the statement? You are just being emotionally TRABALISTIC, that's your problem. 😂😂😂",not_about_candidate,0.46,0.03,strong,unclear,0.97,0.56,mixed,0.95,v3,jev-1.13.0,,,,,
nairaland-6179b49540b0,Kukutente23 : How is Kadoso It's been a while I heard from him You're looking for trouble. I am not there o.,not_about_candidate,0.71,0.03,moderate,unclear,0.93,0.13,english,0.46,v3,jev-1.13.0,,,,,
nairaland-aa35c0aadcdd,"Re: Tinubu Himself Already Told Us Not To Vote For Him, If…. - Seyi Makinde by zoedew : 5:57am [quote author=Iamdbull post=140706210]In a video circulating made by APM Presidential candidate Seyi Makinde. He stated in the video that Tinubu made it clear to everyone that “if he fails to fix electricity he should not be voted in for second term “ Here’s the video below shared on X by Newsspend Tinubu already told us not to vote for him - Makinde pic.twitter.com/5qXNU4geIJ — Newsspendmedia (@Newsspend) September 21, 2026 is no more reliable. You have become a laughing stock Seyi Makinde.",not_about_candidate,0.33,0.94,strong,unclear,1.0,0.58,english,0.97,v3,jev-1.13.0,,,,,
nairaland-a58a8836fd98,"[quote author=Iamdbull post=140706210]In a video circulating made by APM Presidential candidate Seyi Makinde. He stated in the video that Tinubu made it clear to everyone that “if he fails to fix electricity he should not be voted in for second term “ Here’s the video below shared on X by Newsspend Tinubu already told us not to vote for him - Makinde pic.twitter.com/5qXNU4geIJ — Newsspendmedia (@Newsspend) September 21, 2026 is no more reliable. You have become a laughing stock Seyi Makinde.",not_about_candidate,0.38,0.92,strong,unclear,1.0,0.63,english,0.96,v3,jev-1.13.0,,,,,
nairaland-9eb257ea38f9,"Yes ooo. He said so and for that reason, we are going to do what he said",positive,0.42,0.05,calm,unclear,1.0,0.19,english,0.61,v3,jev-1.13.0,,,,,
nairaland-d5d89b18e3a7,payloader : Akpabio know say dem don help Tinubu spoil things so na to pray make God epp dem win because dem know say the chances dey very slim🤗 Was it not God that put the president there? He's God's will on Nigeria. And God is not tired of him that's why he put disunity amongst his challengers. Tinubu lekan si.,not_about_candidate,0.66,0.02,strong,unclear,1.0,0.9,mixed,0.51,v3,jev-1.13.0,,,,,
nairaland-70b4c1ae8460,But you promise say insecurity will end two weeks after election.,negative,0.62,0.06,mild,unclear,1.0,0.35,english,0.96,v3,jev-1.13.0,,,,,
nairaland-1d2f1396be0a,God abeg,not_about_candidate,0.49,0.06,mild,unclear,1.0,0.18,mixed,0.51,v3,jev-1.13.0,,,,,
nairaland-d39853ccb512,Disgusting..........very disgusting,negative,0.57,0.03,strong,unclear,1.0,0.09,english,1.0,v3,jev-1.13.0,,,,,
nairaland-3a8038bd7078,It's we citizens that are encouraging this religious deception,not_about_candidate,0.33,0.03,strong,unclear,1.0,0.11,english,1.0,v3,jev-1.13.0,,,,,
nairaland-9d6ca4ab025e,"Yea, mass don't hold in Abuja or Uyo anymore. We have to go to the Vatican country to attend masses and supplicate to God Almighty for Nigeria. Amazing No 3 citizen. Their rethorics & waste no get part 2",not_about_candidate,0.73,0.03,strong,unclear,1.0,0.3,mixed,0.68,v3,jev-1.13.0,,,,,
nairaland-84192c0347a2,See that guy at the back with fila directly behind him He know say na lamba... He is trying soooo hard not to laugh,not_about_candidate,0.42,0.03,mild,unclear,0.99,0.17,mixed,0.84,v3,jev-1.13.0,,,,,
nairaland-1b47855a4cea,Formation10 : Waiting do nigerian churches ..abi.. God is everywhere.. wasting taxpayers money traveling to Rome to enjoy himself.. saying that he went to pray It's a pity,not_about_candidate,0.35,0.04,strong,unclear,1.0,0.2,mixed,0.67,v3,jev-1.13.0,,,,,
nairaland-988820d14c0e,Money laundering things. If you know you know.,not_about_candidate,0.52,0.03,calm,unclear,1.0,0.11,english,0.99,v3,jev-1.13.0,,,,,
nairaland-eee29c2c7281,Hahahaha 🤣🤣🤣🤣 very funny,not_about_candidate,0.46,0.02,moderate,unclear,1.0,0.08,english,0.95,v3,jev-1.13.0,,,,,
nairaland-5b9d00a1e20a,Chase them out. Chase these people out of that grabbed office,negative,0.49,0.03,very_strong,unclear,1.0,0.25,english,0.99,v3,jev-1.13.0,,,,,
nairaland-b13f96346a30,"Re: Akpabio Says He Travelled To Rome To Pray For Tinubu, Nigeria(video) by APOPTOSIS : 5:16am He knows it's already Funny. PRAYER WARRIOR indeed!",not_about_candidate,0.74,0.03,moderate,unclear,1.0,0.34,english,0.98,v3,jev-1.13.0,,,,,
nairaland-963885cec2a8,"My question is: Does God now reside in Italy? This is an insult to any sensible Nigerian. Instead of saying you had also taken a quick vacation and went shopping for Italian shoes and suites. These present politicians especially of that APC stock act with so much impunity and reckless abandon, knowing Nigerians are today more concerned about hunger than questioning their obvious lies, and would do anything to collect a small bag is rice.",not_about_candidate,0.71,0.02,strong,unclear,1.0,0.38,english,0.97,v3,jev-1.13.0,,,,,
nairaland-90e226538cfa,At least he has indirectly acknowledged the failure APC and the grandpa have brought in the land,not_about_candidate,0.43,0.04,moderate,unclear,1.0,0.51,english,0.95,v3,jev-1.13.0,,,,,
nairaland-c51e5251830a,"xxgig : If what Kayemo is saying is true how come we are just hearing it? How come he is the one reporting it and not people who were on ground? The victims.  Friends or neighbors of victims? The fact that this narrative is only coming from the aviation minister shows it is all a lie, and he is likely responsible for the thugs who attacked NDC supporters hence the need to cover up with this fabrication Na Keyamo dey inside Keke dey shoot video. Hope you heard the allegations against mama P?",not_about_candidate,0.34,0.02,strong,unclear,1.0,0.49,mixed,0.63,v3,jev-1.13.0,,,,,
nairaland-79af9d25ea21,"xxgig : If what Kayemo is saying is true how come we are just hearing it? How come he is the one reporting it and not people who were on ground? The victims.  Friends or neighbors of victims? The fact that this narrative is only coming from the aviation minister shows it is all a lie, and he is likely responsible for the thugs who attacked NDC supporters hence the need to cover up with this fabrication So,because you are just hearing it then it is false No wonder you dey kiss mad man mentee ass That intelligence is deficient",negative,0.39,0.02,very_strong,unclear,1.0,0.52,mixed,0.64,v3,jev-1.13.0,,,,,
nairaland-55f4cd8d17a7,Basic123 : Check the topic again then check your sense! your fellow thugs attacked you sorry,not_about_candidate,0.73,0.03,moderate,unclear,1.0,0.15,english,0.97,v3,jev-1.13.0,,,,,
nairaland-eef8e4f78b5b,"I do not subscribe to violence! If this is true, it simply shows that some people exercise restraint not because they are incapable of matching others’ energy, but because they choose not to. Tompolò, and you, cannot discourage others from exercising their rights as citizens or from pursuing their preferred candidates!",not_about_candidate,0.52,0.03,strong,unclear,0.81,0.32,english,0.98,v3,jev-1.13.0,,,,,
nairaland-96f687c17107,Don't worry Keyamo Mr Tompolo is lord of himself enough to face them. Asari h8te them. Now they are daring Tompolo I swear na obi life una dey d risky business by the Tompolo boys go strike I can bet una obi will dissappear within minutes We have warned you enough..,not_about_candidate,0.75,0.02,strong,unclear,0.99,0.33,mixed,0.74,v3,jev-1.13.0,,,,,
nairaland-13247abc8c10,"* . Modified: 1:01pm On Sep 21 Them fit say them done get people for there back na, as them loose APC primary, them enter NDC dey show them selves. Na laugh I just dey laugh",not_about_candidate,0.49,0.02,moderate,unclear,1.0,0.53,mixed,0.4,v3,jev-1.13.0,,,,,
nairaland-137bd6475cfd,"Them fit say them done get people for there back na, as them loose APC primary, them enter NDC dey show them selves. Na laugh I just dey laugh",negative,0.38,0.03,moderate,unclear,1.0,0.48,other,0.29,v3,jev-1.13.0,,,,,
nairaland-8f7ea51352ec,"How many he don condemn by APC miscreants? These people don't care about you, they're all after personal interests.",not_about_candidate,0.29,0.03,strong,unclear,1.0,0.64,english,0.42,v3,jev-1.13.0,,,,,
nairaland-921d02c2f59f,"Penguin2 : Festus Keyamo crying already? Save your tears baba, things wey go make you cry still dey come. This is not 2023, for every gbas there will be commiserate gbos. “Those who like peace must learn to organize as hard as those who like violence.” Martin Luther Jr The above is what we intend to do in 2027. noted",not_about_candidate,0.31,0.03,strong,unclear,0.99,0.36,mixed,0.72,v3,jev-1.13.0,,,,,
nairaland-a224a2fba155,Those are omogege thugs that were formerly in the apc  Obi has no violent political history.,not_about_candidate,0.68,0.02,strong,unclear,0.96,0.68,english,0.79,v3,jev-1.13.0,,,,,
nairaland-2c83733ed265,"Keyamo don't worry yasef they are daring Tompolo ba? Dem nor dey telli pesin, na obi life dem dey take play..",not_about_candidate,0.58,0.03,moderate,unclear,0.6,0.31,mixed,0.57,v3,jev-1.13.0,,,,,
nairaland-547d43e39149,"stuffs2002 : Obi thinks he can get to presidency through violence in 2027 just as he thought he could win presidency through religious sentiments in 2023 and he will fail again. See this one, u think that u are making sense",negative,0.36,0.03,strong,unclear,0.98,0.47,english,0.9,v3,jev-1.13.0,,,,,
nairaland-cc8a9614e92e,Dogalmighty17 : APC thugs first set it off by attacking an NDC rally. I didn't hear Keyamo run mouth then. They no learn anything for 2022 after that omashey peter obituary post,not_about_candidate,0.77,0.03,strong,unclear,1.0,0.57,mixed,0.61,v3,jev-1.13.0,,,,,
nairaland-8d7a0a7ed591,I’m living in i uvwie local government and I’m just hearing this news from a apc bigot.they have turned into propaganda because they knew delta is not for apc .,not_about_candidate,0.77,0.02,strong,unclear,0.99,0.74,english,0.65,v3,jev-1.13.0,,,,,
nairaland-cb295c7050cf,Apc thugs they sent me their Waterloo and oga on top is crying,negative,0.74,0.09,strong,unclear,0.96,0.52,mixed,0.82,v3,jev-1.13.0,,,,,
nairaland-139483d907a4,The problem is that Apcheat don't understand that people are tired After 8 fruitless years of the Daura langa their endurance has completely evaporated That zombies cheering for the Agbado sifu makes him think the people are behind him is madness QED 🚶‍♂️🚶‍♂️🚶‍♂️,negative,0.68,0.03,strong,unclear,0.47,0.42,english,0.72,v3,jev-1.13.0,,,,,
nairaland-654b2a13336f,This idiot kept quite when APC thugs were attacking NDC supporters rally at Delta state . See head like bicycle seat,not_about_candidate,0.62,0.02,strong,unclear,1.0,0.3,english,0.86,v3,jev-1.13.0,,,,,
nairaland-1b9a0fd54688,"Basic123 : So,because you are just hearing it then it is false No wonder you dey kiss mad man mentee ass That intelligence is deficient Show me another source of this allegations that is not traced to him",negative,0.65,0.05,strong,unclear,1.0,0.31,mixed,0.84,v3,jev-1.13.0,,,,,
nairaland-cc270d6303db,boxypane : Na Keyamo dey inside Keke dey shoot video. Hope you heard the allegations against mama P? Better but he is the videographer and Director of the movie.,not_about_candidate,0.61,0.03,mild,unclear,0.96,0.17,mixed,0.91,v3,jev-1.13.0,,,,,
nairaland-c7f3c83ae80a,LZAA : But you always remind us he is a trader and importer na? If he has money why would he use loans to buy things?😄 Una confusion dey break bone walahi Obi a thief and a trader who tells lies per second. Obi never had any legitimate money except what he has been stealing which was why he stole all the loan money he has been collecting,negative,0.41,0.03,strong,unclear,0.99,0.25,mixed,0.84,v3,jev-1.13.0,,,,,
nairaland-d250e6285d11,"AMI3 : Bill & Melinda Gates Foundation: Best Performing Governor on polio eradication in the South-East, 2013. This was a specific health-sector award, not “best governor in Nigeria.” � Trust Radio +1 BusinessDay Good Governance Awards: Best Governor on Healthcare, 2013. � Lol... True true Una no get single shame. Every governor is best in something thing or the other. Check the other governors and you will see they are best in so many other areas much more than your pandora liar and fraud called Obi",not_about_candidate,0.73,0.02,strong,unclear,1.0,0.6,mixed,0.75,v3,jev-1.13.0,,,,,
nairaland-f26db97ac2ea,"thatigboman : wetin u wan check? warri is always known for violence Are you sure you are okay, checking something mean violence for your village abi",not_about_candidate,0.92,0.02,moderate,Warji,0.53,0.11,mixed,0.48,v3,jev-1.13.0,,,,,
nairaland-386b6d9d6c96,stuffs2002 : Obi a thief and a trader who tells lies per second. Obi never had any legitimate money except what he has been stealing which was why he stole all the loan money he has been collecting 😄😄,not_about_candidate,0.62,0.02,strong,unclear,0.99,0.29,english,0.92,v3,jev-1.13.0,,,,,
nairaland-c4910cc665bc,"collins2good : For your mind , as you still dey wear paint dey roll motor tyre that time, na make u dey ask if them done born me, na Nairaland I blame shall you no know anywhere.. u be small pikin.. dey don born you when Friday and gadafi dey rule warri? This sheriff wey be governor now na their boy... Sheriff wey dey come alegbo secondary school come dey watch me throw shagalo enter net... No try me ooo",not_about_candidate,0.62,0.03,strong,unclear,0.92,0.36,mixed,0.49,v3,jev-1.13.0,,,,,
nairaland-ca092f2582d8,"Switruth : you no know anywhere.. u be small pikin.. dey don born you when Friday and gadafi dey rule warri? This sheriff wey be governor now na their boy... Sheriff wey dey come alegbo secondary school come dey watch me throw shagalo enter net... No try me ooo You done finally confirmed your age, lol, Mr shagalo, u sure say u nor still dey throw shagalo so",not_about_candidate,0.72,0.02,moderate,unclear,0.46,0.26,mixed,0.49,v3,jev-1.13.0,,,,,
nairaland-f3aa6fad1d53,"collins2good : You done finally confirmed your age, lol, Mr shagalo, u sure say u nor still dey throw shagalo so werin be shagalo and torons for football. Oya answer me. Sheriff dey come smoke for alegbo then. If you know who get Tivo you don dey know me small small.",not_about_candidate,0.69,0.03,moderate,unclear,0.68,0.13,mixed,0.55,v3,jev-1.13.0,,,,,
nairaland-9f74869804f9,Switruth : werin be shagalo and torons for football. Oya answer me. Sheriff dey come smoke for alegbo then. If you know who get Tivo you don dey know me small small. Are you from Ojakovo family,not_about_candidate,0.81,0.03,strong,unclear,0.44,0.15,mixed,0.65,v3,jev-1.13.0,,,,,
nairaland-243dc3682944,Sleekfingers : 🤣🤣🤣🤣🤣🤣What do you want him to say ? Throw his party under the bus? That's the duty of the opposition to cry out.....which they did.....now it is the turn of APC to cry out . And they will keep on crying,negative,0.29,0.05,strong,unclear,1.0,0.78,english,0.99,v3,jev-1.13.0,,,,,
nairaland-80ec75970cf4,This ogogro drinker go just sit down somewhere go dey cap nonsense.,not_about_candidate,0.64,0.02,strong,unclear,0.99,0.12,mixed,0.24,v3,jev-1.13.0,,,,,
nairaland-9ea58c79f4f0,"- Mr. Election Rigger, your cup will surely full.",negative,0.6,0.03,strong,unclear,1.0,0.36,english,0.95,v3,jev-1.13.0,,,,,
nairaland-8b61900ba655,Kukutente23 : All the votes you pipo are sharing Diaris Goduu ooo Gringory Obi is undeniably working for Bola Tinubu.,not_about_candidate,0.7,0.02,strong,unclear,0.91,0.68,mixed,0.76,v3,jev-1.13.0,,,,,
nairaland-afe14741204f,G5 or G7 also gave him Lagos and Abuja .,not_about_candidate,0.38,0.04,calm,unclear,1.0,0.36,english,0.88,v3,jev-1.13.0,,,,,
nairaland-ee73fe491a39,"Look at this basket mouth. Okay, meaning they will write results",negative,0.45,0.05,calm,unclear,0.98,0.37,english,0.77,v3,jev-1.13.0,,,,,
nairaland-aaad099a7c63,"Apcshit : At least you know he will win SS SE SW and kwankwaso north Thanks for agreeing Comprehension might be your problem. Go back and read what I wrote, this time, slowly. Thank you.",negative,0.48,0.09,strong,unclear,0.55,0.79,english,0.7,v3,jev-1.13.0,,,,,
nairaland-ddf9b88257e1,Someone really need to put this kid in his place.,not_about_candidate,0.39,0.03,moderate,unclear,1.0,0.13,english,1.0,v3,jev-1.13.0,,,,,
nairaland-caecbd17c5ac,"Obaofaba : Comprehension might be your problem. Go back and read what I wrote, this time, slowly. Thank you. I don't need to reread.Thanks for stating Obis prowess",not_about_candidate,0.54,0.03,strong,unclear,0.99,0.23,english,0.9,v3,jev-1.13.0,,,,,
nairaland-3f979e466d67,"Well.... I can't even shout I just passed a group of drunk agberos who were hailing me to ""show them love"" This is a result of voting for morally bankrupt and crime laden politicians to preside over a conservative population They really don't care about us (Thank you MJ) As for this rabble rouser Well.. Sai Apcheat i guess.. 🚶‍♂️🚶‍♂️🚶‍♂️",not_about_candidate,0.47,0.02,strong,unclear,0.93,0.25,english,0.65,v3,jev-1.13.0,,,,,
nairaland-30253be67595,Obaofaba : Okowa said recently that even him knew they won't win. He knew and he wasted resources on failure? The opposition will still win Delta,not_about_candidate,0.6,0.02,strong,unclear,1.0,0.52,english,0.59,v3,jev-1.13.0,,,,,
nairaland-719c421d1564,I'm wondering the choice language Wike will use for Tinumbu when they eventually fall out.,not_about_candidate,0.85,0.04,calm,unclear,0.64,0.22,english,0.98,v3,jev-1.13.0,,,,,
nairaland-b5dcc7f79c3a,This guy's future is prison.,negative,0.6,0.04,strong,unclear,1.0,0.21,english,1.0,v3,jev-1.13.0,,,,,
nairaland-32db2c4681fc,Wike the chiwawa is barking.. let me ask is wike actually trying to put himself among the power brokers in Nigeria? A common dog who is standing on the road at night?,not_about_candidate,0.49,0.03,moderate,unclear,0.99,0.23,english,0.51,v3,jev-1.13.0,,,,,
nairaland-2db6a24ca121,fergie001 : Wike's interview with TVC wike is saying the bitter truth,not_about_candidate,0.55,0.04,mild,unclear,0.98,0.34,english,0.74,v3,jev-1.13.0,,,,,
nairaland-d7d63c6f59a8,Mr wike should stop ranting analyzing to Nigerians how they rigged their selves into power and start focusing on how he’s going to help his associates. He’s already causing division amongst the APC governors … forgetting a visitor will forever remains a visitor no matter how nosy he’s or has become in the affairs of the APC he shouldn’t be surprised he’s not going to have it as a walk over comes 2027… there won’t be massive rigging like it happened the last time the world is watching .,not_about_candidate,0.66,0.02,strong,unclear,1.0,0.76,english,0.97,v3,jev-1.13.0,,,,,
nairaland-eb40b3581505,"Stop wasting ur time pouring water inside an old basket, it of no use. Allow him to continue totoring himself with d silly Narrative dat Nigerians hate Tinubu,even with all d by elections his party has won within 3yrs it's clear to d blind, audible to d deaf dat nothing but death can stop Tinubu's landslide victory at d polls next yr. I already know he and his type have already created fresh new monikers dey'll start using next yr as d shame of still using d current 1s dey're using won't allow dem after dey hear d result of how Nigerians in real life voted overwhelmingly for PBAT. Vision101 : I don't know where you get the notion that Tinubu is unpopular. Is it the social media noise orchestrated by people that have lost their old kingdom of subsidy on FX and petroleum products? They shout the hardship loudest to the ignorant and made them believe that it has produced nothing positive. The informed even in the opposition privately understand that Nigeria is heading in the right direction. The electorate needs effective communication. What the old order provided was the government giving the ordinary Nigerian #300 subsidy and the rich taking #30 million and all leading to bleak future. When the Treasury becomes empty: the rich and their children have solid future while ordinary Nigerians becomes worse off with no future. Ask yourself: why is it that dollar suddenly is no longer a major store of wealth unlike before? You can easily access it. No more hoarding.",not_about_candidate,0.62,0.02,strong,unclear,0.98,0.86,english,0.8,v3,jev-1.13.0,,,,,
nairaland-7573ca94885b,See the kind tout seun took up as a role model,not_about_candidate,0.45,0.09,calm,unclear,0.98,0.24,english,0.67,v3,jev-1.13.0,,,,,
nairaland-e38a2ac22f36,This mumu man thinks he knows everything. Tsnami Obi doesnt care about ur G5 nobody allows anybody cos i all of u were expecting Obi to have little or no votes. Mumu man,negative,0.38,0.02,strong,unclear,0.94,0.39,english,0.41,v3,jev-1.13.0,,,,,
nairaland-147c8cfc2f98,"Wike will just sit down and start giving apc data boys fake hope.😂😂 The moment wike discovers he cannot handle what is coming for him,he will abandon everyone and travel with his family to a safe country. Nah data boys I pity pass. Come January 2027,wike will disappoint your paymaster 😆😆",negative,0.63,0.04,strong,unclear,0.98,0.5,mixed,0.7,v3,jev-1.13.0,,,,,
nairaland-051171dea52a,What is all this foolish boastful talk is this really a democracy. Aren't the masses the ones to vote for their favourite candidates to lead them anymore?,not_about_candidate,0.45,0.03,strong,unclear,1.0,0.19,english,0.99,v3,jev-1.13.0,,,,,
nairaland-12cca95db3f0,"You will not allow it, meaning that the returning officers will go home with dollars I guess not that the people will decide ..",negative,0.45,0.04,moderate,unclear,1.0,0.27,english,0.98,v3,jev-1.13.0,,,,,
nairaland-64b5512ed078,"Allowed.  In other words,  people's votes don't count for Wike. This man is most likely to live the rest of his life in jail when  Tinubu  leaves office. He steals votes and boasts about that.",not_about_candidate,0.4,0.03,strong,unclear,0.99,0.48,english,0.99,v3,jev-1.13.0,,,,,
nairaland-217000344d05,"Wike: Nooooo, wait now. In 2023, there was bias because of Muslim-Muslim ticket. Even my children were against it, they were for Obi. But now they call me and say Dad, is there any Peter Obi? 🤡🤡🤡🤡😁😁😁😁",not_about_candidate,0.71,0.02,strong,unclear,1.0,0.51,english,0.86,v3,jev-1.13.0,,,,,
nairaland-e075bf137572,The G5 gods allowed Obi to win but could not win their own elections? Like Ikpuazu and co? Funny,not_about_candidate,0.56,0.02,mild,unclear,0.84,0.43,english,0.92,v3,jev-1.13.0,,,,,
nairaland-a8f41f5035c3,"Re: G5 Allowed Obi Win SS To Reduce Atiku's Votes, Won't Happen In 2027 - Wike by Starhearts : 4:27am Dreambeat : You allowed Obi to win? This idio.t is playing mind games to discourage people from voting Obi. Druggie and his camp know the game is up for them. Imagine the audacity to open his mouth telling Nigerians he rigged election and nothing anyone can do about it. It seems u have problem with ur comprehension IQ. Go back nd read d news again",not_about_candidate,0.71,0.03,very_strong,unclear,1.0,0.59,english,0.96,v3,jev-1.13.0,,,,,
nairaland-ef32aca24ccd,Dreambeat : You allowed Obi to win? This idio.t is playing mind games to discourage people from voting Obi. Druggie and his camp know the game is up for them. Imagine the audacity to open his mouth telling Nigerians he rigged election and nothing anyone can do about it. It seems u have problem with ur comprehension IQ. Go back nd read d news again,not_about_candidate,0.58,0.03,very_strong,unclear,0.99,0.51,english,0.99,v3,jev-1.13.0,,,,,
nairaland-b74d5e0f9bd0,God of Nigeria has spoken,not_about_candidate,0.59,0.05,strong,unclear,1.0,0.29,english,0.99,v3,jev-1.13.0,,,,,
nairaland-bf5a1f00ffab,"cr7lomo : See this one openly admitting to rigging.... we want to be like America and Europe...but we aren't ready... this guy should be arrested for this statement if we were a serious country And who says America and Europe don't rig? Who taught us the ""mago mango"" in this democracy thing?",not_about_candidate,0.54,0.03,strong,unclear,1.0,0.26,english,0.62,v3,jev-1.13.0,,,,,
nairaland-510ca521935f,"lightwind : The Man just thinks they will be in power forever. You obviously are still young to ""get"" what Wike is saying...",not_about_candidate,0.79,0.03,moderate,unclear,0.99,0.37,english,0.97,v3,jev-1.13.0,,,,,
nairaland-4888bd27a3ad,"Re: G5 Allowed Obi Win SS To Reduce Atiku's Votes, Won't Happen In 2027 - Wike by Mansa6 : 4:51am Dreambeat : You allowed Obi to win? This idio.t is playing mind games to discourage people from voting Obi. Druggie and his camp know the game is up for them. Imagine the audacity to open his mouth telling Nigerians he rigged election and nothing anyone can do about it. Where did he say anything about rigging election",not_about_candidate,0.76,0.02,very_strong,unclear,1.0,0.6,english,0.93,v3,jev-1.13.0,,,,,
nairaland-8e8d3f002245,Dreambeat : You allowed Obi to win? This idio.t is playing mind games to discourage people from voting Obi. Druggie and his camp know the game is up for them. Imagine the audacity to open his mouth telling Nigerians he rigged election and nothing anyone can do about it. Where did he say anything about rigging election,not_about_candidate,0.42,0.03,very_strong,unclear,0.99,0.58,english,0.99,v3,jev-1.13.0,,,,,
nairaland-676d83160de0,"Re: G5 Allowed Obi Win SS To Reduce Atiku's Votes, Won't Happen In 2027 - Wike by Apcshit : 5:02am Kukutente23 : All the votes you pipo are sharing Diaris Goduu ooo You used FTC to comment this ?",not_about_candidate,0.79,0.03,strong,unclear,0.98,0.66,mixed,0.86,v3,jev-1.13.0,,,,,
nairaland-2ab7e30187e4,Kukutente23 : All the votes you pipo are sharing Diaris Goduu ooo You used FTC to comment this ?,negative,0.58,0.04,moderate,unclear,0.93,0.25,mixed,0.85,v3,jev-1.13.0,,,,,
nairaland-cd0c0b3e8b33,Like say he send Atiku 🤣🤣🤣,negative,0.39,0.06,mild,unclear,0.98,0.51,english,0.82,v3,jev-1.13.0,,,,,
nairaland-9a921b522ecc,fergie001 : Wike's interview with TVC liar G5 that cannot boast of 1m votes,negative,0.62,0.04,strong,unclear,0.95,0.5,english,0.9,v3,jev-1.13.0,,,,,
nairaland-79488610a0af,Wealthyonos : Mere dust speaking as though he would live forever Chai. Wike don do una strong thing 🤣,negative,0.52,0.04,moderate,unclear,0.98,0.23,mixed,0.83,v3,jev-1.13.0,,,,,
nairaland-fe921c088fc6,"Hmmmmm. Well, it is only a matter of time",not_about_candidate,0.62,0.04,mild,unclear,1.0,0.15,english,1.0,v3,jev-1.13.0,,,,,
nairaland-77387cc63011,"it so funny how this people don't even regard the electorate as important, as far as the Gov of the state is behind them, since only 20k and small bag of rice will convince them to vote for whoever they want!",negative,0.6,0.02,strong,unclear,1.0,0.25,english,0.9,v3,jev-1.13.0,,,,,
nairaland-383164785768,"""We did What we did"" Chairman tell the world, what did you do?",negative,0.55,0.04,moderate,unclear,0.98,0.29,english,0.97,v3,jev-1.13.0,,,,,
nairaland-d8624e9fa80c,"Tomorrow when he is prosecuted for electoral fraud, people will call it witch-hunting.",negative,0.18,0.04,mild,unclear,1.0,0.34,english,1.0,v3,jev-1.13.0,,,,,
nairaland-7fcd9df05926,Wike you and your children are mad..... It is definitely you that nobody will know later.... You are just an over fed toad,negative,0.45,0.03,strong,unclear,1.0,0.26,english,0.74,v3,jev-1.13.0,,,,,
nairaland-d9e738dd87bd,Wealthyonos : Mere dust speaking as though he would live forever as in ehen.... Nobody knows who will even see that election...but all we are hearing is I and we not thinking about what might happen the next minute...,negative,0.45,0.03,moderate,unclear,1.0,0.17,english,0.89,v3,jev-1.13.0,,,,,
nairaland-abe9eb3e6915,So it didn’t reduce Tinubu’s votes?,not_about_candidate,0.76,0.09,mild,unclear,1.0,0.45,english,1.0,v3,jev-1.13.0,,,,,
nairaland-4411b32c6290,Openly admitting that they rigged elections in Nigeria,negative,0.37,0.09,calm,unclear,1.0,0.34,english,1.0,v3,jev-1.13.0,,,,,
nairaland-4febe1ae9d36,How will you support him? How many members PDP get for Senate? Abi you be APC member now?,not_about_candidate,0.42,0.04,calm,unclear,1.0,0.57,mixed,0.78,v3,jev-1.13.0,,,,,
nairaland-61d6f59e30c0,"tommykiwi : These Guys are really full of themselves, as if it is not Nigerians that will vote in who they want. They believe they can buy everybody's vote. . You will vote, but WE will write the results. Anybody wey wan die, make he troop to the streets, our security agents will be waiting for you",negative,0.63,0.02,very_strong,unclear,1.0,0.4,mixed,0.79,v3,jev-1.13.0,,,,,
nairaland-a657996935bc,"spencekat : Wike is really feeling himself. He talks like he has executive powers of a president. If you watch the full interview you will have no option than to love him. Bold, outspoken, audacious and speaks truth. He understands politics and public service inside out. Bringing him close was a wise decision by PBAT. He said that the opposition should forget 2027 and prepare for 2031.",positive,0.64,0.03,strong,unclear,0.84,0.55,english,0.9,v3,jev-1.13.0,,,,,
nairaland-43c81250aaf2,Bentacur007 : Who is going down ? Hahaha Wike never loses a fight.,not_about_candidate,0.68,0.03,moderate,unclear,0.98,0.33,english,0.93,v3,jev-1.13.0,,,,,
nairaland-51005d34f831,spencekat : Wike is really feeling himself. He talks like he has executive powers of a president. Imagine he becomes president,negative,0.37,0.03,mild,unclear,0.97,0.26,english,0.76,v3,jev-1.13.0,,,,,
nairaland-70a6a0c34e7c,Obaofaba : We still need you in Abuja my boss. Keep transforming the city. You are a product of the City Boys Movement. City boys movement of which year? This Tinubu's people and their lying condition is really getting out of hand. How can a region tell lies for fun abeg. Nawao! 🤣🤣🤣🤣🤣🤣🤣🤣🤣,not_about_candidate,0.41,0.03,strong,unclear,1.0,0.64,mixed,0.69,v3,jev-1.13.0,,,,,
nairaland-6f0a8a2d8934,mohims : Wike never loses a fight. Napoleon and Hitler once behaved like this Wike is a small task,not_about_candidate,0.72,0.03,mild,unclear,0.99,0.22,english,0.57,v3,jev-1.13.0,,,,,
nairaland-301d896fec7c,"wizelink : Why is this man creating enemies unnecessarily that will hunt him or his familiies in future? Does he think all these people he has spoken about will just look away from him or his family members when he or they has or have interest to contest for an elective position? Does he feel that by then they will forgive or have forgotten? Even if they have, their allies or internet will never forget. Why are you creating monster that will destroy you in future? You can't be there forever and you can't have that loyalists forever. They will create their own and topple you. Where are the people who brought you up in politics or did you fall from the moon? Have you not forgotten or ditched them. So stop making unnecessary noise, remain humble and know that no position last forever. He is NOT creating  any enemies/whatever. Go and watch that interview  again  TRUTH IS BITTER.I like BOLD people. UZODINMA  wan SCAM the Governors. See how the WIKED man exposed  his SCAM..He better stay in Imo and finish in 2028",not_about_candidate,0.54,0.03,very_strong,unclear,1.0,0.4,english,0.83,v3,jev-1.13.0,,,,,
nairaland-d36261e65636,"Nigerians don't vote during Senate President position tommykiwi : These Guys are really full of themselves, as if it is not Nigerians that will vote in who they want. They believe they can buy everybody's vote.",not_about_candidate,0.39,0.03,strong,unclear,1.0,0.3,english,0.96,v3,jev-1.13.0,,,,,
nairaland-530c6358d562,Hope say this supreme kuth gov. Knows who's wike is . Ok ooooo,not_about_candidate,0.47,0.03,mild,unclear,0.93,0.28,english,0.39,v3,jev-1.13.0,,,,,
nairaland-e5b13f43425f,"Islamisation agenda is clearly not a joke, religious bigots are going too far",not_about_candidate,0.75,0.03,strong,unclear,1.0,0.14,english,1.0,v3,jev-1.13.0,,,,,
nairaland-5eba4112429e,BATified2023 : hope u said this same thing when apostle Suleiman said him n all his church members will vote obi? Learn from Usun state election Learn to make use of your brain. Imams that went for prayer never returned till now.,negative,0.58,0.03,strong,unclear,0.93,0.52,english,0.79,v3,jev-1.13.0,,,,,
nairaland-73d9cea55c71,I am calling on all peace loving people of Oyo State to vote out this guy!,not_about_candidate,0.38,0.02,strong,unclear,1.0,0.36,english,1.0,v3,jev-1.13.0,,,,,
nairaland-5f2854248193,"Some people are just too foolish, In as much as I support the APC candidate, this statement is a trash from a foolish trash. A lot of idiots in government!!!",negative,0.3,0.03,strong,unclear,1.0,0.82,english,0.99,v3,jev-1.13.0,,,,,
nairaland-4110273b2709,"Angelfrost : Meaning  Christianity will suffer if a Muslim is voted in...! Just like that, it's no longer about competence or leadership, but solely about religion. If I call una backward, una go say my own too much. A presidential candidate who said election is a religious war is more backward if you want to be honest. Imagine a president like that..........",negative,0.45,0.04,strong,unclear,1.0,0.28,mixed,0.86,v3,jev-1.13.0,,,,,
nairaland-57baee9897c4,ppogba : A presidential candidate who said election is a religious war is more backward if you want to be honest. Imagine a president like that.......... Any and every candidate that puts emphasis on religion has absolutely no business leading a multi-cultural and multi-religious nation like Nigeria.,not_about_candidate,0.42,0.03,strong,unclear,1.0,0.27,english,0.9,v3,jev-1.13.0,,,,,
nairaland-3dbf106c11b1,"oyoofong : I am calling on all peace loving people of Oyo State to vote out this guy! Everyone would have loved to but he is from an area where they are predominantly Muslim. Just like the other Sheik Jingir or Gumi, these lots have the people in their pockets.",not_about_candidate,0.58,0.02,very_strong,unclear,0.99,0.3,english,0.93,v3,jev-1.13.0,,,,,
nairaland-a9d716e05f33,That means there is no vote for APC christian candidates in other states too.,not_about_candidate,0.36,0.04,calm,unclear,1.0,0.5,english,1.0,v3,jev-1.13.0,,,,,
nairaland-fe487d719476,"Angelfrost : Any and every candidate that puts emphasis on religion has absolutely no business leading a multi-cultural and multi-religious nation like Nigeria. You should have considered this before saying "" they are backward"". Stylish retraction is okay. If only Obi had been smart enough instead of shouting "" go and verify"" everywhere.",negative,0.33,0.03,strong,unclear,0.99,0.38,english,0.99,v3,jev-1.13.0,,,,,
nairaland-5009f9aa98da,BATified2023 : hope u said this same thing when apostle Suleiman said him n all his church members will vote obi? did apostle Suleiman say that christians should not vote for Muslims?,not_about_candidate,0.45,0.03,moderate,unclear,0.93,0.45,english,0.85,v3,jev-1.13.0,,,,,
nairaland-a2b70c01f4ea,ppogba : Is he related to the one that used Bia Bia to deceive Buhari and later became Minister of Communication? I just want to check something. Exactly. He is from saki where the former minister came from. The former minister too is a religious bigot. And the only LG in oyo state that votes on religion basis is that LG he came from in oke ogun. They are full of religious bigotry. The yeye boy spends most of hs time in Lagos o. Infact he pratically lives in Lagos and he hasmt attended more than 20 sessions of the state house of assembly A confirm nonesense boy he is,not_about_candidate,0.66,0.02,strong,unclear,1.0,0.46,english,0.58,v3,jev-1.13.0,,,,,
nairaland-b98e9b11d56a,"Obi introduced politics of religion into the polity, did you caution him then?",not_about_candidate,0.62,0.04,mild,unclear,0.97,0.27,english,0.97,v3,jev-1.13.0,,,,,
nairaland-788aeae3a61c,BATified2023 : hope u said this same thing when apostle Suleiman said him n all his church members will vote obi? Ojo apa bata apa jiwon jiwon eti e. A true Yoruba patriot should always consider his heritage first before larubawa wey no send am. Omo ale politician,not_about_candidate,0.6,0.02,strong,unclear,0.99,0.51,mixed,0.82,v3,jev-1.13.0,,,,,
nairaland-9c377cb9a769,"happney65 : Exactly. He is from saki where the former minister came from. The former minister too is a religious bigot. And the only LG in oyo state that votes on religion basis is that LG he came from in oke ogun. They are full of religious bigotry. The yeye boy spends most of hs time in Lagos o. Infact he pratically lives in Lagos and he hasmt attended more than 20 sessions of the state house of assembly A confirm nonesense boy he is Unfortunately, they will still vote.for him. Only God knows what he might have done for them during Salllah and the rest.",not_about_candidate,0.52,0.02,strong,unclear,1.0,0.46,english,0.57,v3,jev-1.13.0,,,,,
nairaland-bed5afbcf7af,delzbaba : Democracy allows minions like this to come out from their manholes and cesspits to spew their religious bias in public. Phuk him Now we give the youth chance you still complain,negative,0.53,0.04,very_strong,unclear,1.0,0.23,english,0.79,v3,jev-1.13.0,,,,,
nairaland-329f40b4a5e8,They're all pseudo-intellectuals...that one claiming igbo Muslim especially...they’ll just keep repeating arguments to you matter the evidence or facts you show them. BlackViper : You should resign from your job because you're no good at it.,negative,0.65,0.04,strong,unclear,1.0,0.13,english,1.0,v3,jev-1.13.0,,,,,
nairaland-06e67c001096,"Hope you listened well to apostle Suleiman and he didn't base his sentiment on religion, it's purely on the person and his personal prejudice towards the present administration. BATified2023 : hope u said this same thing when apostle Suleiman said him n all his church members will vote obi?",not_about_candidate,0.61,0.04,moderate,unclear,0.93,0.59,english,0.84,v3,jev-1.13.0,,,,,
nairaland-6cd40d138a9b,"* . Modified: 6:06pm On Sep 21 Parachoko : Pastor Suleiman can support a Christian candidate but it's now a crime for Muslims to support Muslim candidate While I am not a big fan of Pastor Suleiman, the context differs. Suleiman supports Obi but I did not read where he expressly tied his support to religion. This other idiot here is tying democratic support to religion and he is making it a ground for campaign. In a multi-religious country, these kind of people should not be occupying any political office. By this statement, it means his conduct in office is likely to be influenced by religious considerations and people of other faith cannot expect equal treatment and fairness from him.",negative,0.55,0.03,strong,unclear,0.99,0.32,english,0.99,v3,jev-1.13.0,,,,,
nairaland-6443c67a266a,"Parachoko : Pastor Suleiman can support a Christian candidate but it's now a crime for Muslims to support Muslim candidate While I am not a big fan of Pastor Suleiman, the context differs. Suleiman supports Obi but I did not read where he expressly tied his support to religion. This other idiot here is tying democratic support to religion and he is making it a ground for campaign. In a multi-religious country, these kind of people should not be occupying any political office. By this statement, it means his conduct in office is likely to be influenced by religious considerations and people of other faith cannot expect equal treatment and fairness from him.",negative,0.68,0.03,strong,unclear,0.98,0.35,english,0.34,v3,jev-1.13.0,,,,,
nairaland-94d697f2be00,"This is what you get when an illiterate occupies a government office. We tolerate rubbish in this country. If a Christian should say this now, they will stone him to death for blasphemy. Rubbish set of people occupying office just to be wicked to those who don't kowtow to their own religion",negative,0.48,0.03,very_strong,unclear,1.0,0.15,english,0.99,v3,jev-1.13.0,,,,,
nairaland-fea5e1d0c3a6,BATified2023 : hope u said this same thing when apostle Suleiman said him n all his church members will vote obi? apostle said he is voting a candidate not religion. in this case he want people to religion not candidate.,not_about_candidate,0.49,0.03,moderate,unclear,0.98,0.49,english,0.84,v3,jev-1.13.0,,,,,
nairaland-6569903116cd,"sweerychick : did apostle Suleiman say that christians should not vote for Muslims? Good questions,I don't know how this APC supporters reason",not_about_candidate,0.7,0.02,mild,unclear,1.0,0.46,english,0.77,v3,jev-1.13.0,,,,,
nairaland-6d140727fef5,"Tosin17 : Some people are just too foolish, In as much as I support the APC candidate, this statement is a trash from a foolish trash. A lot of idiots in government!!! He didn't vote himself in. He was voted in by the people, both beneficiaries and victims of his ideology. That is why I continue to say that you can trust the Nigerian to make the wrong decisions on anything important in this country. We didn't get to this sorry point in this nations history by mistake. We worked out our misfortune with our own hands and ignorant minds.",negative,0.19,0.03,strong,unclear,1.0,0.81,english,1.0,v3,jev-1.13.0,,,,,
nairaland-44f1d2e246ee,Lol. Na today?!,not_about_candidate,0.4,0.04,mild,unclear,0.96,0.16,mixed,0.39,v3,jev-1.13.0,,,,,
news_dailypost-5f28b7c29f8f,"Nigerian Newspapers: 10 things you need to know Tuesday morning. Good morning! Here is today’s summary from Nigerian Newspapers: 1. President Bola Ahmed Tinubu has extended his working vacation in Europe by a few days and will return this weekend, the Presidency announced on Monday. Special Adviser to the President on Information and Strategy, Bayo Onanuga, said this a statement on Monday. 2. The Plateau State Government has imposed a dusk-to-dawn curfew on Barkin Ladi, Bokkos and Mangu Local Government Areas of the state following attacks and killings in the LGAs. It was gathered that more than 20 people, including women and children, were killed in Mangu, Barkin Ladi, Bokkos and Riyom LGAs within two days. Many houses were also burned in the attacks. 3. Hundreds of students of the Taraba State College of Nursing Sciences, Jalingo, on Monday staged a peaceful protest following an overnight attack on one of the female hostels located outside the institution’s premises. The hoodlums allegedly raped a female student during the attack and inflicted injuries on her, including cutting off one of her fingers. 4. Parents and community members of Mussa and Lassa in Askira/Uba Local Government Area of Borno State on Monday threatened to storm the Presidential Villa in Abuja within six days if their abducted children are not rescued from Boko Haram captivity. The distressed families, whose children have now spent more than 130 days in the hands of insurgents, expressed their frustration during a protest over the government’s perceived inaction in Askira/Uba. 5. The Nigerian Air Force has taken a major step towards the acquisition of 12 AH-1Z Viper attack helicopters following a beam-signing ceremony with Bell Textron in Amarillo, Texas, United States. The Chief of the Air Staff, Air Marshal Sunday Aneke, led a NAF delegation to the ceremony, which marked a significant milestone in the implementation of the Nigeria-United States Government defence cooperation programme. 6. Staff of Federal Unity Colleges nationwide defied the Federal Government’s directive to resume academic activities on Monday, insisting that their indefinite strike over the concession of King’s College, Lagos, remains in force. During visits to some Unity Colleges in Lagos and Ibadan on Monday, staff union members were sighted in front of the school gates, while parents largely stayed away despite the Federal Government’s resumption directive. 7. The Abia State Police Command has arrested four suspects for allegedly stealing a four-day-old baby from its mother, who is mentally challenged, and selling the infant to another person. The Police Public Relations Officer, Maureen Chinaka, disclosed this in a statement on Monday. She identified the suspects as Gladys Nathaniel, 48; Victor Udochukwu, 47; Chijioke Obunwa, 59; and Onyeonoro Chinwe, 43. 8. The Nigeria Security and Civil Defence Corps, Lagos State Command, has smashed an illegal factory in the Badagry area of Lagos State, where adulterated fruit juice branded as “Barkas Juice” was allegedly being produced. Two women were arrested in connection with the operation. The command’s Public Relations Officer, Oluwaseun Abolurin, disclosed in a statement on Monday that the suspects were arrested after operatives from the Badagry area conducted about five days of surveillance in collaboration with a Nigerian Army formation in the area. 9. The Kano State Police Command has arrested a 35-year-old suspected kidnapper and cattle rustler and recovered a cine-camera drone during clearance operations along the Kano-Kaduna and Kano-Katsina border areas. The command said the suspect, Habibu Bello of Kunkumi Town, Makarfi Local Government Area of Kaduna State, was arrested on September 14 following credible intelligence received by operatives of its Anti-Kidnapping Squad. 10. Oyo State governor, Seyi Makinde on Monday expressed confidence that the Allied People’s Movement would win the 2027 general elections, saying God, the people of Oyo State and Nigerians at large were firmly behind the party",not_about_candidate,0.38,0.72,mild,unclear,0.99,0.14,english,1.0,v3,jev-1.13.0,,,,,
news_premiumtimes-aec3f12b99c4,"Witness details alleged transfers of Bauchi funds to private company in accountant-general’s trial. A compliance officer with United Bank for Africa (UBA) on Monday detailed alleged transfers of Bauchi State funds into the account of a private company linked to a defendant in the trial of the accountant-general of the state, Sirajo Muhammed Jaja. Testifying before Judge Obiora Egwuatu of the Federal High Court, the witness, Williams Abimbola, narrated how several transactions passed from the Bauchi State sub-treasury account into the account of JASFAD Resources Enterprises, according to a statement by the Economic and Financial Crimes Commission (EFCC). The EFCC is prosecuting Mr Jaja alongside Aliyu Abubakar, Abubakar Muhammed Hafiz, Ari Manga and Muhammed Aminu Bose on five money laundering charges involving alleged diversion of public funds and criminal misappropriation of N1.63 billion belonging to the North-east state. Mrs Abimbola, led in evidence by prosecution lawyer Ekele Iheanacho, a Senior Advocate of Nigeria (SAN), opened her testimony o transactions involving the JASFAD account with three transfers recorded on 29 October 2024. “My Lord, on the 29 of October 2024, we have three credit transfers into the account of JASFAD from the Sub-treasury Bauchi Account. “We have a transfer of N13,144,500, we also had a transfer of N17,169,300, and there is a transfer of N46,030,500,” she said, according to EFCC. The witness, who said her duties included receiving requests from law enforcement agencies, responding to enquiries and carrying out other assignments from the bank’s chief compliance officer, moved to the transactions recorded in November. Follow us on Google News and never miss breaking stories, investigations, and in-depth reporting. “On the seventh of November 2024, we had a credit transfer of N17,886,250, but the teller’s details were not captured. It just showed that transfers were made. “On 15 November, we had two credit transfers transferred by order of the Sub-treasury, Bauchi Account. The amount is N12,215,000 and N16,919,750 respectively. “On 19 November 2024, we had another transfer by order of the sub-treasury Bauchi account for N90,373,550. “On November 22, 2024, we had a credit transfer from sub-treasury Bauchi account for N140,087,500.” December brought more transfers into the account, according to Mrs Abimbola. “On 24 December 2024, we had two credit transfers by order of sub-treasury Bauchi Account, the first one is for N24,192,000 and the second transfer is N48,892,500. “On 27 December, 2024, we had two credit transfers by order of sub-treasury Bauchi account into JASFAD, the first is N335,040,000 and the second transfer is for N300,000,000.” She also told the court about two transfers recorded on 31 December. “On 31 December, we had two transfers by order of the Sub-treasury Bauchi Account of N14,285,527.20. The second transfer is for N26,975,000.” “On 25 February, 2025 we had a credit transfer by order of sub-treasury, Bauchi Account to JASFAD Resources of N19,840,000, and N13,020,000,” she said. “On March 3, 2025, we had a credit transfer by order of sub-treasury, Bauchi account for N16,105,223.70. “On March 5, 2025, we had a credit transfer of N56,642,500. On March 7, 2025, we had a credit transfer of N45,923,790. “On March 10, 2025, we had a transfer of N11,253,500. “On March 12 2025, we had two credit transfer from sub-treasury Bauchi account to JASFAD Resources Enterprises, the first transfer is for N49,280,000, the second transfer is for N30,720,000, while on March 14, 2025, we had a credit transfer by order of sub-treasury, Bauchi account of N28,262,500.” Mrs Abimbola later returned to the 25 February transactions. “On 25 February, 2025, there were two credits from the Sub-treasury Bauchi account to the JASFAD Resources account. The first transfer was N19,840,000 while the second transfer was N13,020,000,” she said. She also clarified the transactions recorded on 27 December 2024. She told the court that “On December 27, 2024, there were three transfers, the first one is N335,040,000, the",not_about_candidate,1.0,0.02,calm,unclear,0.69,0.07,english,1.0,v3,jev-1.13.0,,,,,
nairaland-d00a8f95a8d5,Na INEC chairman you guys are banking on to announce different results from what will be uploaded. Time is a gentle man,not_about_candidate,0.4,0.04,strong,unclear,1.0,0.37,mixed,0.39,v3,jev-1.13.0,,,,,
nairaland-d7c405643e1e,Apcshit : You used FTC to comment this ? I'm not responsible for your inability to read between the lines,negative,0.44,0.11,strong,unclear,1.0,0.41,english,0.94,v3,jev-1.13.0,,,,,
nairaland-c46fbcfb6110,I actually created a thread about this after the election but those Obidients did not understand,not_about_candidate,0.68,0.04,moderate,unclear,1.0,0.3,english,0.98,v3,jev-1.13.0,,,,,
nairaland-02173e3fc9ad,"Re: G5 Allowed Obi Win SS To Reduce Atiku's Votes, Won't Happen In 2027 - Wike by Dricker : 8:06am stan4b : Atleast, he's befitting from the government, so we'll understand if he's always talking in favor of it. What i dont understand is those APC rats that come here to rant and support them, even when some of them dont know where their next meal will come from. those rats are just bigots and bittered their lives are miserable,they come online and rant and go offline to beg..",not_about_candidate,0.74,0.02,strong,unclear,1.0,0.75,english,0.91,v3,jev-1.13.0,,,,,
nairaland-d516c4061f4a,"stan4b : Atleast, he's befitting from the government, so we'll understand if he's always talking in favor of it. What i dont understand is those APC rats that come here to rant and support them, even when some of them dont know where their next meal will come from. those rats are just bigots and bittered their lives are miserable,they come online and rant and go offline to beg..",negative,0.48,0.02,strong,unclear,0.99,0.68,english,0.87,v3,jev-1.13.0,,,,,
nairaland-93266a29bd61,Wike's response shows its more than voting. Somehow they write and decide on the numbers,not_about_candidate,0.69,0.05,mild,unclear,0.94,0.28,english,0.83,v3,jev-1.13.0,,,,,
nairaland-4e6e6fdecfeb,"The once invisible looking apc is now beginning to have cracks With wike going about granting interviews and rubbishing the governors, they would want to get back at wike and tulumbu would be the casualty Remember how the AMBO guy was the casualty as  tilumbu was the person they actually didn't like Na Same thing go happen I like what wike is doing He is telling Nigerians that they can do nothing He is assuming this god complex The perfect ingredient ! Jan nor far again",not_about_candidate,0.45,0.06,strong,unclear,0.88,0.59,mixed,0.53,v3,jev-1.13.0,,,,,
nairaland-87afb28b0010,Most people didn't suspect that Wike will do what he did. I believe people are wiser now.,not_about_candidate,0.75,0.03,mild,unclear,0.98,0.31,english,0.98,v3,jev-1.13.0,,,,,
nairaland-a52b9e917cab,My amiable nyesom We will teach dem again jan16,not_about_candidate,0.49,0.03,moderate,unclear,0.98,0.6,mixed,0.35,v3,jev-1.13.0,,,,,
nairaland-98d9a4087f13,The audacity.,negative,0.71,0.06,strong,unclear,1.0,0.22,english,1.0,v3,jev-1.13.0,,,,,
nairaland-e6f52c506ecf,Igbophobia : Hehehe... His conscience is already flogging him Wike the wiked Exactly.,negative,0.4,0.03,strong,unclear,0.99,0.46,english,0.54,v3,jev-1.13.0,,,,,
nairaland-70dd378b0536,This is simply a matter of both sides swearing by the bible or ayilala and winner takes all,not_about_candidate,0.37,0.03,mild,unclear,0.95,0.28,mixed,0.42,v3,jev-1.13.0,,,,,
nairaland-f30f62bce7f8,Wike will be disgraced just like Ekweremadu in Germany,not_about_candidate,0.79,0.02,strong,unclear,0.96,0.51,english,0.94,v3,jev-1.13.0,,,,,
nairaland-a878d5b70d89,Alliswell248 : Latest obidients recruit. Obi won the whole world on social media. But in real sense.....he is still a  boy. No vacancy in aso rock I have never seen an APC person saying the truth or supporting anything good in my life before. Everything about you people is negative and oppressive and even those eating at the highest tables would rather be somewhere else if not for the money. Sucks to be you guys,not_about_candidate,0.52,0.02,strong,unclear,1.0,0.48,english,0.94,v3,jev-1.13.0,,,,,
nairaland-2a9dbbcafd83,helinues : Rigging with guts.. Naija politics How Dem wan take produce evidence when they didn't have polling units agents. Obidients mostly run their affairs on social media Gbam and gbamsomely,not_about_candidate,0.46,0.03,strong,unclear,0.99,0.36,mixed,0.4,v3,jev-1.13.0,,,,,
nairaland-d2046a0fa911,Rivers people are cowards,not_about_candidate,0.67,0.03,strong,unclear,1.0,0.27,english,0.97,v3,jev-1.13.0,,,,,
nairaland-13a0af5cc113,"Everytime Obi, this is getting stale already. I never hear word since this last month Leave all these talks to election day.",negative,0.76,0.03,moderate,unclear,0.99,0.26,english,0.91,v3,jev-1.13.0,,,,,
nairaland-f190c1ed8076,So says the lawyer that rigs election with impunity.,negative,0.66,0.04,strong,unclear,1.0,0.33,english,1.0,v3,jev-1.13.0,,,,,
nairaland-9c0cdb6b4d7a,"ddippset : You don't even understand what I responded perhaps you can't read. Probably so busy hustling for the 17k monthly allowance earned for being a ""cyber nuisance"" I repeat LP or any other party doesn't need to have agents at poliing units before INEC does its job. Parties do not need to have poliing agents before Nigeria could conduct a free and fair and credible election. Says who?",not_about_candidate,0.55,0.02,strong,unclear,1.0,0.32,english,0.96,v3,jev-1.13.0,,,,,
nairaland-c271a1c14c66,Alliswell248 : Latest obidients recruit. Obi won the whole world on social media. But in real sense.....he is still a  boy. No vacancy in aso rock I have been following politics since the 80s before you were born. Gen-Z murkite.,not_about_candidate,0.38,0.02,strong,unclear,1.0,0.41,english,0.43,v3,jev-1.13.0,,,,,
nairaland-676b8e6ed210,🤣🤣🤣🤣🤣🤣 I just love Wike's wickedness.   Wike just like violence too much . Always pouring out his mind in a deliciously wicked ways .,not_about_candidate,0.58,0.03,strong,unclear,0.97,0.49,english,0.97,v3,jev-1.13.0,,,,,
nairaland-3b92fd1367ef,"You mean the way PDP rigged in Yardua n Ebele ba. Those were higher animal fair election ba ? Last last you will get sense. ddippset : NoYou should have sense enough to know that having no polling agents is not a prerequisite for fair election, neither is it a proof of fair election. In a country, not in an animal society. In a country where people behave like higher animals not lower animals, you don't need agents for the electoral commission to conduct proper elections. Your assertion is flawed and your logic st1nks.",not_about_candidate,0.56,0.02,strong,unclear,0.61,0.46,mixed,0.88,v3,jev-1.13.0,,,,,
nairaland-2b88f3438356,Rivers people and cowardice are like 5 and 6,not_about_candidate,0.64,0.03,mild,unclear,0.99,0.27,english,0.9,v3,jev-1.13.0,,,,,
nairaland-68a7ccbe3e95,"SonOfDSoil01 : obidient imagine a lot of things in their head and go to town with it……..just like they claim a man that came distant third in an election he clearly lost to be the winner they are a very delusional set of people……even if river state was added to the state he claimed to have won, he would have still lost to Tinubu…..obi can never and will never will a national election……btw Tinubu till 2031 The man you claim came 3rd dey give all of Una for APC high BP and sleepless nights. No be juju be that? E be like Una know wetin we no know. Useless criminals…. APC and their supporters.",not_about_candidate,0.69,0.02,very_strong,unclear,0.98,0.89,mixed,0.9,v3,jev-1.13.0,,,,,
nairaland-8e2ef2e23a72,"Apcshit : Rivers people and cowardice are like 5 and 6 So, we may assume that u reside in a Pdp controlled state",not_about_candidate,0.45,0.09,strong,unclear,0.99,0.71,english,0.86,v3,jev-1.13.0,,,,,
nairaland-3ec361751ed6,"* . Modified: 11:45pm On Sep 21 favor914 : So, we may assume that u reside in a Pdp controlled state No o .Rivers people are cowards",not_about_candidate,0.77,0.03,strong,unclear,1.0,0.63,english,0.87,v3,jev-1.13.0,,,,,
nairaland-5d83f6d1b849,"favor914 : So, we may assume that u reside in a Pdp controlled state No o .Rivers people are cowards",not_about_candidate,0.65,0.03,strong,unclear,0.95,0.67,english,0.89,v3,jev-1.13.0,,,,,
nairaland-c374e4b33be5,"Go and sit down somewhere. You're planning to rig, but you will be resisted in 2027. No one has a monopoly of madness — sometimes it takes madness to cure madness. If the election is free and fair, Obi will win with a wide margin.",not_about_candidate,0.58,0.03,strong,unclear,0.99,0.59,english,1.0,v3,jev-1.13.0,,,,,
nairaland-8d0b3291fd50,People like Wike now do rigging blatantly and tomorrow u go see them for church Who are they deceiving? You can deceive man but not God We will all be judged for our actions,negative,0.4,0.03,strong,unclear,0.97,0.4,english,0.82,v3,jev-1.13.0,,,,,
nairaland-b428685cdf4f,Gotocourt : It's Tinubu that's keeping the drunkard relevant. basic Machiavellian theory. You either make the prince who put you on the throne very happy or you utterly destroy and get rid of him (eventually),negative,0.47,0.03,strong,unclear,0.99,0.65,english,0.94,v3,jev-1.13.0,,,,,
nairaland-6d8e91a21785,"No mind them,na daydreaming dem sabi. If you want do your useless calculations you go put Rivers State",negative,0.5,0.03,strong,unclear,1.0,0.3,mixed,0.44,v3,jev-1.13.0,,,,,
nairaland-4d0180363a7f,"AlphaTaikun : That ATTACHED screenshot was really revealing and deep with regards to regional and State-wide ""vote buying"" in that 2023 election cycle! the screenshot just reveals the hypocrisy of this people who have been desperately trying hard to invalidate the election results just because their tribal candidate lost an election…….take them seriously at your own peril",not_about_candidate,0.3,0.03,strong,unclear,1.0,0.52,english,1.0,v3,jev-1.13.0,,,,,
nairaland-a670ef7a5676,"Be running your mouth, the days of reckoning are coming",negative,0.73,0.04,strong,unclear,1.0,0.19,english,0.99,v3,jev-1.13.0,,,,,
nairaland-00952df3b0cf,Apcshit : No o . Rivers people are cowards President of Ohaneze people is a coward .,not_about_candidate,0.73,0.04,strong,unclear,1.0,0.34,english,0.8,v3,jev-1.13.0,,,,,
nairaland-a2f25e3a20d6,"PDPdestroyer : As a politician, once people start spreading this kind of senseless propaganda about you, just know you’re the winner You will call it propaganda because we know who you are already protecting. Continue supporting criminals and expect a miracle from them. 😎😎😎",negative,0.47,0.03,strong,unclear,1.0,0.59,english,1.0,v3,jev-1.13.0,,,,,
nairaland-898548b1b029,"Apcshit : Useless people with identity crisis.Thubder fire all of them including the Falconets Just pray that god bless you with money, leave the country for them. It can't get better, those that want evvvil leaders to be ruling them over pass the well meaniful ones.",negative,0.48,0.1,very_strong,unclear,0.97,0.38,english,0.96,v3,jev-1.13.0,,,,,
nairaland-c6270040d9b3,"PDPdestroyer : As a politician, once people start spreading this kind of senseless propaganda about you, just know you’re the winner You have sense and you are right 👍▶️! In Nigeria and Politicians especially from the Opposition for that matter -are always looking for Pull Down Syndrome -(PDS), yet they ( Opposition) don't have any better alternatives! For now,Yayi Ni Joor!",not_about_candidate,0.37,0.03,strong,unclear,0.99,0.73,mixed,0.73,v3,jev-1.13.0,,,,,
nairaland-c80b39abe2dd,Na now you know?,not_about_candidate,0.75,0.07,calm,unclear,1.0,0.15,mixed,0.32,v3,jev-1.13.0,,,,,
nairaland-902f88a4ca49,Tenses : Normal normal for these tinupoo people. They love identity theft like kilode. This is a knockout blow for Yayi. A homo and an identity thief. Is he also rumored to be homo??,negative,0.43,0.04,strong,unclear,0.98,0.5,mixed,0.7,v3,jev-1.13.0,,,,,
nairaland-0b13a2bc4dd6,Apcshit : Useless people with identity crisis.Thubder fire all of them including the Falconets Mumuman 😁😁😁😁,negative,0.76,0.14,very_strong,unclear,0.9,0.51,english,0.68,v3,jev-1.13.0,,,,,
nairaland-58eee8946956,"PDPdestroyer : As a politician, once people start spreading this kind of senseless propaganda about you, just know you’re the winner Nice 👍",positive,0.34,0.04,moderate,unclear,1.0,0.54,english,0.98,v3,jev-1.13.0,,,,,
nairaland-d0844dabd9b0,"Yorubas don't seem to mind people with questionable backgrounds or people from one state contesting for positions in different states. James Faleke or something, from Kogi state, Bola Tinumbu and now this Yayi.",not_about_candidate,0.41,0.05,mild,unclear,0.99,0.42,english,0.99,v3,jev-1.13.0,,,,,
nairaland-3711f08d3aba,"PDPdestroyer : As a Nigerian politician, once people start spreading this kind of senseless propaganda about you, just know you’re the winner",not_about_candidate,0.46,0.03,moderate,unclear,1.0,0.77,english,1.0,v3,jev-1.13.0,,,,,
nairaland-a41bb0c66dca,Goonnik : Mumuman 😁😁😁😁 Ur mumu is legendary,not_about_candidate,0.58,0.02,moderate,unclear,1.0,0.13,english,0.5,v3,jev-1.13.0,,,,,
nairaland-9a401295651c,Someone that tinubu loves must be a fraudster like him Birds of a feather ....,not_about_candidate,0.47,0.03,strong,unclear,0.99,0.51,english,0.97,v3,jev-1.13.0,,,,,
nairaland-22e60e5dc9e1,Yayi is just jumping around anyhow Where him belong nobody knows,negative,0.35,0.02,mild,unclear,0.99,0.22,english,0.38,v3,jev-1.13.0,,,,,
nairaland-c7befa345ff5,[quote author=oluwaseyi0 post=140706317]Seems it’s not the president alone that have issue of identity crisis. Yoruba!!!!!. I swear these people are terrible SCAMMERS!!!😰😤😡,not_about_candidate,0.41,0.02,very_strong,unclear,1.0,0.24,english,0.96,v3,jev-1.13.0,,,,,
nairaland-60e5fb4b93ed,"Re: Yayi's Real Name Is Sulaimon Ogunleye - Wale Adedayo, Links To Sootem Ltd by techWriter001 : 1:33am Absolutely. Let’s just keep the conversation flowing, shall we? Technical Writer",not_about_candidate,0.72,0.02,calm,unclear,0.98,0.2,english,0.97,v3,jev-1.13.0,,,,,
nairaland-adcd4e628753,Oppositions Sometimes Learn to Accept fate . He is from The Moon not even from this World . But he is the Next Governor of Ogun State. Just drop your GraGra and Accept your Fate ..,not_about_candidate,0.32,0.04,strong,unclear,1.0,0.53,english,0.54,v3,jev-1.13.0,,,,,
nairaland-c2190b4250cc,"Re: Yayi's Real Name Is Sulaimon Ogunleye - Wale Adedayo, Links To Sootem Ltd by HallahGeisher : 8:14am oluwaseyi0 : Seems it’s not the president alone that have issue of identity crisis .....in that party for now APC power",not_about_candidate,0.66,0.03,mild,unclear,0.97,0.6,english,0.61,v3,jev-1.13.0,,,,,
nairaland-0bad34f59a9c,oluwaseyi0 : Seems it’s not the president alone that have issue of identity crisis .....in that party for now APC power,not_about_candidate,0.6,0.03,mild,unclear,1.0,0.6,english,0.78,v3,jev-1.13.0,,,,,
nairaland-0490992d4580,"Re: Yayi's Real Name Is Sulaimon Ogunleye - Wale Adedayo, Links To Sootem Ltd by HallahGeisher : 8:17am Unfortunately he has been representing Lagos and giving back to Lagos alone and hasn't been really felt in ogun state . Only to cross carpet suddenly and I doubt if he has been paying his taxes to ogun state in those period of times he was representing Lagos. These people are damn greedy with big effontry",not_about_candidate,0.74,0.02,strong,unclear,1.0,0.38,english,0.88,v3,jev-1.13.0,,,,,
nairaland-6751675528fd,Unfortunately he has been representing Lagos and giving back to Lagos alone and hasn't been really felt in ogun state . Only to cross carpet suddenly and I doubt if he has been paying his taxes to ogun state in those period of times he was representing Lagos. These people are damn greedy with big effontry,negative,0.72,0.02,strong,unclear,1.0,0.37,english,0.85,v3,jev-1.13.0,,,,,
nairaland-acdfb298c0b7,Ofemannnu : It is half that you bought now not everything again? Poor people buying up everywhere with their mouths. If we weren't the owners of over half of your lands already you won't be screaming that we should go back to our region as you do every 3rd eke market day Argue with your timeline,not_about_candidate,0.49,0.02,strong,unclear,0.98,0.14,english,0.53,v3,jev-1.13.0,,,,,
nairaland-16cfb0c07dd2,SeeWahala : If we weren't the owners of over half of your lands already you won't be screaming that we should go back to our region as you do every 3rd eke market day Argue with your timeline Poor people buying up everywhere with their mouths.,not_about_candidate,0.38,0.02,strong,unclear,0.96,0.14,english,0.32,v3,jev-1.13.0,,,,,
nairaland-d5bf8a8b538c,sick hateful and jealous old man,negative,0.53,0.03,strong,unclear,1.0,0.13,english,1.0,v3,jev-1.13.0,,,,,
nairaland-d47d36e5579c,Re: Now The Chinese Have Come For Your Trade.   Funny How Life Works. by bigpicture001 : 6:45am I Afrojuju2017 : There are no such laws in Nigeria There is,not_about_candidate,0.76,0.05,moderate,unclear,1.0,0.16,english,0.88,v3,jev-1.13.0,,,,,
nairaland-57790eff55a1,I Afrojuju2017 : There are no such laws in Nigeria There is,not_about_candidate,0.77,0.05,calm,unclear,1.0,0.18,english,0.95,v3,jev-1.13.0,,,,,
nairaland-14649c618676,bigpicture001 : I There is Thankfully you have data pls purge me of my ignorance. A link to the law would suffice,not_about_candidate,0.78,0.04,mild,unclear,1.0,0.12,english,0.99,v3,jev-1.13.0,,,,,
nairaland-5afdc9079511,Which kind yeye write up bdis?,not_about_candidate,0.46,0.11,calm,unclear,0.97,0.2,english,0.24,v3,jev-1.13.0,,,,,
nairaland-c47602eba80e,Heffalump : Very rubbish write-up. A whole waste of time. Least you read it🥲.,negative,0.42,0.03,moderate,unclear,1.0,0.1,english,0.99,v3,jev-1.13.0,,,,,
nairaland-5ffc3716c4f2,Looking at the author's name. I IMMEDIATELY dismissed the wall of text. Usual ranting from 2023 heartbreak,negative,0.48,0.04,moderate,unclear,1.0,0.14,english,1.0,v3,jev-1.13.0,,,,,
nairaland-25081e277004,"Kalashnikov49 : You play what? If a non igbo is President and delivers why should igbos. Fight the person... How can you support people that are failures,  but insult those trying to even make your life better? Omo..na wa Because my life is ok Not wanting to much Boss feel free to make your self comfortable with your situation",not_about_candidate,0.25,0.03,strong,unclear,1.0,0.31,mixed,0.78,v3,jev-1.13.0,,,,,
nairaland-59f32bb55220,"Who ever said this must be highly intoxicated, Tinubu and is bandwagon of criminals.",not_about_candidate,0.67,0.03,strong,unclear,1.0,0.56,english,0.95,v3,jev-1.13.0,,,,,
nairaland-db41cef0db62,"SeeWahala : Na so 😏 that's how you were in primary 3 and they promoted all your mates to primary 4 except you and you were asking ""what's so special about primary 4 self"" APC e-bots sha 😒 UN yet America attached Iran, UN, yet Gaza was bombed. Wake up. Ignoramuz leader. You all follow people blindly",negative,0.45,0.03,strong,unclear,1.0,0.41,mixed,0.8,v3,jev-1.13.0,,,,,
nairaland-33b9f0fa73fe,Ypur life is ok..and you are being paid to defend a failed government? bewla : Because my life is ok Not wanting to much Boss feel free to make your self comfortable with your situation,not_about_candidate,0.43,0.03,moderate,unclear,0.97,0.24,english,0.36,v3,jev-1.13.0,,,,,
nairaland-45c240183e07,"Okhuadams : easy on ur anger else you have a running stomach Well, for your information i own house with a toilet containing a functioning Water Closet unlike you who has to go and squat over a pit latrine 😏 Leave me with my anger and stomach abeg and face your own warrant after chewing all that fermented CoRn 🌽 😒",negative,0.7,0.12,strong,unclear,0.97,0.14,mixed,0.51,v3,jev-1.13.0,,,,,
nairaland-f6468c033baa,"DiamondsAreFore : https://www.thecable.ng/tinubu-finally-solves-his-chicago-problem/ Fake news, all lies, the Chicago case is still on, dem hold am for blokos",not_about_candidate,0.7,0.03,strong,unclear,0.98,0.47,mixed,0.86,v3,jev-1.13.0,,,,,
nairaland-df199b17f009,DiamondsAreFore : https://www.thecable.ng/tinubu-finally-solves-his-chicago-problem/ Ibos are always ibo. The joke is on the writer.,not_about_candidate,0.77,0.03,moderate,unclear,1.0,0.41,english,0.96,v3,jev-1.13.0,,,,,
nairaland-08f882f7adc6,"[quote author=Mattswaggz post=140708161][b]Why is he always avoiding anything to that has to do with going to the US if he isn't hiding something as 30k crew would want Trump,  might arrest him because of his drug case; we all saw what happened to Maduro, of Venezuela.",negative,0.78,0.02,moderate,unclear,1.0,0.15,english,0.99,v3,jev-1.13.0,,,,,
nairaland-7426ee0e139d,Kalashnikov49 : Ypur life is ok..and you are being paid to defend a failed government? paid ke who paid you and how did you came up with what you don't no or can't verify I see where most of us get it wrong But let me make it easy for you Two reason I will continue to support bola is One) is a Yoruba man Two) is policies are still a long time policy if we should allow it We only like rushing like Russians And getting to no where at the end,not_about_candidate,0.45,0.02,strong,unclear,1.0,0.51,english,0.93,v3,jev-1.13.0,,,,,
nairaland-261c245b87b2,Re: Tinubu Finally Solves His Chicago Problem By Rudolf Ogoo Okonkwo (The Cable) by bewla ( m ): 5:43am [quote author=chidi2003 post=140710199][/quote]Are they not in Nigeria let them try it now Let's see if they can look the film part one and two,not_about_candidate,0.72,0.03,moderate,unclear,1.0,0.41,english,0.87,v3,jev-1.13.0,,,,,
nairaland-116028a1be4a,[quote author=chidi2003 post=140710199][/quote]Are they not in Nigeria let them try it now Let's see if they can look the film part one and two,negative,0.53,0.03,moderate,unclear,1.0,0.21,english,0.92,v3,jev-1.13.0,,,,,
nairaland_search-f28c7ca8d07b,No one comes close! Where NDC @? 😂🤣😂🤣. They didn’t even bother contesting. 😂🤣😂🤣 NDC and PDP will relearn what they failed to learn in 2023.,not_about_candidate,0.59,0.02,strong,unclear,1.0,0.77,english,0.98,v3,jev-1.13.0,,,,,
nairaland_search-d88ecbaa0723,HacheNoire : No one comes close! Where NDC @? 😂🤣😂🤣. They didn’t even bother contesting . 😂🤣😂🤣 NDC and PDP will relearn what they failed to learn in 2023. Those content creators? They went for town hall meeting in Kaduna State. https://www.nairaland.com/8751087/moment-peter-obi-arrived-kaduna,not_about_candidate,0.79,0.02,strong,unclear,1.0,0.55,english,0.96,v3,jev-1.13.0,,,,,
nairaland_search-e64e331a6efd,"And one psychiatric patient is just deceiving himself lying over every little thing. Borrowing by state government is not a crime. But the criminal, in an attempt to claim the exact opposite of what he actually is, is claiming his government never took loan only for Soludo to the blow the lid of his rump.",not_about_candidate,0.49,0.02,strong,unclear,0.97,0.58,english,0.94,v3,jev-1.13.0,,,,,
nairaland_search-03daf9aeba8d,"Richtaiwo : And one psychiatric patient is just deceiving himself lying over every little thing. Borrowing by state government is not a crime. But the criminal, in an attempt to claim the exact opposite of what he actually is, is claiming his government never took loan only for Soludo to the blow the lid of his rump. how much Dem dey pay you to be acting in this manner",negative,0.36,0.02,very_strong,unclear,0.98,0.58,mixed,0.83,v3,jev-1.13.0,,,,,
nairaland_search-6a39c9353b18,NDC in Kano state ran away from that election kwankwaso you will know what is Andrew liver salt better,not_about_candidate,0.77,0.03,moderate,unclear,1.0,0.39,mixed,0.55,v3,jev-1.13.0,,,,,
nairaland_search-e1067d0c8de0,Sai Tinubu My sugar daddy,not_about_candidate,0.69,0.03,mild,unclear,0.96,0.5,english,0.69,v3,jev-1.13.0,,,,,
nairaland_search-7802f9cf88d4,"Make I laff small. Where are those loser KO of NDC, how market I think una say ba kwakwanshit owned Kano? Una obi supporters neva seen anything 2027 go choke you so tey una go dey ask who una offended, we go do una a strong thing wey heaven sef go shout ""Wa yo allah"". Head go pepper una I swear. We nor dey do ""Like or Share"" shit or online polls who is ahead in NW, NC, SE, SS bulshit we are on ground to shame you all with your fake online shit.",not_about_candidate,0.7,0.02,very_strong,unclear,1.0,0.46,mixed,0.95,v3,jev-1.13.0,,,,,
nairaland_search-61c092663887,It's sure nau. APC is doing rehearsal of what you will see next year. APC is going to win.,not_about_candidate,0.61,0.03,mild,unclear,1.0,0.95,mixed,0.5,v3,jev-1.13.0,,,,,
nairaland_search-9b6ffd95b9ce,"duro4chang : It's sure nau. APC is doing rehearsal of what you will see next year. APC is going to win. Absolutely fact infact it's 100% certain. Allow those busy body fake online statics to be wasting their time, No polling unit on social media.",not_about_candidate,0.73,0.03,strong,unclear,1.0,0.96,mixed,0.63,v3,jev-1.13.0,,,,,
nairaland_search-8310f49d98d8,"In Kwakwaso backyard o, the only state that he's a bit relevant. Some people still blv outside Kano Kwakwaso is so strong. Big lies",negative,0.32,0.03,strong,unclear,0.96,0.38,english,0.58,v3,jev-1.13.0,,,,,
nairaland_search-04e30005e76c,"Sunkab : In Kwakwaso backyard o, the only state that he's a bit relevant. Some people still blv outside Kano Kwakwaso is so strong. Big lies I tell you… the optics not good for Kwankwaso at all",not_about_candidate,0.76,0.03,moderate,unclear,0.96,0.48,english,0.45,v3,jev-1.13.0,,,,,
nairaland_search-5af9374ba9d1,givedemwotowoto : Nobody is interested in distractions. We're focused on dismantling the criminal organization from the head Continue to be focused while APC picks the position.,not_about_candidate,0.69,0.04,strong,unclear,0.99,0.56,mixed,0.43,v3,jev-1.13.0,,,,,
nairaland_search-bb7f4f48bede,"givedemwotowoto : Nobody is interested in distractions. We're focused on dismantling the criminal organization from the head If my 20 year old son,thinks like you,I'll shoot myself...",not_about_candidate,0.38,0.03,very_strong,unclear,1.0,0.18,mixed,0.34,v3,jev-1.13.0,,,,,
nairaland_search-36b0b1e15685,There eye go soon clear.. Na Jagaban una dey take play This is just a tip of the iceberg,negative,0.42,0.05,mild,unclear,0.93,0.26,mixed,0.92,v3,jev-1.13.0,,,,,
nairaland_search-11884e53a412,givedemwotowoto : Nobody is interested in distractions. We're focused on dismantling the criminal organization from the head You too dey lie... Tinubu don disgrace una once again Your principal sef no dey significant for INEC to include in the final result,negative,0.45,0.03,strong,unclear,1.0,0.61,mixed,0.73,v3,jev-1.13.0,,,,,
nairaland_search-de95afb914be,Re: APC Candidate Kallamu Usman Maijama'a Wins By-Election In Gombe by naptu2 ( op ): 3:37am On Sep 20 * . Modified: 3:52am On Sep 20 Previous threads: Kano by-election:APC's Datti declared winner of Dawakin Kudu State Constituency https://www.nairaland.com/8751235/kano-by-election-apcs-datti-declared Breaking: APC Wins Udu Constituency Bye Election In Delta State https://www.nairaland.com/8751268/breaking-apc-wins-udu-constituency APC’s Yakubu Ali Wins By-Election In Bauchi State https://www.nairaland.com/8751308/apcs-yakubu-ali-wins-by-election,not_about_candidate,0.37,0.05,calm,unclear,0.93,0.53,english,0.99,v3,jev-1.13.0,,,,,
nairaland_search-45fd74f19a74,Where's NDC and ADC I'm tired for these opposition wasting their time on SM chasing shadow,not_about_candidate,0.65,0.03,moderate,unclear,0.97,0.44,english,0.41,v3,jev-1.13.0,,,,,
nairaland_search-4243fa37ca31,"Ogunlere must still lose in January, This I have seen!",not_about_candidate,0.43,0.03,strong,unclear,0.94,0.35,english,0.77,v3,jev-1.13.0,,,,,
nairaland_search-7846b34b1257,"Karlovich : Ogunlere must still lose in January, This I have seen! Those with blurry vision shouldn't be argue of what rainbow colors look like Tell us one single thing you ever seen in the past with your support that came close to reality? What's happening to Apc vs Nigerians narration?",negative,0.57,0.08,strong,unclear,0.99,0.66,english,0.97,v3,jev-1.13.0,,,,,
nairaland_search-ce254fc2e3c1,. yarimo  the NDC YOOTS LEADER,not_about_candidate,0.38,0.04,calm,unclear,0.94,0.32,mixed,0.49,v3,jev-1.13.0,,,,,
nairaland_search-13e849262360,They will soon come and tell you they only care about presidential elections,negative,0.36,0.03,moderate,unclear,1.0,0.28,english,1.0,v3,jev-1.13.0,,,,,
nairaland_search-ad68339bba76,"Karlovich : Ogunlere must still lose in January, This I have seen! says by an inconsequential entity. Nigeria don move on.",not_about_candidate,0.32,0.03,moderate,unclear,0.98,0.36,english,0.72,v3,jev-1.13.0,,,,,
nairaland_search-4995013781af,I hope is getting clearer now abi😂😂😂 Those wailers should subscribe for tears on time before next year.,negative,0.69,0.04,mild,unclear,0.97,0.39,english,0.36,v3,jev-1.13.0,,,,,
nairaland_search-48984b83dcf8,APC still dey win? Seems 2027 is getting clearer!,not_about_candidate,0.79,0.03,mild,unclear,1.0,0.79,mixed,0.89,v3,jev-1.13.0,,,,,
nairaland_search-a0571c1aba4f,ADC and NDC will not be declared winner of next election,not_about_candidate,0.41,0.03,calm,unclear,0.99,0.43,english,0.98,v3,jev-1.13.0,,,,,
nairaland_search-c58a93311c1a,This is the same party some delusional claimed has been rejected.,positive,0.65,0.05,moderate,unclear,1.0,0.46,english,1.0,v3,jev-1.13.0,,,,,
nairaland_search-c675ab101f2a,"Alright, let's see.APC candidate wins a local election? Definitely! A good one.",positive,0.65,0.03,mild,unclear,1.0,0.9,english,0.99,v3,jev-1.13.0,,,,,
nairaland_search-46c429238056,What of their oga too? He needs to take responsibility for it cos they usually act base on his instructions. 🤔🤨,negative,0.69,0.04,moderate,unclear,1.0,0.19,mixed,0.36,v3,jev-1.13.0,,,,,
nairaland_search-cbb4accd4355,"APC’s Yakubu Ali Wins By-Election In Bauchi State by naptu2 ( op ): 3:49am On Sep 20 * . Modified: 5:24am On Sep 20 APC’s Yakubu Ali Wins Disina Bye-Election by Deborah Akwa September 20, 2026 The All Progressives Congress (APC) candidate, Yakubu Ali, has won the Disina State Constituency by-election in Bauchi State. The election was held on Saturday across 95 polling units in Disina Constituency, with results announced on Sunday. Ali polled 5,846 votes to defeat his closest challenger, Babangida Isaq of the All Progressives Movement (APM), who scored 5,225 votes. Ali won by 621 votes. The Peoples Redemption Party (PRP) candidate, Alhaji Rilwanu Galadiman Disina, finished third with 3,701 votes. The constituency is in Shira Local Government Area of Bauchi State. The bye-election drew candidates from the APC, APM and PRP, among other political interests. Before the poll,  People’s Redemption Party (PRP) leaders had called for a peaceful and credible election. They also urged political parties and their supporters to avoid violence, intimidation and inflammatory statements. The PRP had presented Rilwanu Galadiman Disina as its candidate during its campaign in the constituency. During the campaign, PRP governorship candidate Senator Shehu Buba Umar urged political actors to focus on issues, leadership and service rather than personal attacks. The Disina election was one of the State Assembly by-elections. With 5,846 votes, Ali emerged before Isaq and Galadiman Disina to secure the Disina State Constituency seat. Ali’s victory gives the APC the seat following the by-election. https://newscentraltv.com/apcs-yakubu-ali-wins-disina-bye-election/ YANZU-YANZU: Hukumar zabe mai zaman kanta INEC ta sanar da Hon Ali Yakubu daga jam'iyyar APC a matsayin wadda ya lashen zaben cike gurbi na mazabar Disina karamar hukumar Shira. pic.twitter.com/pFPIlziWnY — Zamani TV (@Zamani__tv) September 20, 2026",neutral,0.66,0.84,calm,Shira,1.0,0.32,mixed,0.56,v3,jev-1.13.0,,,,,
nairaland_search-f3ed425664f1,"APC’s Yakubu Ali Wins Disina Bye-Election by Deborah Akwa September 20, 2026 The All Progressives Congress (APC) candidate, Yakubu Ali, has won the Disina State Constituency by-election in Bauchi State. The election was held on Saturday across 95 polling units in Disina Constituency, with results announced on Sunday. Ali polled 5,846 votes to defeat his closest challenger, Babangida Isaq of the All Progressives Movement (APM), who scored 5,225 votes. Ali won by 621 votes. The Peoples Redemption Party (PRP) candidate, Alhaji Rilwanu Galadiman Disina, finished third with 3,701 votes. The constituency is in Shira Local Government Area of Bauchi State. The bye-election drew candidates from the APC, APM and PRP, among other political interests. Before the poll,  People’s Redemption Party (PRP) leaders had called for a peaceful and credible election. They also urged political parties and their supporters to avoid violence, intimidation and inflammatory statements. The PRP had presented Rilwanu Galadiman Disina as its candidate during its campaign in the constituency. During the campaign, PRP governorship candidate Senator Shehu Buba Umar urged political actors to focus on issues, leadership and service rather than personal attacks. The Disina election was one of the State Assembly by-elections. With 5,846 votes, Ali emerged before Isaq and Galadiman Disina to secure the Disina State Constituency seat. Ali’s victory gives the APC the seat following the by-election. https://newscentraltv.com/apcs-yakubu-ali-wins-disina-bye-election/ YANZU-YANZU: Hukumar zabe mai zaman kanta INEC ta sanar da Hon Ali Yakubu daga jam'iyyar APC a matsayin wadda ya lashen zaben cike gurbi na mazabar Disina karamar hukumar Shira. pic.twitter.com/pFPIlziWnY — Zamani TV (@Zamani__tv) September 20, 2026",neutral,0.7,0.81,calm,Shira,1.0,0.29,mixed,0.5,v3,jev-1.13.0,,,,,
nairaland_search-07e76000d90d,Re: APC’s Yakubu Ali Wins By-Election In Bauchi State by naptu2 ( op ): 3:49am On Sep 20 Previous threads: Kano by-election:APC's Datti declared winner of Dawakin Kudu State Constituency https://www.nairaland.com/8751235/kano-by-election-apcs-datti-declared Breaking: APC Wins Udu Constituency Bye Election In Delta State https://www.nairaland.com/8751268/breaking-apc-wins-udu-constituency APC Candidate Kallamu Usman Maijama'a Wins By-Election In Gombe https://www.nairaland.com/8751305/apc-candidate-kallamu-usman-maijamaa,neutral,0.77,0.14,calm,unclear,0.94,0.56,english,0.99,v3,jev-1.13.0,,,,,
nairaland_search-d14a50125d3f,ADC and NDC does not exist in the state. They only know how to make noise online.,negative,0.63,0.03,strong,unclear,0.99,0.44,english,0.93,v3,jev-1.13.0,,,,,
nairaland_search-0ac6a19ab629,"Ah, meanwhile a sitting governor here is APM yet APC won again. I cannot receive myself again, APC is on his way to another presidential win in January.",negative,0.74,0.91,mild,unclear,0.99,0.69,english,0.87,v3,jev-1.13.0,,,,,
nairaland_search-1f108a460447,We will beat kwankwaso in his polling unit in January.,not_about_candidate,0.56,0.03,mild,unclear,0.81,0.51,english,0.91,v3,jev-1.13.0,,,,,
nairaland_search-0d82ea5d4297,"I go dey talk am with my full chest say, Our Election is getting better Nah Bauchi state Governor state b dz o",positive,0.54,0.05,moderate,unclear,0.91,0.38,mixed,0.93,v3,jev-1.13.0,,,,,
nairaland_search-26113464ea06,"we are still testing the micro phone……ndi Nigerians have rejected APC and no Nigerian will vote Apc, oya oo come and explain to us if the people that voted in Bauchi are Somalians😂😂😂……..na few month remain to general election……Una tears go plenty pass river Niger…..Tinubu till 2031",not_about_candidate,0.38,0.02,strong,unclear,0.91,0.69,mixed,0.93,v3,jev-1.13.0,,,,,
nairaland_search-e13131693fc8,"Omoh, APC Dy vex o. They really know grassroot politics",not_about_candidate,0.28,0.03,moderate,unclear,1.0,0.74,mixed,0.77,v3,jev-1.13.0,,,,,
nairaland_search-45e821d4cc86,"lordm : Omoh, APC Dy vex o. They really know grassroot politics Politics is different from social media noises",not_about_candidate,0.27,0.04,moderate,unclear,1.0,0.84,mixed,0.71,v3,jev-1.13.0,,,,,
nairaland_search-c411137d75b1,APC again? Tinubu don enter!,not_about_candidate,0.67,0.03,moderate,unclear,1.0,0.67,mixed,0.88,v3,jev-1.13.0,,,,,
nairaland_search-4e4c34932e08,APC does not have competitors. Ride on jagaban Nigerians are with you.,not_about_candidate,0.4,0.02,strong,unclear,0.98,0.96,english,0.4,v3,jev-1.13.0,,,,,
nairaland_search-34e6e09419a1,Wait until the state governors will be unable to write results. Brain dead morron. seunmsg : ADC and NDC does not exist in the state. They only know how to make noise online.,not_about_candidate,0.46,0.02,strong,unclear,1.0,0.5,english,0.67,v3,jev-1.13.0,,,,,
nairaland_search-1a6456922d55,"Why the mistake of 20th instead of 19th Quite close, I envisage that the APM will contest this in Court.",neutral,0.29,0.95,mild,unclear,0.99,0.27,english,0.99,v3,jev-1.13.0,,,,,
nairaland_search-adf3f052228c,A statement of local opinion.,not_about_candidate,0.7,0.13,calm,unclear,1.0,0.28,english,1.0,v3,jev-1.13.0,,,,,
nairaland_search-e26f37e648c9,"Whenever I see APC victory during elections like this I feel uncomfortable and unhappy. What are the SKELEWU content creating oppositions taking Nigeria for? I hear people keep on making this fool!sh comments saying that the presidential election is the target not all this. It's like a student saying getting good grades in Test and Assignments are not important or necessary, that the major target is passing the Examination. How will you perform well in an Examination when you can't pass simple test and Assignments Nigeria politics is not hard, the moment your party can't win Chairmanship, Governor and National Assemble elections JUST FORGET ABOUT PRESIDENTIAL ELECTION . Election winning and also rigging start from the grassroot. Happy Sunday all May God bless us",not_about_candidate,0.79,0.02,strong,unclear,1.0,0.45,english,0.94,v3,jev-1.13.0,,,,,
nairaland_search-aa4d29ec364f,I don't understand.  Is it that these policemen don't know who the ICPC chairman is?,not_about_candidate,0.76,0.04,mild,unclear,0.99,0.25,english,1.0,v3,jev-1.13.0,,,,,
nairaland_search-b2f444412e5a,Are we supposed to magically identify them using the back of their heads? Why are the criminals being protected?,not_about_candidate,0.46,0.05,strong,unclear,1.0,0.23,english,1.0,v3,jev-1.13.0,,,,,
nairaland_search-39b73fff1cc7,Suddenly it's shocking because it happened to an influential person,not_about_candidate,0.47,0.09,moderate,unclear,1.0,0.18,english,1.0,v3,jev-1.13.0,,,,,
nairaland_search-4087b4d24acc,even yellow fever self collect money. omasheo,negative,0.36,0.04,calm,unclear,0.91,0.21,mixed,0.79,v3,jev-1.13.0,,,,,
nairaland_search-47e98b3e7a89,"Richtaiwo : I don't understand.  Is it that these policemen don't know who the ICPC chairman is? It's not every top office holder out there that likes to blast siren and use 50 cars just to pass road, of course the police are not looking for the face of the ICPC chairman so that they'll give him a pass on the extortion 😁😁😁",not_about_candidate,0.46,0.03,moderate,unclear,0.98,0.25,english,0.88,v3,jev-1.13.0,,,,,
nairaland_search-b4fe9bb6b9a1,There own don finish patapata!!!!,not_about_candidate,0.17,0.05,very_strong,unclear,0.98,0.3,mixed,0.41,v3,jev-1.13.0,,,,,
nairaland_search-43933cbacf74,Chai. Wonders shall never cease. Even men in uniform too ?,not_about_candidate,0.67,0.04,mild,unclear,1.0,0.15,english,0.85,v3,jev-1.13.0,,,,,
nairaland_search-a7f5668652bb,"Dismissal, just like that, chai .",negative,0.51,0.04,moderate,unclear,0.99,0.18,mixed,0.46,v3,jev-1.13.0,,,,,
nairaland_search-b009d1d3a6c2,"* . Modified: 11:45am On Jul 22 Anytime you are looking for real criminals ( kidnappers, assassins, r*pists and arm robbers) you don't need to find them in the ghetto, just move to the police station, they are all over there with black uniforms and assault rifles.",not_about_candidate,0.74,0.02,strong,unclear,1.0,0.14,english,1.0,v3,jev-1.13.0,,,,,
nairaland_search-aa9a5f000e89,"Anytime you are looking for real criminals ( kidnappers, assassins, r*pists and arm robbers) you don't need to find them in the ghetto, just move to the police station, they are all over there with black uniforms and assault rifles.",not_about_candidate,0.79,0.02,strong,unclear,1.0,0.17,english,1.0,v3,jev-1.13.0,,,,,
nairaland_search-9eb773987463,When your cup is full it is full indeed. Una no see who to extort na ICPC chairman. Ok.,not_about_candidate,0.5,0.04,moderate,unclear,0.98,0.27,mixed,0.92,v3,jev-1.13.0,,,,,
nairaland_search-2cccd366b815,"But the other picture that was post included two female officers, who I go come believe now. So police officers dey snitch on each other 😁",not_about_candidate,0.66,0.03,mild,unclear,1.0,0.13,mixed,0.68,v3,jev-1.13.0,,,,,
nairaland_search-9d58d04598c9,Richtaiwo : I don't understand.  Is it that these policemen don't know who the ICPC chairman is? maybe he was driving a personal car without a government plate No.,not_about_candidate,0.7,0.04,mild,unclear,0.98,0.2,english,0.75,v3,jev-1.13.0,,,,,
nairaland_search-bd5043fc77e5,* . Modified: 2:17pm On Jul 22 As if the police chief himself is not corrupt. Bring Ogun or amadioha next to him in that press conference and he will take off. The Nigerian police is a joke! Always ready to throw fellow officers under the bus for the same thing bad things they do everyday 🙃,not_about_candidate,0.38,0.03,strong,unclear,1.0,0.18,english,0.99,v3,jev-1.13.0,,,,,
nairaland_search-2430fdf90bfb,As if the police chief himself is not corrupt. Bring Ogun or amadioha next to him in that press conference and he will take off. The Nigerian police is a joke! Always ready to throw fellow officers under the bus for the same thing bad things they do everyday 🙃,not_about_candidate,0.47,0.02,strong,unclear,1.0,0.18,english,0.99,v3,jev-1.13.0,,,,,
nairaland_search-898d21abdbe8,Everyday for the thief and one day for the owner. Their cup don full,not_about_candidate,0.36,0.04,moderate,unclear,1.0,0.23,english,0.85,v3,jev-1.13.0,,,,,
nairaland_search-a201e9754680,"Jokers! How many times have you released the identities of fuckingg Police that extorted from common Nigerians. Answer me! You don see big man your prick dey rise like rubber FIFA world cup trophy. All animals are not equal. Woman kpai for federal minister house, the big man dey merry go around grant interviews. Woman kpai herself by herself, dem go arrest common man  talk say him rape her Na reason why she kpai. No more way for poor people - fola",not_about_candidate,0.79,0.02,very_strong,unclear,1.0,0.15,mixed,0.86,v3,jev-1.13.0,,,,,
nairaland_search-8e2e74fe6af5,"These guys must have extorted money from very helpless people in the past. Of all people, na ICPC Chairman una destiny carry una go jam. More like divine justice. 'The gods are not to blame' jare!",negative,0.39,0.04,strong,unclear,0.97,0.23,mixed,0.94,v3,jev-1.13.0,,,,,
nairaland_search-7ddde4af2033,"Police are animals, how do you extort anti corruption boss",not_about_candidate,0.53,0.04,strong,unclear,1.0,0.21,english,0.95,v3,jev-1.13.0,,,,,
nairaland_search-9d0617bfb3fe,"No details of how long they have been in that domain.
 Who knows how many they stole from daily? 85% of Nigerian police are thieves, bandits, kidnappers.",negative,0.4,0.03,strong,unclear,1.0,0.18,english,1.0,v3,jev-1.13.0,,,,,
nairaland_search-f78839e4e26d,"* . Modified: 11:24am On Jul 22 The truth is most of our law enforcement agency workers are dull. Most of them wouldn't even recognize the IGP if they come across him in mufti,",not_about_candidate,0.77,0.03,moderate,unclear,1.0,0.21,english,0.99,v3,jev-1.13.0,,,,,
nairaland_search-b828e2800e19,Richtaiwo : I don't understand.  Is it that these policemen don't know who the ICPC chairman is? Did you know him before now,not_about_candidate,0.64,0.04,mild,unclear,0.99,0.22,english,0.63,v3,jev-1.13.0,,,,,
nairaland_search-39224b0babc6,this is how they continue corruption.  show their faces.,negative,0.72,0.05,strong,unclear,1.0,0.24,english,0.99,v3,jev-1.13.0,,,,,
nairaland_search-2ea2dd0e4ef4,"""They are a gang of criminals who left various divisions, clustered together, moved to Wuse Banex and created a checkpoint where they perpetrated this act before fleeing"" There are 2 types of People in the Nigerian Police: 1. EVIL CULTISTS who KILL and MAIM. 2. GREEDY CULTISTS who EXTORT and EXTRACT. And both of them are IGNORANT! If these CRIMINALS were not absolutely REGARDED, they'd have NOTICED the Government NUMBER PLATE on the vehicle. Or NOTICED the name on his Driver's License. Instead the GREEDY FHOOOLS marched the Chairman of an organisation whose SOLE PURPOSE is to investigate corruption in Public Service Agencies like the Nigerian Police Force.",not_about_candidate,0.52,0.05,very_strong,unclear,0.8,0.17,english,0.99,v3,jev-1.13.0,,,,,
nairaland_search-fac41121d73a,"And after the lengthy write up, no mention of names knowing very well that they are criminals in your (police) uniform. If it is otherwise now you will be singing their names like the new national Anthem. It is well",negative,0.49,0.04,strong,unclear,1.0,0.25,english,0.95,v3,jev-1.13.0,,,,,
nairaland_search-0dcf976c9aab,Ekelebe na fool na why most of their daughters are olosho,not_about_candidate,0.65,0.04,strong,unclear,0.91,0.19,mixed,0.4,v3,jev-1.13.0,,,,,
nairaland_search-a9e2d187dff0,I can't laugh alone. Lol. They don't know his identity.,not_about_candidate,0.57,0.03,mild,unclear,1.0,0.14,english,0.99,v3,jev-1.13.0,,,,,
nairaland_search-2cd0746f1a07,Lol...police arrest ekelebe for doing what they're all known for.,not_about_candidate,0.6,0.03,moderate,unclear,0.88,0.25,english,0.78,v3,jev-1.13.0,,,,,
nairaland_search-2a4b8449ed12,L'obatan. That is a goat of FG go eat yam from the FG farm niyen ooo 😁😁😁,not_about_candidate,0.4,0.02,mild,unclear,0.87,0.44,mixed,0.55,v3,jev-1.13.0,,,,,
nairaland_search-45dc8476b4e5,When will they start arresting them for daily extortion of ordinary Nigerians.,not_about_candidate,0.36,0.05,strong,unclear,1.0,0.21,english,1.0,v3,jev-1.13.0,,,,,
nairaland_search-5cdf0da3b2aa,* . Modified: 6:01pm On Jul 20 Imagine how those four fools waka inside agbako.. them no see anybody extort ...na ICPC Chairman and his entourage u go collect money from.... 😂 It's obvious he intentionally played along with them... because if to say he get ordinary ICPC sticker on his car .... Well well..who God won catch,negative,0.44,0.03,strong,unclear,0.93,0.25,mixed,0.87,v3,jev-1.13.0,,,,,
nairaland_search-8f4b92992c68,Imagine how those four fools waka inside agbako.. them no see anybody extort ...na ICPC Chairman and his entourage u go collect money from.... 😂 It's obvious he intentionally played along with them... because if to say he get ordinary ICPC sticker on his car .... Well well..who God won catch,negative,0.48,0.03,strong,unclear,0.98,0.26,mixed,0.83,v3,jev-1.13.0,,,,,
nairaland_search-430277990533,Can't they identify their fellow partners in crime?,negative,0.36,0.1,moderate,unclear,1.0,0.28,english,1.0,v3,jev-1.13.0,,,,,
nairaland_search-15ea172517c9,DEROXMAN : Ekelebe na fool na why most of their daughters are olosho Chai!!! You wicked o!! But nor be all Ekelebe bad.,not_about_candidate,0.73,0.02,strong,unclear,0.86,0.18,mixed,0.45,v3,jev-1.13.0,,,,,
nairaland_search-dcdb4e245f87,Their village people are after them to the extent that the man paid POS charge. It is called double wahala for the dead body,not_about_candidate,0.72,0.04,moderate,unclear,0.99,0.13,mixed,0.72,v3,jev-1.13.0,,,,,
nairaland_search-fb70d18b63b8,Cops think say they don jam maga or a yahoo boy Illiterates,not_about_candidate,0.62,0.02,strong,unclear,1.0,0.22,english,0.58,v3,jev-1.13.0,,,,,
nairaland_search-7f8957c7dd3c,Must they know the ICPC Chairman's identity before doing their job? Country just dey tol childish abeg,negative,0.39,0.04,strong,unclear,0.99,0.26,mixed,0.95,v3,jev-1.13.0,,,,,
nairaland_search-c894b50cb729,NIGERIAJAGAJAGA : I can't laugh alone. Lol. They don't know his identity. Chairman of  ICPC will obviously not be a young man and will also look the part of a big person the policemen were just desperate and stvpid at the same time…,not_about_candidate,0.35,0.04,strong,unclear,0.99,0.25,english,0.78,v3,jev-1.13.0,,,,,
nairaland_search-f8ff0b92ba7c,"Dem even make am to pay POS charges They'd be like ogar the charges no concern us o, na you go pay that one I sha hope they won't go and arrest an innocent pos vendor going about hustling for his daily bread",not_about_candidate,0.76,0.03,strong,unclear,0.99,0.12,mixed,0.94,v3,jev-1.13.0,,,,,
nairaland_search-5a8fb3a3d0bc,They will never change. Extortion is deep in their DNA.,negative,0.75,0.03,strong,unclear,1.0,0.29,english,1.0,v3,jev-1.13.0,,,,,
nairaland_search-9e9254ff23fc,"* . Modified: 4:05pm On Jul 20 Lolz. Even the ICPC Chairman shock. Even with all the ""do you know who I am"", he later drop 53k for them. Na turn by turn. Everybody go collect.",not_about_candidate,0.18,0.04,strong,unclear,0.99,0.2,mixed,0.98,v3,jev-1.13.0,,,,,
nairaland_search-0d1def9732f9,"Lolz. Even the ICPC Chairman shock. Even with all the ""do you know who I am"", he later drop 53k for them. Na turn by turn. Everybody go collect.",negative,0.19,0.05,strong,unclear,0.99,0.24,mixed,0.98,v3,jev-1.13.0,,,,,
nairaland_search-93ff69eac682,"One day monkey go go market e no go comeback. To the rest of the bad eggs in the Nigerian police force, one day Una cup too go full",not_about_candidate,0.61,0.03,strong,unclear,1.0,0.2,mixed,0.59,v3,jev-1.13.0,,,,,
nairaland_search-e26f5b56ebbe,"gazilion : Their cup don full. These men were caught because the man they extorted knows the CP personally. One can only imagine what normal citizens go through If it was an ordinary Nigerian , it wouldn’t have been a big deal.It is only a big issue because of the profile of the victim.There was no way the CP could overlook this or sweep it under the carpet.All four officers will be dismissed.",not_about_candidate,0.76,0.02,strong,unclear,0.99,0.17,english,0.94,v3,jev-1.13.0,,,,,
nairaland_search-e141f81c7581,"YOu need to understand the audacity of those Abuja policemen , they will even ask "" who are you?.....they no dey learn",not_about_candidate,0.75,0.03,strong,unclear,1.0,0.22,mixed,0.95,v3,jev-1.13.0,,,,,
nairaland_search-286a80ec34d8,This does not make sense. Did he drive without his security details?,negative,0.49,0.06,mild,unclear,1.0,0.2,english,1.0,v3,jev-1.13.0,,,,,
nairaland_search-d99204e5a90b,"What are way to end. a career. What will they even tell their wives at home.? If you say there is no village people , they are here laughing at you",negative,0.35,0.04,moderate,unclear,1.0,0.16,english,0.89,v3,jev-1.13.0,,,,,
nairaland_search-d245124b7b31,PROPHETmichael : This does not make sense. Did he drive without his security details? Maybe it was staged too. Abi no be so?,negative,0.64,0.04,mild,unclear,0.99,0.24,mixed,0.96,v3,jev-1.13.0,,,,,
nairaland_search-090ead52e76f,"He advised residents to refuse any unlawful demand by policemen to search their phones on the roadside and immediately report such incidents through the police emergency lines. “You cannot stop anybody on the road and ask the person to bring out his phone for search. If any policeman stops you and asks to search your phone, don’t agree. Call the police emergency lines and we will ask them why,” Sanusi said. How many times we don here this matter yet them still dey do am",not_about_candidate,0.57,0.04,moderate,unclear,0.98,0.13,mixed,0.82,v3,jev-1.13.0,,,,,
nairaland_search-50925b79e45a,He advised residents to refuse any unlawful demand by policemen to search their phones on the roadside and immediately report such incidents through the police emergency lines. How many times we don here this matter yet them still dey do am,not_about_candidate,0.67,0.04,moderate,unclear,1.0,0.12,mixed,0.86,v3,jev-1.13.0,,,,,
nairaland_search-418a6f98eba0,Re: APC Candidate Kallamu Usman Maijama'a Wins By-Election In Gombe by naptu2 ( op ): 3:37am On Sep 20 * . Modified: 3:52am On Sep 20 Previous threads: Kano by-election:APC's Datti declared winner of Dawakin Kudu State Constituency https://www.nairaland.com/8751235/kano-by-election-apcs-datti-declared Breaking: APC Wins Udu Constituency Bye Election In Delta State https://www.nairaland.com/8751268/breaking-apc-wins-udu-constituency APC’s Yakubu Ali Wins By-Election In Bauchi State https://www.nairaland.com/8751308/apcs-yakubu-ali-wins-by-election,not_about_candidate,0.51,0.06,calm,unclear,0.92,0.51,english,0.99,v3,jev-1.13.0,,,,,
nairaland_search-82fd334d14a2,Previous threads: Kano by-election:APC's Datti declared winner of Dawakin Kudu State Constituency https://www.nairaland.com/8751235/kano-by-election-apcs-datti-declared Breaking: APC Wins Udu Constituency Bye Election In Delta State https://www.nairaland.com/8751268/breaking-apc-wins-udu-constituency APC’s Yakubu Ali Wins By-Election In Bauchi State https://www.nairaland.com/8751308/apcs-yakubu-ali-wins-by-election,neutral,0.69,0.15,calm,unclear,0.96,0.53,english,0.99,v3,jev-1.13.0,,,,,
nairaland_search-854198f00cab,Where's NDC and ADC I'm tired for these opposition wasting their time on SM chasing shadow,not_about_candidate,0.64,0.02,moderate,unclear,0.96,0.44,english,0.52,v3,jev-1.13.0,,,,,
nairaland_search-5997acf7f9d8,"Ogunlere must still lose in January, This I have seen!",not_about_candidate,0.42,0.03,strong,unclear,0.93,0.35,english,0.78,v3,jev-1.13.0,,,,,
nairaland_search-0c34518282ae,"Karlovich : Ogunlere must still lose in January, This I have seen! Those with blurry vision shouldn't be argue of what rainbow colors look like Tell us one single thing you ever seen in the past with your support that came close to reality? What's happening to Apc vs Nigerians narration?",negative,0.53,0.05,strong,unclear,0.99,0.64,english,0.95,v3,jev-1.13.0,,,,,
nairaland_search-9678ee719bd7,. yarimo  the NDC YOOTS LEADER,not_about_candidate,0.39,0.04,mild,unclear,0.94,0.3,mixed,0.43,v3,jev-1.13.0,,,,,
nairaland_search-8f5b8e3a2f06,They will soon come and tell you they only care about presidential elections,negative,0.33,0.03,moderate,unclear,1.0,0.29,english,1.0,v3,jev-1.13.0,,,,,
nairaland_search-295a99439c15,"Karlovich : Ogunlere must still lose in January, This I have seen! says by an inconsequential entity. Nigeria don move on.",not_about_candidate,0.35,0.03,moderate,unclear,0.99,0.36,english,0.74,v3,jev-1.13.0,,,,,
nairaland_search-0508aeabd04e,I hope is getting clearer now abi😂😂😂 Those wailers should subscribe for tears on time before next year.,negative,0.73,0.04,mild,unclear,0.98,0.39,english,0.4,v3,jev-1.13.0,,,,,
nairaland_search-6e6a1d28798a,APC still dey win? Seems 2027 is getting clearer!,not_about_candidate,0.78,0.03,mild,unclear,1.0,0.75,mixed,0.92,v3,jev-1.13.0,,,,,
nairaland_search-7d33d8914aac,ADC and NDC will not be declared winner of next election,not_about_candidate,0.46,0.03,calm,unclear,0.99,0.41,english,0.98,v3,jev-1.13.0,,,,,
nairaland_search-40486d3551c8,This is the same party some delusional claimed has been rejected.,positive,0.69,0.05,moderate,unclear,1.0,0.44,english,1.0,v3,jev-1.13.0,,,,,
nairaland_search-a01f962909b2,"Inosky : Did NDC participated in this election? Did anyone stop NDC from participating? ADC and NDC pulled out of the race to avoid setback and humiliation. Why would a political party shy away from fielding candidate in an election if not for fear of defeat and the humiliation and backlash that would follow? And ironically, while the INEC election was going on in the 4 constituencies, Obi, according to his obidients and their polls, was leading in an online poll. No be deceits be dat?",not_about_candidate,0.79,0.02,strong,unclear,0.98,0.53,mixed,0.84,v3,jev-1.13.0,,,,,
nairaland_search-93b6fef4e788,"Alright, let's see.APC candidate wins a local election? Definitely! A good one.",positive,0.69,0.03,mild,unclear,1.0,0.88,english,0.99,v3,jev-1.13.0,,,,,
nairaland_search-540c1db65c6a,Freetech : Where's NDC and ADC I'm tired for these opposition wasting their time on SM chasing shadow Many Nigerians vote party and not individual and that is why we are suffering,not_about_candidate,0.71,0.03,strong,unclear,1.0,0.5,english,0.81,v3,jev-1.13.0,,,,,
nairaland_search-08d6fa421f17,What of their oga too? He needs to take responsibility for it cos they usually act base on his instructions. 🤔🤨,negative,0.68,0.04,moderate,unclear,1.0,0.17,english,0.34,v3,jev-1.13.0,,,,,
nairaland_search-3cfcff8a85c2,We are just doing dress rehearsal for next January. We will beat Peter in his polling unit.,not_about_candidate,0.55,0.03,mild,unclear,1.0,0.36,english,0.99,v3,jev-1.13.0,,,,,
nairaland_search-c32a58cd3bb7,🔥🔥🔥🔥🔥 APC! We lighting up everywhere! These political minions still don’t know what time it is!,not_about_candidate,0.25,0.04,very_strong,unclear,1.0,0.91,english,0.91,v3,jev-1.13.0,,,,,
nairaland_search-12bc9f2ad33a,Previous threads: Kano by-election:APC's Datti declared winner of Dawakin Kudu State Constituency https://www.nairaland.com/8751235/kano-by-election-apcs-datti-declared APC Candidate Kallamu Usman Maijama'a Wins By-Election In Gombe https://www.nairaland.com/8751305/apc-candidate-kallamu-usman-maijamaa APC’s Yakubu Ali Wins By-Election In Bauchi State https://www.nairaland.com/8751308/apcs-yakubu-ali-wins-by-election,neutral,0.38,0.08,calm,unclear,0.94,0.54,english,0.99,v3,jev-1.13.0,,,,,
nairaland_search-3f0fb4dcce66,"Again, AADC and NDC are nowhere to be found. They only exist online to make noise.",negative,0.51,0.03,moderate,unclear,0.99,0.35,english,0.99,v3,jev-1.13.0,,,,,
nairaland_search-2b5640e15f1a,aswani : You can only prove a positive Ọga. Please try and make your posts not just make sense but at least relevant to the thread topic. Keep quiet 🤫 and let your Ebola EBILokan EBIpawa prove his drug dealings is a negative,negative,0.56,0.03,strong,unclear,0.95,0.24,mixed,0.4,v3,jev-1.13.0,,,,,
nairaland_search-3b7d9acb8d27,"* . Modified: 11:02pm On Sep 21 Congratulations to us, but let me know when you see it.",positive,0.33,0.04,mild,unclear,1.0,0.12,english,0.99,v3,jev-1.13.0,,,,,
nairaland_search-74f65cd004a8,"Congratulations to us, but let me know when you see it.",not_about_candidate,0.33,0.05,mild,unclear,1.0,0.15,english,1.0,v3,jev-1.13.0,,,,,
nairaland_search-d8962c7e5d54,They don’t know anything,negative,0.75,0.04,moderate,unclear,1.0,0.22,english,1.0,v3,jev-1.13.0,,,,,
nairaland_search-e35f7bd2bc3d,Thunder fire who voted for APC,not_about_candidate,0.5,0.04,strong,unclear,0.99,0.54,english,0.43,v3,jev-1.13.0,,,,,
nairaland_search-84228c701a2d,"PDPdestroyer : My Obidient neighbour had to rinse his eyes with water many times to be sure he read right. He couldn’t believe APC won this Delta bye-election, because of those online polls he saw on nairaland the house member defected to NDC and was removed. so NDC was not allowed to contest the bye election. only APC,PDP and APM",not_about_candidate,0.54,0.89,mild,unclear,1.0,0.61,english,0.94,v3,jev-1.13.0,,,,,
nairaland_search-45e1ac47b645,naptu2 : Previous threads: Kano by-election:APC's Datti declared winner of Dawakin Kudu State Constituency https://www.nairaland.com/8751235/kano-by-election-apcs-datti-declared APC Candidate Kallamu Usman Maijama'a Wins By-Election In Gombe https://www.nairaland.com/8751305/apc-candidate-kallamu-usman-maijamaa APC’s Yakubu Ali Wins By-Election In Bauchi State https://www.nairaland.com/8751308/apcs-yakubu-ali-wins-by-election Why didn't ADC and NDC participate? Seems it's a nationwide. Is there any issues affecting them at the national levels at that time? I would have preferred them to be there to test their popularities.,not_about_candidate,0.55,0.06,calm,unclear,0.95,0.26,english,0.99,v3,jev-1.13.0,,,,,
nairaland_search-e3572cfdf8cc,WE ARE INTERESTED NON PAPA OSELOKA'S NDC a d Pa ATIKU  ADC own,not_about_candidate,0.79,0.05,calm,unclear,0.97,0.46,mixed,0.51,v3,jev-1.13.0,,,,,
nairaland_search-daeaffc3ede5,OBI don start going from Church  to Church  to repeat his YES DADDY while APC dey WIN steady.,not_about_candidate,0.55,0.03,moderate,unclear,0.98,0.79,mixed,0.65,v3,jev-1.13.0,,,,,
nairaland_search-376d54301894,"Apcshit : Thunder fire who voted for APC . No cry, no cry, no cry, no cry. But if you still want to cry, then cry well well",not_about_candidate,0.38,0.03,very_strong,unclear,1.0,0.62,english,0.51,v3,jev-1.13.0,,,,,
nairaland_search-5d2bd3eb63de,No panic. 2027 is Nigerians vs APC 😂😂😂 Na Samuel Eto'o people vote for this election. 🤣🤣🤣,not_about_candidate,0.74,0.02,mild,unclear,1.0,0.45,mixed,0.85,v3,jev-1.13.0,,,,,
nairaland_search-e237b386683d,ppogba : It is not difficult to get something to deceive the gullible opposition we have. Afterall Ikemefuna Van Basten is still cashing out. No be small Van Basten... him deceive desperate Atiku wetin no good.,not_about_candidate,0.63,0.02,strong,unclear,0.99,0.65,mixed,0.88,v3,jev-1.13.0,,,,,
nairaland_search-b3bd85da88c8,NgeneUkwenu : We are just doing dress rehearsal for next January. We will beat Peter in his polling unit. Have you returned to APC from PDP? May the poverty which APC imposed upon Nigerians since 2015 afflict your generations unborn. Amen.,not_about_candidate,0.6,0.02,very_strong,unclear,0.99,0.89,english,0.85,v3,jev-1.13.0,,,,,
nairaland_search-a303b7b3a906,But some people are screaming online that the APC will not win any elections as Nigerians prefers theirs ice cream seller,not_about_candidate,0.72,0.03,moderate,unclear,1.0,0.52,english,0.88,v3,jev-1.13.0,,,,,
nairaland_search-e2fba3aa3b7b,", 2015 nice . . . . but I don't think its d latest. cos boko boys don send almost half of the Hausa's to d grave",not_about_candidate,0.65,0.03,strong,unclear,0.96,0.22,mixed,0.71,v3,jev-1.13.0,,,,,
nairaland_search-58a3184781d2,nice . . . . but I don't think its d latest. cos boko boys don send almost half of the Hausa's to d grave,negative,0.44,0.03,strong,unclear,0.96,0.2,mixed,0.64,v3,jev-1.13.0,,,,,
nairaland_search-0a3b59f941c0,", 2015 petkoffDrake : nice . . . . but I don't think its d latest. cos boko boys don send almost half of the Hausa's to d grave Funny you boko never kill reach my local government population yet.. so haters should go and die. FYI our population has zero chances of being reduced even by war.. I de born 30 kids like my papa, and his father before him, ,  ntorr",not_about_candidate,0.71,0.03,strong,unclear,0.82,0.14,mixed,0.52,v3,jev-1.13.0,,,,,
nairaland_search-07e64a9e0e79,"petkoffDrake : nice . . . . but I don't think its d latest. cos boko boys don send almost half of the Hausa's to d grave Funny you boko never kill reach my local government population yet.. so haters should go and die. FYI our population has zero chances of being reduced even by war.. I de born 30 kids like my papa, and his father before him, ,  ntorr",not_about_candidate,0.76,0.03,strong,unclear,0.76,0.12,mixed,0.6,v3,jev-1.13.0,,,,,
nairaland_search-0f9a4583378f,", 2015 booked",not_about_candidate,0.54,0.05,calm,unclear,1.0,0.18,english,0.99,v3,jev-1.13.0,,,,,
nairaland_search-317bd1ce36d6,booked,not_about_candidate,0.79,0.07,calm,unclear,1.0,0.18,english,1.0,v3,jev-1.13.0,,,,,
nairaland_search-0a122a886027,", 2015 Many people had PhD over the false story. If I did not come out and told the correct, many people would. Never know the truth",negative,0.25,0.07,mild,unclear,1.0,0.13,english,0.98,v3,jev-1.13.0,,,,,
nairaland_search-3ea479a17aab,"Many people had PhD over the false story. If I did not come out and told the correct, many people would. Never know the truth",negative,0.26,0.06,moderate,unclear,1.0,0.12,english,0.98,v3,jev-1.13.0,,,,,
nairaland_search-233c81226def,petkoffDrake : nice . . . . but I don't think its d latest. cos boko boys don send almost half of the Hausa's to d grave Hmm! are you saying that boko boys were successful  with the ethnic cleansing in the North? nay.,not_about_candidate,0.65,0.03,strong,unclear,0.99,0.15,mixed,0.63,v3,jev-1.13.0,,,,,
nairaland_search-c7f58a87d515,"Re: Map Of Ethnic Groups In Nigeria As It Revolves From 1901- 2015 by forgiveness ( op ): 11:41pm On Jul 15 , 2015 ademusiwa99 : Many people had PhD over the false story. If I did not come out and told the correct, many people would. Never know the truth Really!",not_about_candidate,0.79,0.05,moderate,unclear,1.0,0.08,english,0.87,v3,jev-1.13.0,,,,,
nairaland_search-673807e71c89,"ademusiwa99 : Many people had PhD over the false story. If I did not come out and told the correct, many people would. Never know the truth Really!",negative,0.36,0.1,moderate,unclear,1.0,0.13,english,0.78,v3,jev-1.13.0,,,,,
nairaland_search-059d9b489490,Nice,positive,0.49,0.05,mild,unclear,0.99,0.13,english,1.0,v3,jev-1.13.0,,,,,
nairaland_search-08ab9f8576bb,", 2015 Blah Blah Blah",not_about_candidate,0.79,0.05,calm,unclear,1.0,0.16,english,0.98,v3,jev-1.13.0,,,,,
nairaland_search-c9738081ee52,Blah Blah Blah,not_about_candidate,0.75,0.04,calm,unclear,1.0,0.12,english,0.98,v3,jev-1.13.0,,,,,
nairaland_search-a806f67a3535,", 2015 Comentus LA leta",not_about_candidate,0.67,0.07,calm,unclear,0.92,0.23,hausa,0.14,v3,jev-1.13.0,,,,,
nairaland_search-211a8b788fc2,Comentus LA leta,not_about_candidate,0.42,0.07,calm,unclear,0.89,0.23,other,0.43,v3,jev-1.13.0,,,,,
nairaland_search-db1d0da81f4e,", 2016 N",not_about_candidate,0.69,0.08,calm,unclear,0.84,0.25,english,0.7,v3,jev-1.13.0,,,,,
nairaland_search-5036bc2311c1,N,not_about_candidate,0.78,0.12,calm,unclear,0.97,0.26,english,0.59,v3,jev-1.13.0,,,,,
