raw_id,sentiment_label,sentiment_confidence,mentions_candidate_probability,intensity_score,lga_relevance_label,lga_confidence,opposition_signal_probability,language_label,language_confidence,routing_decision,schema_version,model
nairaland-a09b4d211ac1,not_about_candidate,0.34,0.03,strong,unclear,1.0,0.34,english,0.98,human_review,v3,jev-1.13.0
nairaland-1731290510d7,not_about_candidate,0.9,0.03,mild,unclear,0.96,0.22,english,0.94,auto,v3,jev-1.13.0
nairaland-c1a3304566c9,not_about_candidate,0.9,0.03,calm,unclear,0.96,0.65,english,0.92,auto,v3,jev-1.13.0
nairaland-368c9dc0e4ac,not_about_candidate,0.58,0.04,calm,unclear,0.74,0.33,english,0.96,human_review,v3,jev-1.13.0
nairaland-814e326dfb8c,not_about_candidate,0.58,0.02,strong,unclear,0.99,0.61,english,0.31,human_review,v3,jev-1.13.0
nairaland-205767464565,not_about_candidate,0.44,0.02,strong,unclear,0.97,0.34,english,0.49,human_review,v3,jev-1.13.0
nairaland-d199b0007c5a,negative,0.52,0.25,strong,unclear,1.0,0.41,english,0.48,human_review,v3,jev-1.13.0
nairaland-8728ca21d6f1,not_about_candidate,0.89,0.05,calm,unclear,0.94,0.31,english,0.95,auto,v3,jev-1.13.0
nairaland-473f1dafbb2b,not_about_candidate,0.93,0.03,calm,unclear,0.94,0.64,english,0.96,auto,v3,jev-1.13.0
nairaland-202f4ee9e29e,positive,0.76,0.12,strong,unclear,1.0,0.95,english,0.9,human_review,v3,jev-1.13.0
nairaland-772ccee175e6,not_about_candidate,0.68,0.07,strong,unclear,1.0,0.2,english,0.62,human_review,v3,jev-1.13.0
nairaland-f6124360e0c2,not_about_candidate,0.99,0.02,moderate,unclear,1.0,0.27,english,0.33,auto,v3,jev-1.13.0
nairaland-07ea6c18e2e7,not_about_candidate,0.94,0.02,strong,unclear,1.0,0.38,mixed,0.85,auto,v3,jev-1.13.0
nairaland-4fa5b8f95373,positive,0.37,0.03,mild,unclear,0.53,0.93,english,0.89,human_review,v3,jev-1.13.0
nairaland-71ca48a2a3f5,not_about_candidate,0.99,0.02,calm,unclear,1.0,0.29,english,0.95,auto,v3,jev-1.13.0
nairaland-04d6547f48fd,not_about_candidate,0.88,0.04,calm,unclear,0.94,0.31,english,0.98,auto,v3,jev-1.13.0
nairaland-f48f6bf2180a,not_about_candidate,0.99,0.02,mild,unclear,1.0,0.37,english,0.39,auto,v3,jev-1.13.0
nairaland-9d812a2351ed,not_about_candidate,0.5,0.03,moderate,unclear,1.0,0.67,english,0.91,human_review,v3,jev-1.13.0
nairaland-92de1eb34d6e,not_about_candidate,0.95,0.02,strong,unclear,1.0,0.35,english,0.97,auto,v3,jev-1.13.0
nairaland-185a313c25d0,not_about_candidate,0.88,0.02,strong,unclear,1.0,0.48,english,0.98,auto,v3,jev-1.13.0
nairaland-38054dfe0da9,not_about_candidate,1.0,0.02,strong,unclear,1.0,0.41,english,0.99,auto,v3,jev-1.13.0
nairaland-c5b405e2a343,not_about_candidate,0.26,0.03,strong,unclear,1.0,0.93,english,0.93,human_review,v3,jev-1.13.0
nairaland-fab68e919731,not_about_candidate,0.96,0.02,strong,unclear,1.0,0.4,mixed,0.51,auto,v3,jev-1.13.0
nairaland-e952c57c0dea,not_about_candidate,0.88,0.02,strong,unclear,1.0,0.5,english,0.99,auto,v3,jev-1.13.0
nairaland-8665be9f5078,not_about_candidate,0.84,0.02,strong,unclear,0.84,0.61,english,0.67,auto,v3,jev-1.13.0
nairaland-43551055a3f0,not_about_candidate,0.99,0.02,strong,unclear,1.0,0.27,english,0.85,auto,v3,jev-1.13.0
nairaland-489fd28af397,not_about_candidate,0.97,0.02,strong,unclear,1.0,0.28,english,0.76,auto,v3,jev-1.13.0
nairaland-b6d414b69409,not_about_candidate,0.66,0.03,mild,unclear,0.92,0.24,english,0.81,human_review,v3,jev-1.13.0
nairaland-0ddb125c62da,not_about_candidate,0.95,0.02,strong,unclear,1.0,0.15,english,0.97,auto,v3,jev-1.13.0
nairaland-88d9a179563e,not_about_candidate,1.0,0.02,calm,unclear,1.0,0.43,english,0.98,auto,v3,jev-1.13.0
nairaland-ef28986bc68e,not_about_candidate,0.94,0.02,strong,unclear,1.0,0.57,mixed,0.68,auto,v3,jev-1.13.0
nairaland-b542fb3cc4c5,not_about_candidate,0.95,0.03,strong,unclear,1.0,0.42,english,0.98,auto,v3,jev-1.13.0
nairaland-b15b8885ca17,not_about_candidate,0.99,0.02,strong,unclear,0.99,0.7,english,0.81,auto,v3,jev-1.13.0
nairaland-8e6df2b2d5fc,not_about_candidate,0.97,0.02,very_strong,unclear,1.0,0.86,mixed,0.44,auto,v3,jev-1.13.0
nairaland-81fec5a643a0,positive,0.6,0.03,strong,unclear,0.89,0.26,english,0.78,human_review,v3,jev-1.13.0
nairaland-f727ce5448de,not_about_candidate,1.0,0.03,calm,unclear,1.0,0.24,english,0.97,auto,v3,jev-1.13.0
nairaland-83e408ee2639,not_about_candidate,0.48,0.07,calm,unclear,1.0,0.25,english,1.0,human_review,v3,jev-1.13.0
nairaland-b15bba52ee09,negative,0.71,0.07,mild,unclear,0.95,0.28,mixed,0.58,human_review,v3,jev-1.13.0
nairaland-866b46cae663,negative,0.23,0.05,strong,unclear,0.85,0.3,mixed,0.64,human_review,v3,jev-1.13.0
nairaland-8b7db3982010,not_about_candidate,0.93,0.02,strong,unclear,1.0,0.27,english,0.96,auto,v3,jev-1.13.0
nairaland-69ee5d370fcd,not_about_candidate,0.99,0.02,mild,unclear,1.0,0.32,english,0.84,auto,v3,jev-1.13.0
nairaland-57134b5f533c,not_about_candidate,0.65,0.04,mild,unclear,0.97,0.35,english,0.92,human_review,v3,jev-1.13.0
nairaland-34830d731cef,not_about_candidate,0.36,0.02,strong,unclear,1.0,0.45,english,0.94,human_review,v3,jev-1.13.0
nairaland-d3cd2228b9b8,not_about_candidate,0.42,0.03,strong,unclear,0.99,0.69,english,0.42,human_review,v3,jev-1.13.0
nairaland-4856af79ab3c,not_about_candidate,0.76,0.03,strong,unclear,1.0,0.41,english,0.81,human_review,v3,jev-1.13.0
nairaland-fcd84160fee1,negative,0.37,0.04,strong,unclear,0.99,0.35,english,0.36,human_review,v3,jev-1.13.0
nairaland-c42ec97c73a2,not_about_candidate,0.81,0.03,strong,unclear,1.0,0.47,english,0.95,auto,v3,jev-1.13.0
nairaland-b5d1c40817db,negative,0.73,0.03,moderate,unclear,1.0,0.63,english,0.85,human_review,v3,jev-1.13.0
nairaland-b29af2bbef9f,not_about_candidate,0.87,0.02,strong,unclear,0.92,0.59,english,0.73,auto,v3,jev-1.13.0
nairaland-92e2d746f0ea,not_about_candidate,0.95,0.02,strong,unclear,1.0,0.88,mixed,0.52,auto,v3,jev-1.13.0
nairaland-14fe4b1bf1e4,not_about_candidate,0.99,0.02,strong,unclear,1.0,0.79,english,0.32,auto,v3,jev-1.13.0
nairaland-81fda51366d5,not_about_candidate,0.98,0.02,mild,unclear,1.0,0.3,english,0.83,auto,v3,jev-1.13.0
nairaland-aa886bb988b5,not_about_candidate,0.93,0.02,moderate,unclear,1.0,0.22,english,0.91,auto,v3,jev-1.13.0
nairaland-b0064cad4d2a,not_about_candidate,0.48,0.03,strong,unclear,0.99,0.47,english,0.84,human_review,v3,jev-1.13.0
nairaland-7df038a13482,negative,0.58,0.04,moderate,unclear,0.95,0.48,english,0.75,human_review,v3,jev-1.13.0
nairaland-f60438de1ba4,not_about_candidate,0.99,0.02,mild,unclear,1.0,0.51,english,0.94,auto,v3,jev-1.13.0
nairaland-8f6470df513d,not_about_candidate,0.98,0.02,moderate,unclear,1.0,0.9,mixed,0.47,auto,v3,jev-1.13.0
nairaland-bc97573e3351,not_about_candidate,0.89,0.02,moderate,unclear,1.0,0.61,english,0.39,auto,v3,jev-1.13.0
nairaland-3d6856effd31,not_about_candidate,0.99,0.02,mild,unclear,1.0,0.02,english,0.97,auto,v3,jev-1.13.0
nairaland-4f4ac62ce770,not_about_candidate,0.96,0.02,moderate,unclear,1.0,0.14,english,0.99,auto,v3,jev-1.13.0
nairaland-bb85e6ff9d9c,not_about_candidate,1.0,0.02,calm,unclear,1.0,0.76,english,0.78,auto,v3,jev-1.13.0
nairaland-e28dcc66a5de,not_about_candidate,0.36,0.03,moderate,unclear,0.94,0.24,english,0.99,human_review,v3,jev-1.13.0
nairaland-95f9fb98388e,not_about_candidate,0.97,0.01,strong,unclear,1.0,0.66,mixed,0.37,auto,v3,jev-1.13.0
nairaland-3f62fdc1c24d,not_about_candidate,0.98,0.02,calm,unclear,1.0,0.72,english,0.91,auto,v3,jev-1.13.0
nairaland-b75c222bcddd,not_about_candidate,0.89,0.02,strong,unclear,1.0,0.05,english,1.0,auto,v3,jev-1.13.0
nairaland-8a63fe7ad052,not_about_candidate,0.57,0.04,mild,unclear,0.9,0.33,english,0.96,human_review,v3,jev-1.13.0
nairaland-09f59217f2bc,not_about_candidate,0.47,0.03,strong,unclear,0.94,0.29,mixed,0.77,human_review,v3,jev-1.13.0
nairaland-c21b12adb499,not_about_candidate,0.99,0.02,mild,unclear,1.0,0.39,english,0.93,auto,v3,jev-1.13.0
nairaland-a27b572542bb,not_about_candidate,0.84,0.02,strong,unclear,0.99,0.68,mixed,0.96,auto,v3,jev-1.13.0
nairaland-479c6c0f31d9,not_about_candidate,1.0,0.02,very_strong,unclear,1.0,0.76,mixed,0.5,auto,v3,jev-1.13.0
nairaland-f6d235a9f076,not_about_candidate,0.97,0.02,strong,unclear,1.0,0.83,mixed,0.54,auto,v3,jev-1.13.0
nairaland-6a78efa5c7cb,not_about_candidate,0.95,0.02,strong,unclear,1.0,0.47,mixed,0.61,auto,v3,jev-1.13.0
nairaland-d50095fa18b6,not_about_candidate,0.99,0.02,moderate,unclear,1.0,0.65,english,0.39,auto,v3,jev-1.13.0
nairaland-3db696bb4395,not_about_candidate,0.53,0.04,very_strong,unclear,0.92,0.21,other,0.23,human_review,v3,jev-1.13.0
nairaland-677784ebed16,negative,0.76,0.06,moderate,unclear,0.97,0.35,mixed,0.77,human_review,v3,jev-1.13.0
nairaland-0cdaf7c8207d,not_about_candidate,0.98,0.02,strong,unclear,1.0,0.5,mixed,0.45,auto,v3,jev-1.13.0
nairaland-57a9477b76c3,not_about_candidate,0.42,0.03,strong,unclear,0.93,0.38,english,0.98,human_review,v3,jev-1.13.0
nairaland-faf0522a0d58,not_about_candidate,1.0,0.02,calm,unclear,1.0,0.27,english,0.97,auto,v3,jev-1.13.0
nairaland-932c70c4c566,not_about_candidate,0.89,0.12,calm,unclear,1.0,0.35,english,1.0,auto,v3,jev-1.13.0
nairaland-575d9918136e,negative,0.59,0.02,strong,unclear,1.0,0.26,english,0.56,human_review,v3,jev-1.13.0
nairaland-14e0bdd04861,negative,0.59,0.03,strong,unclear,0.99,0.3,mixed,0.48,human_review,v3,jev-1.13.0
nairaland-21a486ec7b26,not_about_candidate,1.0,0.02,moderate,unclear,1.0,0.63,english,0.68,auto,v3,jev-1.13.0
nairaland-afc615cfccd9,not_about_candidate,1.0,0.02,strong,unclear,1.0,0.43,english,0.99,auto,v3,jev-1.13.0
nairaland-3e4fc3ec16a0,not_about_candidate,0.61,0.03,very_strong,unclear,1.0,0.5,english,0.37,human_review,v3,jev-1.13.0
nairaland-2eedc42a5fcc,negative,0.53,0.04,very_strong,unclear,1.0,0.52,mixed,0.7,human_review,v3,jev-1.13.0
nairaland-f114e1f19cb5,not_about_candidate,0.97,0.02,strong,unclear,0.95,0.81,english,0.44,auto,v3,jev-1.13.0
nairaland-234510c6c9dd,not_about_candidate,0.88,0.02,strong,unclear,0.82,0.73,mixed,0.82,auto,v3,jev-1.13.0
nairaland-2dfbdb636020,not_about_candidate,0.87,0.02,calm,unclear,0.99,0.51,english,0.84,auto,v3,jev-1.13.0
nairaland-45926abf3c3c,not_about_candidate,0.84,0.02,strong,unclear,1.0,0.65,mixed,0.53,auto,v3,jev-1.13.0
nairaland-5789e0dd9710,not_about_candidate,0.85,0.02,mild,unclear,0.88,0.82,mixed,0.57,auto,v3,jev-1.13.0
nairaland-3b591ca19a10,not_about_candidate,0.78,0.02,strong,unclear,1.0,0.48,english,0.98,human_review,v3,jev-1.13.0
nairaland-5c85d4efd49e,negative,0.93,0.06,moderate,unclear,0.97,0.44,english,0.96,auto,v3,jev-1.13.0
nairaland-f121b7f22e0c,not_about_candidate,0.9,0.02,strong,unclear,1.0,0.79,english,0.98,auto,v3,jev-1.13.0
nairaland-1bc757d00877,not_about_candidate,0.87,0.02,strong,unclear,1.0,0.76,english,0.44,auto,v3,jev-1.13.0
nairaland-d0769a321372,not_about_candidate,0.9,0.02,calm,unclear,1.0,0.79,english,0.91,auto,v3,jev-1.13.0
nairaland-9bfda44c8ad2,not_about_candidate,0.9,0.02,strong,unclear,0.99,0.65,english,0.72,auto,v3,jev-1.13.0
nairaland-5184d2349077,not_about_candidate,0.87,0.03,mild,unclear,0.94,0.17,mixed,0.32,auto,v3,jev-1.13.0
nairaland-6d9620b7e16f,negative,0.68,0.03,strong,unclear,0.92,0.35,mixed,0.64,human_review,v3,jev-1.13.0
nairaland-d6b99aec49b3,not_about_candidate,0.54,0.04,calm,unclear,1.0,0.11,english,0.7,human_review,v3,jev-1.13.0
nairaland-565c3825eae5,not_about_candidate,0.95,0.02,strong,unclear,1.0,0.31,english,0.92,auto,v3,jev-1.13.0
nairaland-93c59ab9958e,not_about_candidate,0.91,0.02,strong,unclear,0.99,0.59,english,0.78,auto,v3,jev-1.13.0
nairaland-5f3b693cdf03,not_about_candidate,0.9,0.02,strong,unclear,0.99,0.72,english,0.69,auto,v3,jev-1.13.0
nairaland-098939244b10,not_about_candidate,0.98,0.02,strong,unclear,1.0,0.65,english,0.96,auto,v3,jev-1.13.0
nairaland-4a06c186b82c,not_about_candidate,0.94,0.02,strong,unclear,1.0,0.64,english,0.93,auto,v3,jev-1.13.0
nairaland-474d6e04245a,not_about_candidate,0.77,0.02,very_strong,unclear,0.99,0.58,english,0.59,human_review,v3,jev-1.13.0
nairaland-91a40d497252,not_about_candidate,0.38,0.03,strong,unclear,0.96,0.44,english,0.82,human_review,v3,jev-1.13.0
nairaland-af41d63dcbbf,not_about_candidate,1.0,0.01,mild,unclear,1.0,0.4,english,0.99,auto,v3,jev-1.13.0
nairaland-3fd31b6edaf8,not_about_candidate,0.92,0.02,very_strong,unclear,0.99,0.61,english,0.69,auto,v3,jev-1.13.0
nairaland-c48faa58209c,not_about_candidate,0.97,0.02,strong,unclear,1.0,0.67,english,0.99,auto,v3,jev-1.13.0
nairaland-8a8f53e8dfa8,not_about_candidate,0.45,0.03,mild,unclear,0.98,0.22,english,0.32,human_review,v3,jev-1.13.0
nairaland-01fc6ecbfbcb,negative,0.88,0.09,very_strong,unclear,0.83,0.34,english,0.58,auto,v3,jev-1.13.0
nairaland-a812ba338bcc,not_about_candidate,0.78,0.03,moderate,unclear,1.0,0.2,english,1.0,human_review,v3,jev-1.13.0
nairaland-d7565c06a118,not_about_candidate,1.0,0.02,moderate,unclear,1.0,0.36,english,0.99,auto,v3,jev-1.13.0
nairaland-846f1c7362f5,not_about_candidate,0.98,0.01,strong,unclear,1.0,0.65,english,0.91,auto,v3,jev-1.13.0
nairaland-5093f021c1be,not_about_candidate,0.97,0.02,strong,unclear,1.0,0.66,english,0.85,auto,v3,jev-1.13.0
nairaland-1b12593c8c51,not_about_candidate,0.83,0.02,moderate,unclear,1.0,0.37,english,0.99,auto,v3,jev-1.13.0
nairaland-dba9d7084410,not_about_candidate,0.8,0.02,very_strong,unclear,1.0,0.59,english,0.55,auto,v3,jev-1.13.0
nairaland-af1e925171d3,not_about_candidate,0.98,0.02,moderate,unclear,0.98,0.44,english,0.44,auto,v3,jev-1.13.0
nairaland-8804d5605658,not_about_candidate,1.0,0.02,strong,unclear,1.0,0.68,english,0.58,auto,v3,jev-1.13.0
nairaland-e42241264fb0,not_about_candidate,0.98,0.02,mild,unclear,1.0,0.26,english,0.36,auto,v3,jev-1.13.0
nairaland-e9730a9f6f4f,not_about_candidate,0.98,0.02,strong,unclear,1.0,0.62,english,0.67,auto,v3,jev-1.13.0
nairaland-9c73302e3a9d,not_about_candidate,0.49,0.03,strong,unclear,0.97,0.6,mixed,0.4,human_review,v3,jev-1.13.0
nairaland-98159258a4ae,not_about_candidate,0.8,0.02,moderate,unclear,0.9,0.54,mixed,0.83,auto,v3,jev-1.13.0
nairaland-84ea4b1f2242,not_about_candidate,0.98,0.02,strong,unclear,1.0,0.6,mixed,0.34,auto,v3,jev-1.13.0
nairaland-c2323e97bec4,negative,0.61,0.03,moderate,unclear,0.93,0.63,english,0.92,human_review,v3,jev-1.13.0
nairaland-12fbb5e88d20,negative,0.28,0.03,moderate,unclear,0.91,0.5,english,0.95,human_review,v3,jev-1.13.0
nairaland-6606bb8cd33c,not_about_candidate,1.0,0.01,very_strong,unclear,1.0,0.53,english,1.0,auto,v3,jev-1.13.0
nairaland-819a8cf5902a,not_about_candidate,0.65,0.03,strong,unclear,1.0,0.63,english,0.95,human_review,v3,jev-1.13.0
nairaland-ae4433a97e10,not_about_candidate,0.84,0.03,mild,unclear,1.0,0.11,english,1.0,auto,v3,jev-1.13.0
nairaland-bbd14a378870,not_about_candidate,0.95,0.02,strong,unclear,0.99,0.52,mixed,0.42,auto,v3,jev-1.13.0
nairaland-43b906e598b1,not_about_candidate,0.68,0.03,strong,unclear,1.0,0.7,english,0.5,human_review,v3,jev-1.13.0
nairaland-1dd45b43fc2f,negative,0.36,0.05,moderate,unclear,0.86,0.45,english,0.75,human_review,v3,jev-1.13.0
nairaland-22a5c19fa871,not_about_candidate,0.98,0.02,strong,unclear,1.0,0.42,english,0.99,auto,v3,jev-1.13.0
nairaland-d5b345c00f9a,not_about_candidate,0.99,0.01,moderate,unclear,1.0,0.59,english,0.35,auto,v3,jev-1.13.0
nairaland-98c1d6f92935,not_about_candidate,1.0,0.01,strong,unclear,1.0,0.46,english,0.92,auto,v3,jev-1.13.0
nairaland-135dae4e9e64,not_about_candidate,1.0,0.02,strong,unclear,1.0,0.78,english,0.94,auto,v3,jev-1.13.0
nairaland-40dd5b7940fe,not_about_candidate,1.0,0.02,strong,unclear,1.0,0.67,english,0.99,auto,v3,jev-1.13.0
nairaland-0553a9956faf,not_about_candidate,0.95,0.02,strong,unclear,1.0,0.44,english,1.0,auto,v3,jev-1.13.0
nairaland-559b91685bb1,not_about_candidate,0.98,0.02,strong,unclear,1.0,0.64,english,0.96,auto,v3,jev-1.13.0
nairaland-6283096f5992,not_about_candidate,0.99,0.02,strong,unclear,1.0,0.65,english,0.96,auto,v3,jev-1.13.0
nairaland-fb762f63d056,not_about_candidate,1.0,0.02,strong,unclear,1.0,0.55,english,0.97,auto,v3,jev-1.13.0
nairaland-3f7737473ab0,not_about_candidate,0.97,0.02,very_strong,unclear,1.0,0.7,mixed,0.75,auto,v3,jev-1.13.0
nairaland-8f75dff1d564,not_about_candidate,0.98,0.02,strong,unclear,1.0,0.67,mixed,0.7,auto,v3,jev-1.13.0
nairaland-c2284f0f3e2f,not_about_candidate,0.98,0.02,strong,unclear,1.0,0.62,english,0.99,auto,v3,jev-1.13.0
nairaland-db2cdca90643,not_about_candidate,1.0,0.02,strong,unclear,0.94,0.74,mixed,0.69,auto,v3,jev-1.13.0
nairaland-2fa27e7d994b,not_about_candidate,0.99,0.02,strong,unclear,1.0,0.67,english,1.0,auto,v3,jev-1.13.0
nairaland-4fa0a693afd6,not_about_candidate,0.99,0.02,strong,unclear,0.99,0.7,english,0.98,auto,v3,jev-1.13.0
nairaland-9fa072840ab7,not_about_candidate,0.93,0.02,strong,unclear,0.99,0.74,english,0.98,auto,v3,jev-1.13.0
nairaland-1e18d672d2c3,not_about_candidate,0.94,0.02,strong,unclear,1.0,0.72,english,1.0,auto,v3,jev-1.13.0
nairaland-4e787a7f635a,not_about_candidate,0.94,0.02,strong,unclear,1.0,0.7,english,0.99,auto,v3,jev-1.13.0
nairaland-0acf5aefb94f,not_about_candidate,0.73,0.02,moderate,unclear,0.99,0.49,mixed,0.78,human_review,v3,jev-1.13.0
nairaland-715c4769b3c4,negative,0.13,0.03,mild,unclear,0.81,0.84,mixed,0.39,human_review,v3,jev-1.13.0
nairaland-7a45b56957c0,not_about_candidate,0.97,0.02,calm,unclear,0.99,0.35,english,0.68,auto,v3,jev-1.13.0
nairaland-ad88441d12b8,not_about_candidate,0.99,0.02,strong,unclear,1.0,0.85,english,0.99,auto,v3,jev-1.13.0
nairaland-de973aa6302d,not_about_candidate,0.97,0.02,strong,unclear,1.0,0.79,english,0.9,auto,v3,jev-1.13.0
nairaland-ed872f56ccf7,not_about_candidate,0.63,0.03,strong,unclear,0.74,0.51,english,0.95,human_review,v3,jev-1.13.0
nairaland-c6eb9da7eff4,not_about_candidate,0.52,0.03,strong,unclear,0.82,0.66,english,0.95,human_review,v3,jev-1.13.0
nairaland-261238bc4ff4,not_about_candidate,0.94,0.03,calm,unclear,0.98,0.48,english,0.69,auto,v3,jev-1.13.0
nairaland-b989dcd82552,neutral,0.2,0.05,calm,unclear,0.89,0.47,english,0.5,human_review,v3,jev-1.13.0
nairaland-5148667e85dc,negative,0.16,0.05,mild,unclear,0.97,0.28,mixed,0.76,human_review,v3,jev-1.13.0
nairaland-94129c95c1c9,not_about_candidate,0.26,0.04,strong,unclear,1.0,0.36,english,0.99,human_review,v3,jev-1.13.0
nairaland-61b6da500612,not_about_candidate,0.61,0.02,strong,unclear,0.99,0.77,mixed,0.59,human_review,v3,jev-1.13.0
nairaland-ed158a5f81bf,not_about_candidate,0.99,0.02,strong,unclear,1.0,0.83,english,1.0,auto,v3,jev-1.13.0
nairaland-bbb6c65b52d7,not_about_candidate,1.0,0.02,strong,unclear,1.0,0.71,english,0.98,auto,v3,jev-1.13.0
nairaland-45857393dd25,not_about_candidate,0.98,0.02,very_strong,unclear,1.0,0.85,mixed,0.38,auto,v3,jev-1.13.0
nairaland-3fc7419c43fe,not_about_candidate,0.98,0.02,strong,unclear,1.0,0.75,mixed,0.39,auto,v3,jev-1.13.0
nairaland-52f77340ec21,not_about_candidate,0.96,0.02,strong,unclear,1.0,0.6,english,0.99,auto,v3,jev-1.13.0
nairaland-0793a221421e,not_about_candidate,0.99,0.01,strong,unclear,1.0,0.74,mixed,0.54,auto,v3,jev-1.13.0
nairaland-d6a586cded5f,not_about_candidate,0.94,0.02,strong,unclear,1.0,0.54,english,0.36,auto,v3,jev-1.13.0
nairaland-0b05488f85e1,not_about_candidate,0.98,0.02,strong,unclear,1.0,0.68,english,0.94,auto,v3,jev-1.13.0
nairaland-1a75e567a313,not_about_candidate,0.99,0.02,very_strong,unclear,1.0,0.94,english,0.84,auto,v3,jev-1.13.0
nairaland-7b10e90aee50,not_about_candidate,0.98,0.02,strong,unclear,1.0,0.39,english,0.96,auto,v3,jev-1.13.0
nairaland-030de833857c,not_about_candidate,0.98,0.02,very_strong,unclear,1.0,0.94,mixed,0.51,auto,v3,jev-1.13.0
nairaland-0108e39cf8c4,not_about_candidate,0.94,0.02,moderate,unclear,1.0,0.48,english,0.81,auto,v3,jev-1.13.0
nairaland-e619640abcf6,not_about_candidate,0.7,0.2,calm,unclear,1.0,0.18,english,0.99,human_review,v3,jev-1.13.0
nairaland-29fbb2c34bc6,not_about_candidate,0.93,0.02,very_strong,unclear,1.0,0.91,english,0.97,auto,v3,jev-1.13.0
nairaland-15f26d0c571d,not_about_candidate,1.0,0.02,mild,unclear,1.0,0.07,english,1.0,auto,v3,jev-1.13.0
nairaland-8671748706e6,not_about_candidate,0.99,0.02,moderate,unclear,1.0,0.79,english,0.97,auto,v3,jev-1.13.0
nairaland-8aa740f89f57,not_about_candidate,1.0,0.01,calm,unclear,1.0,0.15,mixed,0.68,auto,v3,jev-1.13.0
nairaland-c6cb1f680ac9,not_about_candidate,0.84,0.02,mild,unclear,0.93,0.27,english,0.99,auto,v3,jev-1.13.0
nairaland-8fe1b6bb3070,not_about_candidate,0.46,0.03,moderate,unclear,0.97,0.59,mixed,0.63,human_review,v3,jev-1.13.0
nairaland-ffa33d60578f,not_about_candidate,0.57,0.04,calm,unclear,1.0,0.1,english,1.0,human_review,v3,jev-1.13.0
nairaland-dcba213321d7,not_about_candidate,1.0,0.02,calm,unclear,1.0,0.16,english,0.98,auto,v3,jev-1.13.0
nairaland-15fb605aea3c,not_about_candidate,0.99,0.02,calm,unclear,0.96,0.23,english,0.99,auto,v3,jev-1.13.0
nairaland-f35836037817,not_about_candidate,0.99,0.02,strong,unclear,1.0,0.67,mixed,0.62,auto,v3,jev-1.13.0
nairaland-cb77f1d86e9f,not_about_candidate,0.68,0.02,strong,unclear,0.92,0.41,mixed,0.71,human_review,v3,jev-1.13.0
nairaland-ab69bd5c0ea2,not_about_candidate,0.57,0.03,strong,unclear,0.92,0.42,mixed,0.55,human_review,v3,jev-1.13.0
nairaland-3dbdceaeddd6,negative,0.33,0.03,strong,unclear,0.9,0.46,mixed,0.82,human_review,v3,jev-1.13.0
nairaland-bb9dd4d183dc,not_about_candidate,1.0,0.02,strong,unclear,1.0,0.46,mixed,0.46,auto,v3,jev-1.13.0
nairaland-663da244c32f,not_about_candidate,0.44,0.06,strong,unclear,1.0,0.37,mixed,0.67,human_review,v3,jev-1.13.0
nairaland-5b7833c324f0,neutral,0.27,0.95,strong,unclear,1.0,0.42,mixed,0.48,human_review,v3,jev-1.13.0
nairaland-88dfd7b1f4e8,negative,0.14,0.03,mild,Tafawa-Balewa,0.52,0.6,english,0.98,human_review,v3,jev-1.13.0
nairaland-19c2fe7a0721,not_about_candidate,0.87,0.02,strong,unclear,1.0,0.67,english,0.64,auto,v3,jev-1.13.0
nairaland-533cabf49302,not_about_candidate,0.58,0.02,strong,unclear,1.0,0.47,mixed,0.92,human_review,v3,jev-1.13.0
nairaland-0c6856a73fa7,not_about_candidate,0.62,0.02,strong,unclear,1.0,0.52,mixed,0.92,human_review,v3,jev-1.13.0
nairaland-ad48e45a39d0,not_about_candidate,1.0,0.02,calm,unclear,1.0,0.14,english,1.0,auto,v3,jev-1.13.0
nairaland-cb60763181a7,not_about_candidate,0.94,0.02,strong,unclear,1.0,0.83,english,0.96,auto,v3,jev-1.13.0
nairaland-331414ab4e61,not_about_candidate,0.88,0.03,strong,unclear,1.0,0.48,mixed,0.71,auto,v3,jev-1.13.0
nairaland-55d7f1651984,not_about_candidate,0.89,0.02,strong,unclear,0.91,0.48,mixed,0.74,auto,v3,jev-1.13.0
nairaland-f560a4765563,negative,0.95,0.08,moderate,unclear,0.99,0.33,english,0.86,auto,v3,jev-1.13.0
nairaland-4f25631981ae,not_about_candidate,1.0,0.01,strong,unclear,1.0,0.73,english,0.98,auto,v3,jev-1.13.0
nairaland-c1d0ba34e490,not_about_candidate,0.78,0.02,strong,unclear,0.98,0.21,mixed,0.85,human_review,v3,jev-1.13.0
nairaland-8455b6ad70bd,not_about_candidate,0.87,0.02,strong,unclear,0.98,0.6,english,0.96,auto,v3,jev-1.13.0
nairaland-2f2561ee9538,not_about_candidate,0.81,0.03,moderate,unclear,1.0,0.21,english,1.0,auto,v3,jev-1.13.0
nairaland-f74bace0cff6,not_about_candidate,0.53,0.03,strong,unclear,0.97,0.69,mixed,0.76,human_review,v3,jev-1.13.0
nairaland-c82fa543e0fe,not_about_candidate,0.99,0.02,strong,unclear,1.0,0.79,mixed,0.7,auto,v3,jev-1.13.0
nairaland-47bb91d037c7,not_about_candidate,0.99,0.03,calm,unclear,0.99,0.23,english,0.77,auto,v3,jev-1.13.0
nairaland-8a4d093f8ee6,not_about_candidate,0.99,0.03,calm,unclear,1.0,0.25,english,0.84,auto,v3,jev-1.13.0
nairaland-5d90d3a61fa4,not_about_candidate,0.99,0.02,strong,unclear,1.0,0.71,mixed,0.35,auto,v3,jev-1.13.0
nairaland-4108a517db05,not_about_candidate,0.7,0.02,very_strong,unclear,1.0,0.62,mixed,0.68,human_review,v3,jev-1.13.0
nairaland-c6f7730196c4,not_about_candidate,0.48,0.03,strong,unclear,0.96,0.55,english,0.63,human_review,v3,jev-1.13.0
nairaland-ced4262b5eb6,not_about_candidate,0.92,0.03,strong,unclear,0.93,0.74,english,0.8,auto,v3,jev-1.13.0
nairaland-82bd3e118711,not_about_candidate,0.83,0.02,strong,unclear,0.99,0.22,english,0.51,auto,v3,jev-1.13.0
nairaland-10881441872f,not_about_candidate,0.5,0.03,strong,unclear,0.8,0.55,english,0.47,human_review,v3,jev-1.13.0
nairaland-63f15e6ec550,not_about_candidate,0.85,0.02,strong,unclear,1.0,0.74,mixed,0.49,auto,v3,jev-1.13.0
nairaland-d1aadff12030,not_about_candidate,0.94,0.02,strong,unclear,1.0,0.7,english,0.72,auto,v3,jev-1.13.0
nairaland-0bae92e942e9,not_about_candidate,1.0,0.02,strong,unclear,1.0,0.15,english,1.0,auto,v3,jev-1.13.0
nairaland-10775a90f060,negative,0.86,0.04,moderate,unclear,0.93,0.57,english,0.97,auto,v3,jev-1.13.0
nairaland-93daa4e2d137,not_about_candidate,0.83,0.02,strong,unclear,0.96,0.68,english,0.88,auto,v3,jev-1.13.0
nairaland-e657b4927ca1,not_about_candidate,0.9,0.02,strong,unclear,1.0,0.19,english,0.78,auto,v3,jev-1.13.0
nairaland-fa655be4815b,not_about_candidate,0.94,0.02,strong,unclear,1.0,0.79,english,0.99,auto,v3,jev-1.13.0
nairaland-ab45f6ebf656,not_about_candidate,1.0,0.02,moderate,unclear,1.0,0.65,english,0.9,auto,v3,jev-1.13.0
nairaland-4c6956e92349,negative,0.85,0.03,strong,unclear,0.93,0.27,english,0.89,auto,v3,jev-1.13.0
nairaland-dbb09a4a7171,not_about_candidate,0.82,0.04,very_strong,unclear,1.0,0.75,english,0.96,auto,v3,jev-1.13.0
nairaland-dd65a79af726,not_about_candidate,0.57,0.02,strong,unclear,0.96,0.55,english,0.91,human_review,v3,jev-1.13.0
nairaland-359b4e50f1e9,not_about_candidate,0.99,0.02,mild,unclear,1.0,0.51,english,0.98,auto,v3,jev-1.13.0
nairaland-c97a80eef256,not_about_candidate,0.99,0.02,strong,unclear,1.0,0.54,english,0.98,auto,v3,jev-1.13.0
nairaland-559283c25877,not_about_candidate,1.0,0.02,moderate,unclear,1.0,0.58,english,0.94,auto,v3,jev-1.13.0
nairaland-f2bcbf177573,not_about_candidate,1.0,0.01,mild,unclear,1.0,0.19,english,0.97,auto,v3,jev-1.13.0
nairaland-79a878965672,not_about_candidate,0.98,0.02,moderate,unclear,0.96,0.66,english,0.97,auto,v3,jev-1.13.0
nairaland-a811ba5040d5,not_about_candidate,0.99,0.02,moderate,unclear,0.94,0.71,english,0.96,auto,v3,jev-1.13.0
nairaland-c7f3f3079841,not_about_candidate,1.0,0.02,moderate,unclear,1.0,0.74,english,0.96,auto,v3,jev-1.13.0
nairaland-df2b2b7169d6,not_about_candidate,0.38,0.02,very_strong,unclear,0.98,0.73,mixed,0.56,human_review,v3,jev-1.13.0
nairaland-e70dabac7ed5,not_about_candidate,0.96,0.02,strong,unclear,1.0,0.71,english,0.95,auto,v3,jev-1.13.0
nairaland-d63763cba511,not_about_candidate,1.0,0.01,strong,unclear,1.0,0.41,english,0.99,auto,v3,jev-1.13.0
nairaland-5f82b329b304,not_about_candidate,0.72,0.03,very_strong,unclear,0.99,0.58,mixed,0.61,human_review,v3,jev-1.13.0
nairaland-45c0b9b25f0a,not_about_candidate,0.63,0.02,strong,unclear,1.0,0.4,mixed,0.92,human_review,v3,jev-1.13.0
nairaland-dd6b56d85ab4,not_about_candidate,0.92,0.02,moderate,unclear,1.0,0.58,english,0.92,auto,v3,jev-1.13.0
nairaland-ec5269e1c558,negative,0.41,0.02,very_strong,unclear,0.98,0.85,mixed,0.83,human_review,v3,jev-1.13.0
nairaland-5d7cb06084b6,not_about_candidate,0.28,0.03,strong,unclear,0.95,0.43,mixed,0.86,human_review,v3,jev-1.13.0
nairaland-01d4959a793b,not_about_candidate,0.84,0.03,strong,unclear,1.0,0.57,mixed,0.88,auto,v3,jev-1.13.0
nairaland-b370eb9f9c12,not_about_candidate,0.92,0.02,very_strong,unclear,1.0,0.1,english,0.97,auto,v3,jev-1.13.0
nairaland-f7a869518987,not_about_candidate,0.99,0.02,strong,unclear,0.99,0.72,mixed,0.38,auto,v3,jev-1.13.0
nairaland-0120a0b20b9c,not_about_candidate,0.99,0.02,strong,unclear,1.0,0.78,english,0.64,auto,v3,jev-1.13.0
nairaland-08d651b2b167,not_about_candidate,1.0,0.01,strong,unclear,1.0,0.38,mixed,0.9,auto,v3,jev-1.13.0
nairaland-6bbbf23f6578,not_about_candidate,0.99,0.02,strong,unclear,1.0,0.52,english,0.99,auto,v3,jev-1.13.0
nairaland-70c82d565012,not_about_candidate,0.99,0.03,strong,unclear,1.0,0.55,english,0.96,auto,v3,jev-1.13.0
nairaland-6aeb7ec508e7,not_about_candidate,0.92,0.02,moderate,unclear,1.0,0.57,english,1.0,auto,v3,jev-1.13.0
nairaland-4402d4d85f19,not_about_candidate,0.99,0.02,strong,unclear,1.0,0.7,english,0.93,auto,v3,jev-1.13.0
nairaland-0edc9632569f,not_about_candidate,0.67,0.04,calm,unclear,1.0,0.21,english,0.97,human_review,v3,jev-1.13.0
nairaland-d5dc8de0af8d,not_about_candidate,0.98,0.02,strong,unclear,1.0,0.74,english,0.64,auto,v3,jev-1.13.0
nairaland-f0ace0cc3c27,not_about_candidate,0.98,0.02,strong,unclear,1.0,0.77,english,0.52,auto,v3,jev-1.13.0
nairaland-820125aa247b,not_about_candidate,0.53,0.02,mild,unclear,0.96,0.27,mixed,0.64,human_review,v3,jev-1.13.0
nairaland-45d5e8319ce0,not_about_candidate,0.96,0.02,strong,unclear,1.0,0.35,english,0.97,auto,v3,jev-1.13.0
nairaland-87e177b28c2d,not_about_candidate,0.78,0.02,mild,unclear,0.98,0.18,mixed,0.61,human_review,v3,jev-1.13.0
nairaland-625735030ac2,not_about_candidate,0.98,0.02,strong,unclear,1.0,0.36,english,0.98,auto,v3,jev-1.13.0
nairaland-775eb9c3be33,not_about_candidate,0.66,0.03,calm,unclear,1.0,0.15,english,0.98,human_review,v3,jev-1.13.0
nairaland-d0967043e13c,not_about_candidate,0.75,0.02,strong,unclear,0.99,0.65,mixed,0.69,human_review,v3,jev-1.13.0
nairaland-c0ee42383c45,not_about_candidate,0.96,0.02,mild,unclear,0.98,0.18,mixed,0.77,auto,v3,jev-1.13.0
nairaland-3f7001f97fab,neutral,0.31,0.16,mild,unclear,0.94,0.26,mixed,0.63,human_review,v3,jev-1.13.0
nairaland-38cd81db74d1,not_about_candidate,0.97,0.02,strong,unclear,1.0,0.34,english,0.97,auto,v3,jev-1.13.0
nairaland-4cfd28ca6d1e,not_about_candidate,0.98,0.02,strong,unclear,1.0,0.36,english,0.69,auto,v3,jev-1.13.0
nairaland-8388a359bb8f,not_about_candidate,1.0,0.02,strong,unclear,1.0,0.16,english,0.99,auto,v3,jev-1.13.0
nairaland-57ca572b2e03,not_about_candidate,0.97,0.02,mild,unclear,1.0,0.88,english,0.93,auto,v3,jev-1.13.0
nairaland-02270f5f6767,not_about_candidate,1.0,0.03,calm,unclear,1.0,0.19,english,0.97,auto,v3,jev-1.13.0
nairaland-1457cc9a3b7b,not_about_candidate,0.88,0.02,strong,unclear,1.0,0.68,mixed,0.57,auto,v3,jev-1.13.0
nairaland-4b19b6c22537,not_about_candidate,0.95,0.02,strong,unclear,1.0,0.47,english,0.55,auto,v3,jev-1.13.0
nairaland-0ea2b004cdf3,not_about_candidate,0.82,0.02,strong,unclear,1.0,0.64,english,0.95,auto,v3,jev-1.13.0
nairaland-b2df0aafb441,negative,0.73,0.03,mild,unclear,1.0,0.17,english,0.98,human_review,v3,jev-1.13.0
nairaland-66ca4d5b3dea,not_about_candidate,0.99,0.02,mild,unclear,1.0,0.2,english,0.97,auto,v3,jev-1.13.0
nairaland-45772bb1c321,negative,0.48,0.02,strong,unclear,0.95,0.57,english,0.77,human_review,v3,jev-1.13.0
nairaland-d0074c72752a,not_about_candidate,1.0,0.02,strong,unclear,1.0,0.58,english,1.0,auto,v3,jev-1.13.0
nairaland-5e38ceb6f0f9,not_about_candidate,0.96,0.02,moderate,unclear,0.99,0.62,english,0.93,auto,v3,jev-1.13.0
nairaland-31a68a957e67,not_about_candidate,0.98,0.02,moderate,unclear,1.0,0.89,mixed,0.65,auto,v3,jev-1.13.0
nairaland-0480fa1a1ddc,not_about_candidate,0.56,0.02,strong,unclear,1.0,0.69,english,0.97,human_review,v3,jev-1.13.0
nairaland-64ceba36f4b3,not_about_candidate,0.78,0.02,moderate,unclear,0.94,0.62,english,0.95,human_review,v3,jev-1.13.0
nairaland-451b0e9422ee,negative,0.4,0.02,moderate,unclear,0.98,0.6,english,0.94,human_review,v3,jev-1.13.0
nairaland-672a8c12dc05,not_about_candidate,0.97,0.02,mild,unclear,0.95,0.45,english,0.99,auto,v3,jev-1.13.0
nairaland-1ef449f942b4,not_about_candidate,1.0,0.02,very_strong,unclear,1.0,0.84,mixed,0.7,auto,v3,jev-1.13.0
nairaland-8ccafde457e8,not_about_candidate,0.99,0.02,strong,unclear,0.99,0.89,english,0.93,auto,v3,jev-1.13.0
nairaland-3a9eb236dfc6,not_about_candidate,0.86,0.02,strong,unclear,1.0,0.89,english,0.57,auto,v3,jev-1.13.0
nairaland-9da31e3689f6,not_about_candidate,0.86,0.03,strong,unclear,0.96,0.5,english,0.62,auto,v3,jev-1.13.0
nairaland-6ec6f5b2fa7f,not_about_candidate,0.79,0.03,moderate,unclear,1.0,0.79,english,0.86,human_review,v3,jev-1.13.0
nairaland-f39d205045fd,not_about_candidate,0.67,0.02,mild,unclear,0.86,0.47,mixed,0.42,human_review,v3,jev-1.13.0
nairaland-1f3e0a112c7a,positive,0.38,0.1,moderate,unclear,1.0,0.48,english,0.71,human_review,v3,jev-1.13.0
nairaland-7ae148ef97da,not_about_candidate,0.91,0.02,very_strong,unclear,1.0,0.33,mixed,0.65,auto,v3,jev-1.13.0
nairaland-177d7f7079c5,not_about_candidate,0.97,0.02,strong,unclear,1.0,0.86,english,0.93,auto,v3,jev-1.13.0
nairaland-780eb5217629,negative,0.55,0.05,moderate,unclear,0.99,0.46,english,0.62,human_review,v3,jev-1.13.0
nairaland-e282e4e435db,not_about_candidate,0.94,0.02,mild,unclear,1.0,0.39,english,0.88,auto,v3,jev-1.13.0
nairaland-63634b0dee44,positive,0.5,0.03,mild,unclear,1.0,0.25,english,0.97,human_review,v3,jev-1.13.0
nairaland-4d73c0fee732,not_about_candidate,0.97,0.02,strong,unclear,0.99,0.48,mixed,0.37,auto,v3,jev-1.13.0
nairaland-19b24b407789,not_about_candidate,0.99,0.02,very_strong,unclear,1.0,0.63,english,0.92,auto,v3,jev-1.13.0
nairaland-500afd4a3af4,not_about_candidate,0.76,0.04,strong,unclear,0.99,0.49,mixed,0.81,human_review,v3,jev-1.13.0
nairaland-bdf50feca5ef,not_about_candidate,0.98,0.01,strong,unclear,1.0,0.73,mixed,0.57,auto,v3,jev-1.13.0
nairaland-38d199d4298c,not_about_candidate,1.0,0.02,moderate,unclear,1.0,0.5,english,0.98,auto,v3,jev-1.13.0
nairaland-c2928e2bc11d,not_about_candidate,0.99,0.02,strong,unclear,1.0,0.84,english,0.72,auto,v3,jev-1.13.0
nairaland-7305db3fefc0,not_about_candidate,0.86,0.02,very_strong,unclear,1.0,0.92,english,0.87,auto,v3,jev-1.13.0
nairaland-b161369994aa,not_about_candidate,0.93,0.02,strong,unclear,1.0,0.78,english,0.94,auto,v3,jev-1.13.0
nairaland-70df8ba53e4c,not_about_candidate,0.44,0.04,strong,unclear,1.0,0.4,english,0.97,human_review,v3,jev-1.13.0
nairaland-1c6ad4c0dc8c,not_about_candidate,0.99,0.02,strong,unclear,1.0,0.92,english,0.56,auto,v3,jev-1.13.0
nairaland-a0784e8eeb81,not_about_candidate,0.84,0.02,strong,unclear,0.91,0.53,english,0.94,auto,v3,jev-1.13.0
nairaland-695602020cc7,not_about_candidate,0.99,0.02,moderate,unclear,1.0,0.69,english,0.97,auto,v3,jev-1.13.0
nairaland-93cb89fd4832,not_about_candidate,0.96,0.02,strong,unclear,1.0,0.41,english,0.88,auto,v3,jev-1.13.0
nairaland-2ac2e684a36a,not_about_candidate,0.55,0.03,strong,unclear,0.94,0.65,mixed,0.66,human_review,v3,jev-1.13.0
nairaland-48cd3acfeda0,not_about_candidate,0.96,0.02,strong,unclear,1.0,0.93,english,0.89,auto,v3,jev-1.13.0
nairaland-e16013228c2b,not_about_candidate,0.7,0.02,strong,unclear,1.0,0.73,english,0.85,human_review,v3,jev-1.13.0
nairaland-305bea7b4e0a,not_about_candidate,0.98,0.02,very_strong,unclear,1.0,0.69,english,0.95,auto,v3,jev-1.13.0
nairaland-87596b84c3be,not_about_candidate,0.99,0.02,strong,unclear,1.0,0.7,english,0.45,auto,v3,jev-1.13.0
nairaland-387878b87cf1,not_about_candidate,0.57,0.02,strong,unclear,1.0,0.7,english,0.9,human_review,v3,jev-1.13.0
nairaland-1296bf8657bc,not_about_candidate,1.0,0.01,calm,unclear,1.0,0.11,english,1.0,auto,v3,jev-1.13.0
nairaland-24dc17941b5d,negative,0.67,0.03,very_strong,unclear,1.0,0.34,mixed,0.65,human_review,v3,jev-1.13.0
nairaland-ce747192f322,not_about_candidate,0.74,0.02,strong,unclear,1.0,0.57,english,0.82,human_review,v3,jev-1.13.0
nairaland-a0c258f45dc8,not_about_candidate,0.97,0.02,strong,unclear,1.0,0.55,english,0.93,auto,v3,jev-1.13.0
nairaland-8384ab6801a8,not_about_candidate,0.43,0.02,strong,unclear,1.0,0.25,english,0.48,human_review,v3,jev-1.13.0
nairaland-d9f364708f1c,not_about_candidate,0.98,0.02,strong,unclear,1.0,0.07,english,0.79,auto,v3,jev-1.13.0
nairaland-2b95038ace30,positive,0.5,0.09,strong,unclear,1.0,0.88,english,0.87,human_review,v3,jev-1.13.0
nairaland-1809a9c926b9,negative,0.48,0.17,strong,unclear,0.85,0.75,english,0.45,human_review,v3,jev-1.13.0
nairaland-084600673c05,not_about_candidate,0.43,0.03,strong,unclear,1.0,0.82,english,0.39,human_review,v3,jev-1.13.0
nairaland-89064cfcfd36,negative,0.34,0.24,strong,unclear,0.8,0.89,english,0.63,human_review,v3,jev-1.13.0
nairaland-0106360945eb,negative,0.56,0.09,strong,unclear,0.98,0.64,english,0.82,human_review,v3,jev-1.13.0
nairaland-0389e876fc20,not_about_candidate,1.0,0.02,calm,unclear,1.0,0.45,english,0.98,auto,v3,jev-1.13.0
nairaland-9b1e82b83ecd,not_about_candidate,1.0,0.02,calm,unclear,1.0,0.71,english,0.96,auto,v3,jev-1.13.0
nairaland-8ceda9c9b673,negative,0.37,0.03,strong,unclear,0.89,0.15,mixed,0.7,human_review,v3,jev-1.13.0
nairaland-15080d34cee9,not_about_candidate,0.36,0.04,strong,unclear,0.91,0.17,mixed,0.83,human_review,v3,jev-1.13.0
nairaland-91f6297127a7,negative,0.53,0.04,strong,unclear,0.99,0.36,mixed,0.75,human_review,v3,jev-1.13.0
nairaland-b151573ec103,negative,0.58,0.03,strong,unclear,1.0,0.09,mixed,0.62,human_review,v3,jev-1.13.0
nairaland-bb8460f77947,not_about_candidate,1.0,0.02,calm,unclear,1.0,0.58,english,0.96,auto,v3,jev-1.13.0
nairaland-47a32b287931,not_about_candidate,0.47,0.02,strong,unclear,0.95,0.52,mixed,0.35,human_review,v3,jev-1.13.0
nairaland-d843daef22fd,not_about_candidate,0.99,0.02,strong,unclear,1.0,0.57,mixed,0.56,auto,v3,jev-1.13.0
nairaland-fe73a3049620,not_about_candidate,0.96,0.02,strong,unclear,1.0,0.58,english,0.99,auto,v3,jev-1.13.0
nairaland-9e66d6f426c7,positive,0.74,0.13,strong,unclear,0.76,0.91,mixed,0.35,human_review,v3,jev-1.13.0
nairaland-7851005b20b6,not_about_candidate,1.0,0.01,calm,unclear,1.0,0.03,english,0.73,auto,v3,jev-1.13.0
nairaland-fa8ce02186a8,not_about_candidate,0.4,0.03,strong,unclear,1.0,0.07,mixed,0.48,human_review,v3,jev-1.13.0
nairaland-3fd51bbec731,positive,0.44,0.02,very_strong,unclear,0.98,0.43,english,0.94,human_review,v3,jev-1.13.0
nairaland-6b7e2ecc7aa1,not_about_candidate,0.8,0.02,strong,unclear,1.0,0.65,english,0.99,auto,v3,jev-1.13.0
nairaland-d063c49c5d4a,not_about_candidate,0.98,0.02,moderate,unclear,1.0,0.51,english,0.96,auto,v3,jev-1.13.0
nairaland-a86caf2bf6a0,not_about_candidate,0.99,0.02,mild,unclear,1.0,0.48,english,1.0,auto,v3,jev-1.13.0
nairaland-9212a0d3ccfe,not_about_candidate,0.77,0.03,strong,unclear,1.0,0.71,english,0.68,human_review,v3,jev-1.13.0
nairaland-7dfe48e0ea40,not_about_candidate,0.73,0.04,strong,unclear,1.0,0.66,english,0.78,human_review,v3,jev-1.13.0
nairaland-f601ec5abbe1,not_about_candidate,0.99,0.02,strong,unclear,1.0,0.29,english,1.0,auto,v3,jev-1.13.0
nairaland-8d5ce058a4e6,not_about_candidate,0.99,0.02,strong,unclear,1.0,0.32,english,0.99,auto,v3,jev-1.13.0
nairaland-344abf0334ac,not_about_candidate,0.81,0.04,strong,unclear,0.98,0.31,english,0.93,auto,v3,jev-1.13.0
nairaland-82ed30fdb6de,not_about_candidate,0.36,0.02,very_strong,unclear,1.0,0.22,mixed,0.58,human_review,v3,jev-1.13.0
nairaland-c7bd530f30dc,negative,0.24,0.04,strong,unclear,0.97,0.48,mixed,0.94,human_review,v3,jev-1.13.0
nairaland-507fc3098680,not_about_candidate,0.82,0.03,moderate,unclear,0.99,0.48,english,0.95,auto,v3,jev-1.13.0
nairaland-9b468d3f1895,not_about_candidate,0.65,0.19,calm,unclear,1.0,0.17,english,0.99,human_review,v3,jev-1.13.0
nairaland-1ec94c872ab9,not_about_candidate,1.0,0.02,strong,unclear,1.0,0.49,english,0.75,auto,v3,jev-1.13.0
nairaland-7cf4ea230f5e,not_about_candidate,0.43,0.03,moderate,unclear,1.0,0.23,mixed,0.83,human_review,v3,jev-1.13.0
nairaland-216b52f84d8f,not_about_candidate,0.61,0.03,moderate,unclear,1.0,0.2,mixed,0.4,human_review,v3,jev-1.13.0
nairaland-554215966287,not_about_candidate,0.85,0.04,calm,unclear,1.0,0.11,mixed,0.4,auto,v3,jev-1.13.0
nairaland-6a35044df59c,not_about_candidate,0.87,0.03,calm,unclear,1.0,0.11,english,0.93,auto,v3,jev-1.13.0
nairaland-f3d8b7d49372,negative,0.46,0.03,strong,unclear,1.0,0.3,english,0.98,human_review,v3,jev-1.13.0
nairaland-f1a06e42755e,negative,0.49,0.03,strong,unclear,1.0,0.28,english,0.98,human_review,v3,jev-1.13.0
nairaland-1cb170985951,not_about_candidate,0.76,0.02,strong,unclear,1.0,0.16,english,1.0,human_review,v3,jev-1.13.0
nairaland-6d63aaf6aec8,not_about_candidate,0.78,0.02,strong,unclear,1.0,0.17,english,0.96,human_review,v3,jev-1.13.0
nairaland-3e5a25d021a5,not_about_candidate,0.98,0.06,calm,unclear,1.0,0.15,english,0.7,auto,v3,jev-1.13.0
nairaland-2bfe59e278c7,not_about_candidate,0.85,0.04,moderate,unclear,1.0,0.12,mixed,0.36,auto,v3,jev-1.13.0
nairaland-8d4556545209,not_about_candidate,0.83,0.04,moderate,unclear,1.0,0.09,english,0.38,auto,v3,jev-1.13.0
nairaland-fa3953bed72b,not_about_candidate,1.0,0.01,strong,unclear,1.0,0.07,english,1.0,auto,v3,jev-1.13.0
nairaland-614607dbbf63,not_about_candidate,1.0,0.01,strong,unclear,1.0,0.06,english,1.0,auto,v3,jev-1.13.0
nairaland-31b131b6714e,not_about_candidate,0.4,0.12,calm,unclear,0.98,0.21,english,0.92,human_review,v3,jev-1.13.0
nairaland-f4c11d20ce22,not_about_candidate,0.8,0.16,calm,unclear,0.99,0.23,english,0.96,auto,v3,jev-1.13.0
nairaland-2b200c2f554e,not_about_candidate,1.0,0.01,strong,unclear,1.0,0.07,english,0.96,auto,v3,jev-1.13.0
nairaland-728099c34bbc,not_about_candidate,1.0,0.02,strong,unclear,1.0,0.06,english,0.97,auto,v3,jev-1.13.0
nairaland-8f0f5392f474,not_about_candidate,0.45,0.04,mild,unclear,1.0,0.11,english,1.0,human_review,v3,jev-1.13.0
nairaland-802fb373ba26,not_about_candidate,0.39,0.04,mild,unclear,1.0,0.13,english,1.0,human_review,v3,jev-1.13.0
nairaland-b234e0a69803,not_about_candidate,0.94,0.02,moderate,unclear,1.0,0.08,english,0.99,auto,v3,jev-1.13.0
nairaland-49d041e7631b,not_about_candidate,0.95,0.02,moderate,unclear,1.0,0.07,english,0.99,auto,v3,jev-1.13.0
nairaland-a5fbb205b8d0,not_about_candidate,1.0,0.02,moderate,unclear,1.0,0.06,english,1.0,auto,v3,jev-1.13.0
nairaland-055db0670d1c,not_about_candidate,1.0,0.02,moderate,unclear,1.0,0.06,english,1.0,auto,v3,jev-1.13.0
nairaland-cfe0141652c6,positive,0.61,0.05,mild,unclear,0.98,0.19,english,0.98,human_review,v3,jev-1.13.0
nairaland-9c0ce2c3199b,positive,0.54,0.08,mild,unclear,1.0,0.18,english,1.0,human_review,v3,jev-1.13.0
nairaland-63c44d48b745,not_about_candidate,0.78,0.04,calm,unclear,1.0,0.11,english,0.99,human_review,v3,jev-1.13.0
nairaland-b34f4dd0cbb4,not_about_candidate,0.8,0.05,calm,unclear,1.0,0.14,english,1.0,auto,v3,jev-1.13.0
nairaland-9c7eb530e20b,negative,0.51,0.03,strong,unclear,1.0,0.15,english,1.0,human_review,v3,jev-1.13.0
nairaland-122b50fbdd91,negative,0.6,0.03,strong,unclear,0.99,0.15,english,1.0,human_review,v3,jev-1.13.0
nairaland-0dd51d4dc707,not_about_candidate,1.0,0.02,strong,unclear,1.0,0.06,english,0.99,auto,v3,jev-1.13.0
nairaland-9a1b7a49ae18,not_about_candidate,1.0,0.01,strong,unclear,1.0,0.06,english,0.99,auto,v3,jev-1.13.0
nairaland-4c0c40409d0d,not_about_candidate,1.0,0.01,moderate,unclear,1.0,0.05,english,0.98,auto,v3,jev-1.13.0
nairaland-d2cee7723fc3,not_about_candidate,1.0,0.01,moderate,unclear,1.0,0.06,english,0.99,auto,v3,jev-1.13.0
nairaland-4aeab25bb32b,positive,0.39,0.03,mild,unclear,0.98,0.14,english,0.98,human_review,v3,jev-1.13.0
nairaland-b8ee1b20f90a,positive,0.66,0.04,mild,unclear,1.0,0.16,english,1.0,human_review,v3,jev-1.13.0
nairaland-9693528c2d0d,not_about_candidate,0.97,0.02,strong,unclear,1.0,0.07,english,1.0,auto,v3,jev-1.13.0
nairaland-21dab242295d,not_about_candidate,0.97,0.02,strong,unclear,1.0,0.07,english,1.0,auto,v3,jev-1.13.0
nairaland-11ac50756956,not_about_candidate,0.98,0.02,strong,unclear,1.0,0.08,english,0.98,auto,v3,jev-1.13.0
nairaland-14a5c2168973,not_about_candidate,1.0,0.01,strong,unclear,1.0,0.07,english,0.99,auto,v3,jev-1.13.0
nairaland-ce0bf25232c4,not_about_candidate,1.0,0.02,strong,unclear,1.0,0.07,english,1.0,auto,v3,jev-1.13.0
nairaland-99c9fa651f8c,not_about_candidate,0.99,0.02,strong,unclear,1.0,0.06,english,1.0,auto,v3,jev-1.13.0
nairaland-1950ef4b3946,not_about_candidate,0.92,0.03,calm,unclear,1.0,0.09,english,0.98,auto,v3,jev-1.13.0
nairaland-214155d9fcc7,not_about_candidate,0.89,0.03,calm,unclear,1.0,0.11,english,1.0,auto,v3,jev-1.13.0
nairaland-c5509b9e2201,not_about_candidate,0.87,0.06,calm,unclear,0.92,0.15,english,0.55,auto,v3,jev-1.13.0
nairaland-ef79bf61f015,not_about_candidate,0.93,0.09,calm,unclear,0.87,0.14,other,0.38,auto,v3,jev-1.13.0
nairaland-04bfe0c74169,not_about_candidate,0.4,0.06,mild,unclear,1.0,0.18,english,0.99,human_review,v3,jev-1.13.0
nairaland-9e14bfdf2493,not_about_candidate,0.39,0.08,mild,unclear,1.0,0.19,english,1.0,human_review,v3,jev-1.13.0
nairaland-cc34f0f6cc6c,positive,0.75,0.06,calm,unclear,1.0,0.18,english,1.0,human_review,v3,jev-1.13.0
nairaland-6d3430c06939,positive,0.96,0.1,calm,unclear,1.0,0.26,english,1.0,auto,v3,jev-1.13.0
nairaland-695021bb06e5,not_about_candidate,0.75,0.07,calm,unclear,0.97,0.2,english,0.54,human_review,v3,jev-1.13.0
nairaland-0c6ad1136e75,not_about_candidate,0.85,0.11,calm,unclear,0.99,0.17,english,0.52,auto,v3,jev-1.13.0
nairaland-4cf4647a756d,not_about_candidate,0.67,0.03,mild,unclear,1.0,0.14,english,0.74,human_review,v3,jev-1.13.0
nairaland-3e5ab8bfb6ec,not_about_candidate,0.65,0.03,mild,unclear,1.0,0.19,english,0.82,human_review,v3,jev-1.13.0
nairaland-f62334514832,not_about_candidate,0.56,0.05,mild,unclear,1.0,0.14,english,1.0,human_review,v3,jev-1.13.0
nairaland-c46c64456d97,not_about_candidate,0.56,0.06,mild,unclear,1.0,0.12,english,1.0,human_review,v3,jev-1.13.0
nairaland-1c7423dea351,negative,0.42,0.02,very_strong,unclear,1.0,0.14,english,1.0,human_review,v3,jev-1.13.0
nairaland-2096889f6ebc,negative,0.52,0.02,very_strong,unclear,1.0,0.13,english,1.0,human_review,v3,jev-1.13.0
nairaland-779780649a3f,not_about_candidate,1.0,0.01,strong,unclear,1.0,0.06,english,1.0,auto,v3,jev-1.13.0
nairaland-0484afcc1cc4,not_about_candidate,1.0,0.01,strong,unclear,1.0,0.06,english,1.0,auto,v3,jev-1.13.0
nairaland-1b3f8cd2643a,not_about_candidate,0.75,0.03,strong,unclear,1.0,0.34,english,0.97,human_review,v3,jev-1.13.0
nairaland-773d791bf990,not_about_candidate,0.69,0.03,strong,unclear,1.0,0.35,english,0.98,human_review,v3,jev-1.13.0
nairaland-e64355d965f2,not_about_candidate,0.99,0.06,calm,unclear,1.0,0.07,english,1.0,auto,v3,jev-1.13.0
nairaland-ccafcff7d3c7,not_about_candidate,0.99,0.08,calm,unclear,1.0,0.11,english,0.99,auto,v3,jev-1.13.0
nairaland-ff92cd1a7083,not_about_candidate,0.97,0.05,calm,unclear,1.0,0.16,english,0.71,auto,v3,jev-1.13.0
nairaland-6e8860848efa,not_about_candidate,0.43,0.03,strong,unclear,1.0,0.16,english,0.99,human_review,v3,jev-1.13.0
nairaland-8022d4911224,not_about_candidate,0.33,0.03,strong,unclear,1.0,0.16,english,1.0,human_review,v3,jev-1.13.0
nairaland-be045029888c,not_about_candidate,0.68,0.04,mild,unclear,1.0,0.17,english,0.92,human_review,v3,jev-1.13.0
nairaland-5186e14adabd,not_about_candidate,0.72,0.03,calm,unclear,1.0,0.1,english,0.89,human_review,v3,jev-1.13.0
nairaland-320616b2e959,not_about_candidate,0.8,0.04,calm,unclear,1.0,0.15,english,0.99,auto,v3,jev-1.13.0
nairaland-f61fe29a3e3b,not_about_candidate,0.83,0.03,calm,unclear,1.0,0.11,english,1.0,auto,v3,jev-1.13.0
nairaland-8969b9b18def,negative,0.7,0.03,strong,unclear,0.99,0.24,english,0.72,human_review,v3,jev-1.13.0
nairaland-71ff7f8d41c2,negative,0.69,0.03,strong,unclear,0.97,0.24,english,0.72,human_review,v3,jev-1.13.0
nairaland-c3d7785d30af,not_about_candidate,0.89,0.02,strong,unclear,1.0,0.14,mixed,0.4,auto,v3,jev-1.13.0
nairaland-3983d2575b62,not_about_candidate,0.88,0.03,strong,unclear,1.0,0.15,mixed,0.47,auto,v3,jev-1.13.0
nairaland-ab2d9b866a01,positive,0.36,0.04,moderate,unclear,1.0,0.17,english,1.0,human_review,v3,jev-1.13.0
nairaland-d61d1d2fd081,positive,0.37,0.03,moderate,unclear,1.0,0.16,english,0.99,human_review,v3,jev-1.13.0
nairaland-60a182d41401,not_about_candidate,0.99,0.02,strong,unclear,0.99,0.09,english,0.84,auto,v3,jev-1.13.0
nairaland-01c3fe79365e,not_about_candidate,0.99,0.02,strong,unclear,0.99,0.09,english,0.88,auto,v3,jev-1.13.0
nairaland-ef18561e151f,not_about_candidate,0.88,0.03,moderate,unclear,0.97,0.2,mixed,0.89,auto,v3,jev-1.13.0
nairaland-03c36cf6a11b,not_about_candidate,0.89,0.03,moderate,unclear,0.98,0.2,mixed,0.93,auto,v3,jev-1.13.0
nairaland-3724ec21c7d6,not_about_candidate,0.98,0.02,strong,unclear,1.0,0.12,english,0.96,auto,v3,jev-1.13.0
nairaland-b403db3d67fc,not_about_candidate,0.99,0.02,strong,unclear,1.0,0.07,english,0.96,auto,v3,jev-1.13.0
nairaland-8aabbbb8986a,not_about_candidate,0.98,0.02,mild,unclear,1.0,0.09,english,0.93,auto,v3,jev-1.13.0
nairaland-0d9d9ff46bed,not_about_candidate,0.97,0.02,mild,unclear,1.0,0.06,english,0.92,auto,v3,jev-1.13.0
nairaland-ce697c198b97,not_about_candidate,0.42,0.04,moderate,unclear,1.0,0.21,english,0.99,human_review,v3,jev-1.13.0
nairaland-75b643008074,not_about_candidate,0.35,0.04,moderate,unclear,1.0,0.21,english,1.0,human_review,v3,jev-1.13.0
nairaland-5c2b84d51c6f,not_about_candidate,0.99,0.02,strong,unclear,1.0,0.43,mixed,0.63,auto,v3,jev-1.13.0
nairaland-fbefaeb66723,not_about_candidate,0.99,0.02,very_strong,unclear,1.0,0.39,mixed,0.55,auto,v3,jev-1.13.0
nairaland-c46da0b0ae77,not_about_candidate,0.52,0.04,mild,unclear,1.0,0.15,english,0.99,human_review,v3,jev-1.13.0
nairaland-257a94e87537,not_about_candidate,0.7,0.05,mild,unclear,1.0,0.13,english,1.0,human_review,v3,jev-1.13.0
nairaland-06db7843ccbe,not_about_candidate,0.97,0.02,strong,unclear,1.0,0.06,english,0.67,auto,v3,jev-1.13.0
nairaland-80dcde997aac,not_about_candidate,0.95,0.02,strong,unclear,1.0,0.06,english,0.8,auto,v3,jev-1.13.0
nairaland-0acfdd439128,not_about_candidate,0.69,0.03,mild,unclear,1.0,0.18,english,0.91,human_review,v3,jev-1.13.0
nairaland-ae62a31e9753,not_about_candidate,0.74,0.03,mild,unclear,1.0,0.17,english,0.99,human_review,v3,jev-1.13.0
nairaland-db621c5a585f,not_about_candidate,0.92,0.04,calm,unclear,1.0,0.32,english,0.95,auto,v3,jev-1.13.0
nairaland-456f36f60cb2,not_about_candidate,0.97,0.03,calm,unclear,1.0,0.27,english,0.95,auto,v3,jev-1.13.0
nairaland-f92a0301a4a0,not_about_candidate,0.7,0.03,strong,unclear,1.0,0.17,english,0.98,human_review,v3,jev-1.13.0
nairaland-39109c118c61,not_about_candidate,0.93,0.02,strong,unclear,0.99,0.17,english,0.98,auto,v3,jev-1.13.0
nairaland-84d4300a429f,not_about_candidate,0.89,0.02,strong,unclear,0.98,0.15,mixed,0.78,auto,v3,jev-1.13.0
nairaland-814ca674bd8a,not_about_candidate,0.78,0.02,strong,unclear,0.95,0.16,mixed,0.78,human_review,v3,jev-1.13.0
nairaland-f1b264b2e42a,not_about_candidate,0.97,0.02,strong,unclear,1.0,0.15,english,0.99,auto,v3,jev-1.13.0
nairaland-a26dff408345,not_about_candidate,0.94,0.02,strong,unclear,1.0,0.16,english,1.0,auto,v3,jev-1.13.0
nairaland-fb2b3c2ea24d,not_about_candidate,0.78,0.04,mild,unclear,1.0,0.17,english,0.99,human_review,v3,jev-1.13.0
nairaland-b4ea89e3fe2b,not_about_candidate,0.78,0.04,calm,unclear,1.0,0.14,english,1.0,human_review,v3,jev-1.13.0
nairaland-9ac796ce1a18,not_about_candidate,0.95,0.02,strong,unclear,1.0,0.08,english,0.99,auto,v3,jev-1.13.0
nairaland-18854baf33c2,not_about_candidate,0.94,0.02,strong,unclear,1.0,0.07,english,0.99,auto,v3,jev-1.13.0
nairaland-2c343e30339d,negative,0.67,0.04,moderate,unclear,1.0,0.25,english,0.41,human_review,v3,jev-1.13.0
nairaland-6a5197591cfa,negative,0.75,0.05,moderate,unclear,1.0,0.27,english,0.6,human_review,v3,jev-1.13.0
nairaland-f719c642401f,not_about_candidate,0.42,0.04,mild,unclear,0.95,0.28,english,0.33,human_review,v3,jev-1.13.0
nairaland-b5d254486551,not_about_candidate,0.92,0.06,calm,unclear,0.97,0.27,english,0.74,auto,v3,jev-1.13.0
nairaland-8f1fea69a2f6,not_about_candidate,0.36,0.03,strong,unclear,0.99,0.2,mixed,0.7,human_review,v3,jev-1.13.0
nairaland-3d09d4a7684f,not_about_candidate,0.33,0.03,strong,unclear,0.99,0.19,mixed,0.63,human_review,v3,jev-1.13.0
nairaland-390950ce77f7,not_about_candidate,0.97,0.03,mild,unclear,1.0,0.06,english,0.98,auto,v3,jev-1.13.0
nairaland-0e912542640d,not_about_candidate,0.98,0.03,calm,unclear,1.0,0.05,english,0.98,auto,v3,jev-1.13.0
nairaland-15413be77464,not_about_candidate,0.97,0.02,moderate,unclear,1.0,0.08,english,0.99,auto,v3,jev-1.13.0
nairaland-bc4265c045e8,not_about_candidate,0.98,0.02,moderate,unclear,1.0,0.08,english,0.97,auto,v3,jev-1.13.0
nairaland-ae2d53a996ce,not_about_candidate,0.95,0.02,strong,unclear,1.0,0.34,english,1.0,auto,v3,jev-1.13.0
nairaland-59048c25fd40,not_about_candidate,0.96,0.02,strong,unclear,1.0,0.33,english,0.99,auto,v3,jev-1.13.0
nairaland-148cd26a7440,negative,0.28,0.04,mild,unclear,1.0,0.2,english,0.95,human_review,v3,jev-1.13.0
nairaland-084011ba0f01,negative,0.35,0.05,mild,unclear,1.0,0.24,english,0.95,human_review,v3,jev-1.13.0
nairaland-36f68c617457,not_about_candidate,1.0,0.01,moderate,unclear,1.0,0.05,english,0.99,auto,v3,jev-1.13.0
nairaland-86b0664d57d6,not_about_candidate,1.0,0.02,moderate,unclear,1.0,0.05,english,0.99,auto,v3,jev-1.13.0
nairaland-55c0e086bc44,not_about_candidate,0.42,0.05,moderate,unclear,1.0,0.21,english,0.43,human_review,v3,jev-1.13.0
nairaland-66d5fb5cbfec,negative,0.24,0.05,moderate,unclear,1.0,0.25,mixed,0.46,human_review,v3,jev-1.13.0
nairaland-266cbcae0e6c,not_about_candidate,0.61,0.03,moderate,unclear,1.0,0.16,english,0.97,human_review,v3,jev-1.13.0
nairaland-f5a22cea9ce6,not_about_candidate,0.75,0.04,moderate,unclear,1.0,0.16,english,1.0,human_review,v3,jev-1.13.0
nairaland-00ee72f92aae,not_about_candidate,0.94,0.03,strong,unclear,1.0,0.05,english,0.98,auto,v3,jev-1.13.0
nairaland-8e22421765e7,not_about_candidate,0.93,0.02,strong,unclear,1.0,0.05,english,0.97,auto,v3,jev-1.13.0
nairaland-ecf03c5a4463,not_about_candidate,0.81,0.04,calm,unclear,1.0,0.13,english,0.89,auto,v3,jev-1.13.0
nairaland-db94120f9917,not_about_candidate,0.82,0.03,calm,unclear,1.0,0.12,english,0.95,auto,v3,jev-1.13.0
nairaland-cdd36194c3eb,not_about_candidate,0.99,0.01,strong,unclear,1.0,0.06,english,1.0,auto,v3,jev-1.13.0
nairaland-c88bd7d25c66,not_about_candidate,0.99,0.02,strong,unclear,1.0,0.06,english,1.0,auto,v3,jev-1.13.0
nairaland-347748c58d34,not_about_candidate,1.0,0.02,strong,unclear,0.99,0.09,english,0.97,auto,v3,jev-1.13.0
nairaland-7803dfacfcab,not_about_candidate,1.0,0.02,strong,unclear,1.0,0.08,english,0.97,auto,v3,jev-1.13.0
nairaland-44b075378ae2,not_about_candidate,0.73,0.05,calm,unclear,1.0,0.15,english,0.36,human_review,v3,jev-1.13.0
nairaland-ee5fa97d0c81,not_about_candidate,0.81,0.04,calm,unclear,1.0,0.13,english,0.5,auto,v3,jev-1.13.0
nairaland-9c9da951a147,not_about_candidate,1.0,0.01,mild,unclear,1.0,0.06,english,0.99,auto,v3,jev-1.13.0
nairaland-dedec9264e43,not_about_candidate,1.0,0.01,mild,unclear,1.0,0.06,english,0.99,auto,v3,jev-1.13.0
nairaland-428f15c409f1,not_about_candidate,0.97,0.03,mild,unclear,1.0,0.1,english,0.99,auto,v3,jev-1.13.0
nairaland-7667a8d3554a,not_about_candidate,0.99,0.04,mild,unclear,1.0,0.08,english,0.99,auto,v3,jev-1.13.0
nairaland-f7e2e52da611,not_about_candidate,0.97,0.06,calm,unclear,1.0,0.16,english,0.68,auto,v3,jev-1.13.0
nairaland-28765b0de4f6,not_about_candidate,1.0,0.01,strong,unclear,1.0,0.05,english,1.0,auto,v3,jev-1.13.0
nairaland-0da413cffc86,not_about_candidate,1.0,0.02,strong,unclear,1.0,0.06,english,0.99,auto,v3,jev-1.13.0
nairaland-26f8754d4b4e,not_about_candidate,1.0,0.01,moderate,unclear,1.0,0.04,english,0.99,auto,v3,jev-1.13.0
nairaland-b3e6b2d21861,not_about_candidate,1.0,0.01,moderate,unclear,1.0,0.04,english,0.99,auto,v3,jev-1.13.0
nairaland-91757fac1dce,negative,0.36,0.02,very_strong,unclear,1.0,0.13,english,0.71,human_review,v3,jev-1.13.0
nairaland-0a0ae90258bc,negative,0.38,0.02,very_strong,unclear,1.0,0.18,english,0.53,human_review,v3,jev-1.13.0
nairaland-5261b391aab3,not_about_candidate,0.91,0.02,strong,unclear,1.0,0.1,english,0.96,auto,v3,jev-1.13.0
nairaland-c343d2554d4e,not_about_candidate,0.93,0.02,strong,unclear,1.0,0.12,english,0.94,auto,v3,jev-1.13.0
nairaland-65ab0e10095e,not_about_candidate,1.0,0.01,strong,unclear,1.0,0.06,english,1.0,auto,v3,jev-1.13.0
nairaland-0137d673cdc8,not_about_candidate,1.0,0.01,strong,unclear,1.0,0.06,english,1.0,auto,v3,jev-1.13.0
nairaland-4bffd335b8c7,not_about_candidate,0.99,0.02,mild,unclear,1.0,0.07,english,1.0,auto,v3,jev-1.13.0
nairaland-266ce5d0108f,not_about_candidate,0.99,0.03,moderate,unclear,1.0,0.05,english,1.0,auto,v3,jev-1.13.0
nairaland-f200ae00105f,not_about_candidate,1.0,0.01,strong,unclear,1.0,0.05,english,1.0,auto,v3,jev-1.13.0
nairaland-396322405c32,not_about_candidate,1.0,0.01,strong,unclear,1.0,0.05,english,1.0,auto,v3,jev-1.13.0
nairaland-21582b9f29f6,not_about_candidate,0.65,0.03,mild,unclear,1.0,0.12,english,1.0,human_review,v3,jev-1.13.0
nairaland-d390f9b5b40a,not_about_candidate,0.72,0.04,mild,unclear,1.0,0.12,english,1.0,human_review,v3,jev-1.13.0
nairaland-8d0b03532802,not_about_candidate,0.99,0.02,mild,unclear,1.0,0.03,mixed,0.78,auto,v3,jev-1.13.0
nairaland-09912fdd5af1,not_about_candidate,0.99,0.02,mild,unclear,1.0,0.03,mixed,0.81,auto,v3,jev-1.13.0
nairaland-b3c54dd1ed63,not_about_candidate,0.9,0.02,strong,unclear,1.0,0.62,mixed,0.57,auto,v3,jev-1.13.0
nairaland-6afb0c2627ca,not_about_candidate,0.93,0.02,strong,unclear,1.0,0.62,mixed,0.64,auto,v3,jev-1.13.0
nairaland-19d002ef105c,not_about_candidate,1.0,0.01,strong,unclear,1.0,0.06,english,1.0,auto,v3,jev-1.13.0
nairaland-3bcdfda9625a,not_about_candidate,1.0,0.01,moderate,unclear,1.0,0.05,english,1.0,auto,v3,jev-1.13.0
nairaland-c8ca756d6d6a,not_about_candidate,0.63,0.03,moderate,unclear,1.0,0.18,mixed,0.78,human_review,v3,jev-1.13.0
nairaland-653d72e6aa8e,not_about_candidate,0.67,0.03,moderate,unclear,1.0,0.18,mixed,0.82,human_review,v3,jev-1.13.0
news_punch-b7b5f9474a54,not_about_candidate,1.0,0.01,calm,unclear,1.0,0.04,english,1.0,auto,v3,jev-1.13.0
news_punch-119fbca6bb0a,not_about_candidate,0.99,0.02,calm,unclear,0.99,0.14,english,1.0,auto,v3,jev-1.13.0
news_punch-0ce9be189800,not_about_candidate,1.0,0.02,mild,unclear,1.0,0.23,english,1.0,auto,v3,jev-1.13.0
news_vanguard-34290334e2d0,not_about_candidate,1.0,0.02,calm,unclear,1.0,0.17,english,1.0,auto,v3,jev-1.13.0
news_vanguard-799adb6a28f5,not_about_candidate,1.0,0.02,moderate,unclear,1.0,0.71,english,1.0,auto,v3,jev-1.13.0
news_dailypost-036abd567c82,not_about_candidate,1.0,0.02,calm,unclear,1.0,0.08,english,1.0,auto,v3,jev-1.13.0
news_dailypost-187d316bcb34,not_about_candidate,1.0,0.02,calm,unclear,1.0,0.15,english,1.0,auto,v3,jev-1.13.0
news_dailypost-d54641d464fa,not_about_candidate,1.0,0.02,mild,unclear,1.0,0.09,english,1.0,auto,v3,jev-1.13.0
news_dailypost-de234b092627,not_about_candidate,1.0,0.03,mild,unclear,1.0,0.61,english,1.0,auto,v3,jev-1.13.0
news_dailypost-d6dfa02239f9,not_about_candidate,1.0,0.02,calm,unclear,1.0,0.4,english,1.0,auto,v3,jev-1.13.0
news_dailypost-94a6935c58fa,not_about_candidate,1.0,0.02,calm,unclear,0.99,0.3,english,1.0,auto,v3,jev-1.13.0
news_dailypost-d7086e4d4cbe,not_about_candidate,1.0,0.02,mild,unclear,0.75,0.84,english,1.0,human_review,v3,jev-1.13.0
news_dailypost-85a98b378f77,not_about_candidate,0.99,0.04,calm,unclear,1.0,0.15,english,1.0,auto,v3,jev-1.13.0
news_dailypost-4a31dd010c19,not_about_candidate,1.0,0.01,mild,unclear,1.0,0.02,english,1.0,auto,v3,jev-1.13.0
news_tribune-de56237df818,not_about_candidate,1.0,0.02,mild,unclear,1.0,0.15,english,1.0,auto,v3,jev-1.13.0
news_tribune-a657025b74d7,not_about_candidate,1.0,0.02,calm,unclear,1.0,0.28,english,0.97,auto,v3,jev-1.13.0
news_tribune-61a8792dcbfb,not_about_candidate,0.57,0.04,mild,unclear,1.0,0.43,english,0.99,human_review,v3,jev-1.13.0
news_tribune-7146201e15d7,not_about_candidate,1.0,0.03,mild,unclear,1.0,0.13,english,1.0,auto,v3,jev-1.13.0
nairaland-5c21bfa5ab80,positive,0.73,0.04,mild,unclear,1.0,0.23,mixed,0.47,human_review,v3,jev-1.13.0
nairaland-5fa9011d0b37,positive,0.74,0.04,moderate,unclear,0.99,0.23,english,0.42,human_review,v3,jev-1.13.0
nairaland-c35a8dc36680,not_about_candidate,1.0,0.02,mild,unclear,1.0,0.06,english,1.0,auto,v3,jev-1.13.0
nairaland-994af1679fef,not_about_candidate,0.92,0.03,mild,unclear,1.0,0.17,english,0.99,auto,v3,jev-1.13.0
nairaland-e95960b9d71d,not_about_candidate,0.7,0.02,strong,unclear,0.98,0.19,english,0.99,human_review,v3,jev-1.13.0
nairaland-104123472350,not_about_candidate,0.61,0.02,strong,unclear,0.98,0.29,english,0.92,human_review,v3,jev-1.13.0
nairaland-19a6a39f0e05,not_about_candidate,0.9,0.02,very_strong,unclear,1.0,0.09,english,0.83,auto,v3,jev-1.13.0
nairaland-d347e1d16aee,not_about_candidate,0.92,0.02,very_strong,unclear,1.0,0.08,english,0.86,auto,v3,jev-1.13.0
nairaland-3f4aba006592,negative,0.49,0.03,strong,Dass,0.91,0.19,english,0.9,human_review,v3,jev-1.13.0
nairaland-997012fa13b8,negative,0.33,0.04,strong,Dass,0.91,0.22,english,0.76,human_review,v3,jev-1.13.0
nairaland-8e5bd59e0fac,not_about_candidate,0.54,0.04,strong,unclear,1.0,0.12,english,0.93,human_review,v3,jev-1.13.0
nairaland-cfb2af13e969,not_about_candidate,0.57,0.04,strong,unclear,1.0,0.11,english,0.94,human_review,v3,jev-1.13.0
nairaland-64188b768922,not_about_candidate,0.83,0.03,mild,unclear,1.0,0.11,mixed,0.37,auto,v3,jev-1.13.0
nairaland-7fb2852897ec,not_about_candidate,0.93,0.03,mild,unclear,1.0,0.09,mixed,0.31,auto,v3,jev-1.13.0
nairaland-f43d418edfd3,not_about_candidate,0.87,0.02,strong,unclear,0.92,0.15,english,0.81,auto,v3,jev-1.13.0
nairaland-ca6e5be72fdb,not_about_candidate,0.88,0.02,strong,unclear,0.9,0.14,english,0.89,auto,v3,jev-1.13.0
nairaland-303081771d35,not_about_candidate,0.71,0.02,strong,unclear,0.94,0.09,english,0.76,human_review,v3,jev-1.13.0
nairaland-24f2a52c1f29,not_about_candidate,0.72,0.03,strong,unclear,0.95,0.13,english,0.77,human_review,v3,jev-1.13.0
nairaland-d2d6f1b09ece,not_about_candidate,1.0,0.02,calm,unclear,1.0,0.02,english,0.97,auto,v3,jev-1.13.0
nairaland-63d1f58a6a43,not_about_candidate,1.0,0.01,calm,unclear,1.0,0.02,english,0.99,auto,v3,jev-1.13.0
nairaland-98bd0449c416,not_about_candidate,0.62,0.03,strong,unclear,1.0,0.18,english,0.89,human_review,v3,jev-1.13.0
nairaland-8b2afae7cc2d,not_about_candidate,0.62,0.03,strong,unclear,1.0,0.19,english,0.83,human_review,v3,jev-1.13.0
nairaland-6e39b3f25570,not_about_candidate,0.55,0.04,calm,unclear,1.0,0.14,english,0.98,human_review,v3,jev-1.13.0
nairaland-86152ed36cc5,not_about_candidate,0.61,0.03,calm,unclear,1.0,0.13,english,0.98,human_review,v3,jev-1.13.0
nairaland-85af7e86e604,not_about_candidate,0.97,0.02,strong,unclear,1.0,0.1,english,0.95,auto,v3,jev-1.13.0
nairaland-1b39c7616f36,not_about_candidate,0.98,0.02,strong,unclear,1.0,0.1,english,0.97,auto,v3,jev-1.13.0
nairaland-a83d9547718d,not_about_candidate,0.46,0.05,moderate,unclear,1.0,0.14,english,0.99,human_review,v3,jev-1.13.0
nairaland-72af05ddab79,not_about_candidate,0.47,0.04,moderate,unclear,1.0,0.13,english,0.99,human_review,v3,jev-1.13.0
nairaland-a81b17c23e50,not_about_candidate,1.0,0.02,strong,unclear,1.0,0.58,english,1.0,auto,v3,jev-1.13.0
nairaland-8a41267ac43d,not_about_candidate,1.0,0.02,strong,unclear,1.0,0.62,english,1.0,auto,v3,jev-1.13.0
nairaland-1a20ddcac0de,not_about_candidate,1.0,0.02,mild,unclear,1.0,0.05,english,0.51,auto,v3,jev-1.13.0
nairaland-687d98af2b40,not_about_candidate,0.71,0.03,mild,unclear,0.95,0.2,english,0.77,human_review,v3,jev-1.13.0
nairaland-d1bc01fdc6d9,not_about_candidate,0.99,0.01,strong,unclear,1.0,0.06,english,0.92,auto,v3,jev-1.13.0
nairaland-5a4a17723ca2,not_about_candidate,1.0,0.02,strong,unclear,1.0,0.06,english,0.95,auto,v3,jev-1.13.0
nairaland-08f2bce8cd4f,not_about_candidate,0.81,0.03,strong,unclear,1.0,0.15,english,0.92,auto,v3,jev-1.13.0
nairaland-77b36561034e,not_about_candidate,0.79,0.02,strong,unclear,1.0,0.13,english,0.89,human_review,v3,jev-1.13.0
nairaland-f8f7ef8245b9,not_about_candidate,0.99,0.02,moderate,unclear,1.0,0.04,english,0.98,auto,v3,jev-1.13.0
nairaland-4526a4765ec7,not_about_candidate,1.0,0.02,moderate,unclear,1.0,0.04,english,0.97,auto,v3,jev-1.13.0
nairaland-180c58e2305d,not_about_candidate,0.72,0.03,calm,unclear,1.0,0.1,english,0.99,human_review,v3,jev-1.13.0
nairaland-a557ba058b8a,not_about_candidate,0.77,0.03,calm,unclear,1.0,0.09,english,0.99,human_review,v3,jev-1.13.0
nairaland-5a0108e55bb4,not_about_candidate,0.95,0.02,moderate,unclear,1.0,0.05,english,0.96,auto,v3,jev-1.13.0
nairaland-9252fe6a60f4,not_about_candidate,0.97,0.02,moderate,unclear,1.0,0.04,english,0.97,auto,v3,jev-1.13.0
nairaland-017fb5ca7d8f,negative,0.5,0.03,strong,unclear,0.98,0.22,other,0.33,human_review,v3,jev-1.13.0
nairaland-c48445068794,negative,0.59,0.03,strong,unclear,0.98,0.23,other,0.66,human_review,v3,jev-1.13.0
nairaland-77a42f0e4f90,not_about_candidate,1.0,0.02,calm,unclear,1.0,0.02,mixed,0.77,auto,v3,jev-1.13.0
nairaland-073544956382,not_about_candidate,1.0,0.02,calm,unclear,1.0,0.03,mixed,0.66,auto,v3,jev-1.13.0
nairaland-da7157cb32ab,not_about_candidate,0.35,0.05,calm,unclear,1.0,0.17,english,0.97,human_review,v3,jev-1.13.0
nairaland-a7191feaa909,negative,0.17,0.05,calm,unclear,1.0,0.21,english,0.98,human_review,v3,jev-1.13.0
nairaland-576f4b5b7977,not_about_candidate,1.0,0.01,strong,unclear,1.0,0.07,english,1.0,auto,v3,jev-1.13.0
nairaland-2546fc2c2ed0,not_about_candidate,1.0,0.02,strong,unclear,1.0,0.06,english,1.0,auto,v3,jev-1.13.0
nairaland-cb61f01ac6d9,not_about_candidate,0.88,0.03,strong,unclear,1.0,0.19,english,0.99,auto,v3,jev-1.13.0
nairaland-f8218d1d0e45,not_about_candidate,0.88,0.05,moderate,unclear,1.0,0.17,english,0.98,auto,v3,jev-1.13.0
nairaland-09c21e45754b,not_about_candidate,0.87,0.03,calm,unclear,0.98,0.08,english,0.68,auto,v3,jev-1.13.0
nairaland-bcb59fa7a7a9,not_about_candidate,0.84,0.02,calm,unclear,0.97,0.1,english,0.81,auto,v3,jev-1.13.0
nairaland-0cfa90224757,not_about_candidate,0.99,0.02,moderate,unclear,0.96,0.05,english,0.95,auto,v3,jev-1.13.0
nairaland-61cd84a5cc2f,not_about_candidate,0.82,0.02,strong,unclear,0.99,0.12,english,0.97,auto,v3,jev-1.13.0
nairaland-99c0f620c8ec,not_about_candidate,0.87,0.02,strong,unclear,1.0,0.46,english,0.79,auto,v3,jev-1.13.0
nairaland-6a360c9c8726,not_about_candidate,0.89,0.02,strong,unclear,1.0,0.39,english,0.8,auto,v3,jev-1.13.0
nairaland-edc7c08cbbe7,not_about_candidate,0.99,0.02,strong,unclear,1.0,0.1,mixed,0.59,auto,v3,jev-1.13.0
nairaland-fb1c131b6eae,not_about_candidate,0.99,0.02,strong,unclear,1.0,0.1,mixed,0.36,auto,v3,jev-1.13.0
nairaland-563c24ad2e8a,not_about_candidate,0.82,0.02,strong,unclear,0.85,0.11,mixed,0.51,auto,v3,jev-1.13.0
nairaland-32768acee323,not_about_candidate,0.87,0.02,strong,unclear,0.9,0.11,english,0.69,auto,v3,jev-1.13.0
nairaland-268e1934a3b1,not_about_candidate,0.6,0.04,mild,unclear,1.0,0.1,mixed,0.93,human_review,v3,jev-1.13.0
nairaland-59cd561c05ea,not_about_candidate,0.67,0.03,mild,unclear,0.99,0.08,mixed,0.71,human_review,v3,jev-1.13.0
nairaland-503954321f76,not_about_candidate,1.0,0.01,strong,unclear,1.0,0.07,english,0.99,auto,v3,jev-1.13.0
nairaland-b518ff3009c9,not_about_candidate,0.99,0.02,strong,unclear,1.0,0.07,english,0.99,auto,v3,jev-1.13.0
nairaland-8252de82917c,not_about_candidate,1.0,0.02,mild,unclear,1.0,0.06,english,0.78,auto,v3,jev-1.13.0
nairaland-24c40de21ee2,not_about_candidate,1.0,0.02,mild,unclear,1.0,0.06,english,0.9,auto,v3,jev-1.13.0
nairaland-49bf8e22d20a,not_about_candidate,0.75,0.03,moderate,unclear,1.0,0.19,mixed,0.48,human_review,v3,jev-1.13.0
nairaland-708b8a0a3ff1,not_about_candidate,0.75,0.02,moderate,unclear,1.0,0.17,mixed,0.5,human_review,v3,jev-1.13.0
nairaland-5b9ffebb4dc8,not_about_candidate,0.72,0.02,strong,unclear,1.0,0.51,english,0.82,human_review,v3,jev-1.13.0
nairaland-04a884c65700,not_about_candidate,0.79,0.02,strong,unclear,1.0,0.5,english,0.78,human_review,v3,jev-1.13.0
nairaland-4d5e70715d3b,not_about_candidate,0.86,0.02,strong,unclear,1.0,0.09,english,0.84,auto,v3,jev-1.13.0
nairaland-21dba52e9efb,not_about_candidate,0.83,0.02,strong,unclear,1.0,0.12,english,0.7,auto,v3,jev-1.13.0
nairaland-b4eff319612e,not_about_candidate,1.0,0.02,moderate,unclear,1.0,0.06,english,0.72,auto,v3,jev-1.13.0
nairaland-d09525674146,not_about_candidate,1.0,0.03,moderate,unclear,1.0,0.05,english,0.74,auto,v3,jev-1.13.0
nairaland-73fcc94d8e0b,positive,0.56,0.03,mild,unclear,0.99,0.09,english,0.96,human_review,v3,jev-1.13.0
nairaland-b53956c005c5,positive,0.53,0.03,mild,unclear,1.0,0.12,english,1.0,human_review,v3,jev-1.13.0
nairaland-96889105493c,not_about_candidate,0.97,0.03,calm,unclear,1.0,0.04,english,1.0,auto,v3,jev-1.13.0
nairaland-96ef28413e0b,not_about_candidate,0.98,0.02,calm,unclear,1.0,0.05,english,1.0,auto,v3,jev-1.13.0
nairaland-068ae0e9a8f7,not_about_candidate,0.97,0.02,moderate,unclear,1.0,0.07,english,0.99,auto,v3,jev-1.13.0
nairaland-24c432ff07df,not_about_candidate,0.97,0.02,moderate,unclear,1.0,0.07,english,0.99,auto,v3,jev-1.13.0
nairaland-097499a10bd9,not_about_candidate,0.98,0.02,strong,unclear,0.96,0.09,english,0.86,auto,v3,jev-1.13.0
nairaland-f97a4785d813,not_about_candidate,0.99,0.02,strong,unclear,0.99,0.08,english,0.8,auto,v3,jev-1.13.0
nairaland-32afa5be2083,not_about_candidate,1.0,0.02,strong,unclear,1.0,0.09,english,0.6,auto,v3,jev-1.13.0
nairaland-82d377944e04,not_about_candidate,1.0,0.02,moderate,unclear,1.0,0.1,english,0.65,auto,v3,jev-1.13.0
nairaland-f5e9b16a2070,not_about_candidate,0.98,0.02,strong,unclear,1.0,0.05,english,0.59,auto,v3,jev-1.13.0
nairaland-780537e1fb8b,not_about_candidate,0.99,0.02,strong,unclear,1.0,0.04,english,0.81,auto,v3,jev-1.13.0
nairaland-76941b0b18dd,not_about_candidate,1.0,0.01,strong,unclear,1.0,0.06,english,1.0,auto,v3,jev-1.13.0
nairaland-7572bd8f09b9,not_about_candidate,1.0,0.01,strong,unclear,1.0,0.07,english,1.0,auto,v3,jev-1.13.0
nairaland-47fe55bc15c6,not_about_candidate,0.57,0.02,strong,unclear,1.0,0.11,english,0.94,human_review,v3,jev-1.13.0
nairaland-57f232295e24,not_about_candidate,0.72,0.03,strong,unclear,1.0,0.09,english,0.84,human_review,v3,jev-1.13.0
nairaland-1c88e1e6ab72,not_about_candidate,0.86,0.02,strong,unclear,1.0,0.22,english,0.47,auto,v3,jev-1.13.0
nairaland-720bf9b545aa,not_about_candidate,0.92,0.02,strong,unclear,1.0,0.19,english,0.43,auto,v3,jev-1.13.0
nairaland-3754ae795217,not_about_candidate,0.89,0.02,moderate,unclear,1.0,0.09,english,0.94,auto,v3,jev-1.13.0
nairaland-3414e736ffdf,not_about_candidate,0.94,0.02,moderate,unclear,1.0,0.09,english,0.85,auto,v3,jev-1.13.0
nairaland-3af798cb2232,not_about_candidate,1.0,0.02,moderate,unclear,1.0,0.05,english,0.92,auto,v3,jev-1.13.0
nairaland-8b4e925e1284,not_about_candidate,1.0,0.02,moderate,unclear,1.0,0.05,english,0.93,auto,v3,jev-1.13.0
nairaland-17ff76d35923,not_about_candidate,0.89,0.02,very_strong,unclear,1.0,0.04,mixed,0.65,auto,v3,jev-1.13.0
nairaland-c10e237a50a5,not_about_candidate,0.85,0.02,very_strong,unclear,1.0,0.04,mixed,0.65,auto,v3,jev-1.13.0
nairaland-941bdc60dd2f,not_about_candidate,0.34,0.03,strong,unclear,0.97,0.15,english,0.86,human_review,v3,jev-1.13.0
nairaland-f71879193dea,not_about_candidate,0.42,0.03,strong,unclear,1.0,0.14,english,0.93,human_review,v3,jev-1.13.0
nairaland-b5deea1c58a4,negative,0.52,0.02,very_strong,unclear,1.0,0.21,english,0.99,human_review,v3,jev-1.13.0
nairaland-51ec8da78b1a,negative,0.54,0.02,very_strong,unclear,1.0,0.2,english,0.98,human_review,v3,jev-1.13.0
nairaland-d40d4d09d6f1,not_about_candidate,1.0,0.01,strong,unclear,1.0,0.04,mixed,0.42,auto,v3,jev-1.13.0
nairaland-05b3651905e5,not_about_candidate,1.0,0.02,strong,unclear,1.0,0.04,mixed,0.44,auto,v3,jev-1.13.0
nairaland-65f53f272af7,not_about_candidate,0.61,0.05,moderate,unclear,1.0,0.32,english,0.99,human_review,v3,jev-1.13.0
nairaland-3c50bfc29999,not_about_candidate,0.5,0.06,moderate,unclear,0.99,0.37,english,0.98,human_review,v3,jev-1.13.0
nairaland-ce4a5527c1a9,not_about_candidate,1.0,0.02,strong,unclear,1.0,0.06,mixed,0.53,auto,v3,jev-1.13.0
nairaland-4949747937ec,not_about_candidate,1.0,0.01,strong,unclear,1.0,0.06,mixed,0.51,auto,v3,jev-1.13.0
nairaland-2c3c2a0544dd,not_about_candidate,1.0,0.02,calm,unclear,1.0,0.03,english,0.97,auto,v3,jev-1.13.0
nairaland-423992122725,not_about_candidate,1.0,0.02,moderate,unclear,1.0,0.04,english,0.49,auto,v3,jev-1.13.0
nairaland-c87067e51766,not_about_candidate,0.83,0.02,moderate,unclear,1.0,0.07,english,0.56,auto,v3,jev-1.13.0
nairaland-46718bfba8df,not_about_candidate,1.0,0.02,strong,unclear,1.0,0.06,english,1.0,auto,v3,jev-1.13.0
nairaland-bcfa0ef677c0,not_about_candidate,1.0,0.02,strong,unclear,1.0,0.07,english,0.99,auto,v3,jev-1.13.0
nairaland-bd606b56713b,not_about_candidate,1.0,0.02,mild,unclear,1.0,0.03,english,0.87,auto,v3,jev-1.13.0
nairaland-fa8386913cc3,not_about_candidate,0.99,0.02,moderate,unclear,1.0,0.05,english,0.82,auto,v3,jev-1.13.0
nairaland-4924b57eb658,not_about_candidate,0.99,0.03,mild,unclear,1.0,0.11,english,0.99,auto,v3,jev-1.13.0
nairaland-173aa07cefc2,not_about_candidate,0.99,0.03,mild,unclear,1.0,0.12,english,1.0,auto,v3,jev-1.13.0
nairaland-895ae370ed61,not_about_candidate,1.0,0.01,moderate,unclear,1.0,0.03,english,0.66,auto,v3,jev-1.13.0
nairaland-7f8c102e9d0b,not_about_candidate,1.0,0.02,moderate,unclear,1.0,0.05,english,0.97,auto,v3,jev-1.13.0
nairaland-7c037b15b14a,not_about_candidate,1.0,0.02,mild,unclear,1.0,0.04,english,1.0,auto,v3,jev-1.13.0
nairaland-4fa4ec747ee1,not_about_candidate,1.0,0.03,mild,unclear,1.0,0.07,english,1.0,auto,v3,jev-1.13.0
nairaland-2519d57906b2,not_about_candidate,1.0,0.02,calm,unclear,1.0,0.04,mixed,0.35,auto,v3,jev-1.13.0
nairaland-a40e0d4ada1c,not_about_candidate,0.9,0.03,calm,unclear,0.99,0.08,english,0.9,auto,v3,jev-1.13.0
nairaland-6f8adfb96b92,negative,0.34,0.02,strong,unclear,1.0,0.28,english,0.97,human_review,v3,jev-1.13.0
nairaland-0ee2b4dbece8,negative,0.52,0.03,strong,unclear,0.98,0.4,english,0.92,human_review,v3,jev-1.13.0
nairaland-3db72a2d36fc,not_about_candidate,1.0,0.02,calm,unclear,1.0,0.13,english,1.0,auto,v3,jev-1.13.0
nairaland-b0897d3c1abf,not_about_candidate,0.99,0.02,mild,unclear,1.0,0.23,english,0.99,auto,v3,jev-1.13.0
nairaland-d2502d65ccb0,not_about_candidate,1.0,0.02,calm,unclear,1.0,0.03,english,0.98,auto,v3,jev-1.13.0
nairaland-b4f4642de0fb,not_about_candidate,1.0,0.02,moderate,unclear,1.0,0.05,english,1.0,auto,v3,jev-1.13.0
nairaland-1c89066e2f39,not_about_candidate,1.0,0.02,moderate,unclear,1.0,0.05,english,1.0,auto,v3,jev-1.13.0
nairaland-4d6906bac750,not_about_candidate,0.76,0.09,calm,unclear,1.0,0.24,english,0.63,human_review,v3,jev-1.13.0
nairaland-b8d337f62e6c,not_about_candidate,0.8,0.12,calm,unclear,1.0,0.22,english,0.44,auto,v3,jev-1.13.0
nairaland-7f5ec3579c9d,not_about_candidate,1.0,0.01,calm,unclear,1.0,0.03,english,0.95,auto,v3,jev-1.13.0
nairaland-3c45041bd48e,not_about_candidate,1.0,0.01,calm,unclear,1.0,0.04,english,0.99,auto,v3,jev-1.13.0
nairaland-a50fc9da11cb,not_about_candidate,0.95,0.02,moderate,unclear,1.0,0.12,english,0.74,auto,v3,jev-1.13.0
nairaland-7a4d1acd4116,not_about_candidate,0.96,0.02,moderate,unclear,1.0,0.11,english,0.74,auto,v3,jev-1.13.0
nairaland-051f9cf238a0,not_about_candidate,0.99,0.02,strong,unclear,1.0,0.07,english,0.99,auto,v3,jev-1.13.0
nairaland-19decfcd3350,not_about_candidate,0.99,0.02,strong,unclear,1.0,0.07,english,0.99,auto,v3,jev-1.13.0
nairaland-76cbb1df023a,not_about_candidate,0.99,0.01,very_strong,unclear,1.0,0.02,english,1.0,auto,v3,jev-1.13.0
nairaland-a5918de957c2,not_about_candidate,0.99,0.01,very_strong,unclear,1.0,0.02,english,1.0,auto,v3,jev-1.13.0
nairaland-a06cbb8aa426,not_about_candidate,1.0,0.02,strong,unclear,1.0,0.03,english,0.99,auto,v3,jev-1.13.0
nairaland-abe17c5db38a,not_about_candidate,1.0,0.02,very_strong,unclear,1.0,0.02,english,0.99,auto,v3,jev-1.13.0
nairaland-12f456c9cf22,not_about_candidate,0.83,0.01,very_strong,unclear,1.0,0.02,english,1.0,auto,v3,jev-1.13.0
nairaland-16668f3146b8,not_about_candidate,0.87,0.01,strong,unclear,1.0,0.02,english,1.0,auto,v3,jev-1.13.0
nairaland-5ea03fbbc09e,not_about_candidate,0.95,0.02,strong,unclear,1.0,0.03,english,1.0,auto,v3,jev-1.13.0
nairaland-3ca7928e71c7,not_about_candidate,0.91,0.02,strong,unclear,1.0,0.02,english,1.0,auto,v3,jev-1.13.0
nairaland-1423f9405747,not_about_candidate,1.0,0.01,strong,unclear,1.0,0.02,english,1.0,auto,v3,jev-1.13.0
nairaland-e41966b00fde,not_about_candidate,0.99,0.01,strong,unclear,1.0,0.03,english,1.0,auto,v3,jev-1.13.0
nairaland-49cca3968e1a,not_about_candidate,0.88,0.02,strong,unclear,0.85,0.07,english,0.49,auto,v3,jev-1.13.0
nairaland-a126326ed4c1,not_about_candidate,0.95,0.02,strong,unclear,0.88,0.08,english,0.43,auto,v3,jev-1.13.0
nairaland-325f2424edd4,not_about_candidate,0.99,0.02,calm,unclear,1.0,0.06,english,0.9,auto,v3,jev-1.13.0
nairaland-37d781cf9ad2,not_about_candidate,0.97,0.02,calm,unclear,1.0,0.06,english,0.91,auto,v3,jev-1.13.0
nairaland-d475a66b0f2d,not_about_candidate,0.6,0.04,strong,unclear,0.97,0.57,english,0.96,human_review,v3,jev-1.13.0
nairaland-de3554aafe79,not_about_candidate,0.75,0.02,strong,unclear,0.99,0.52,english,0.74,human_review,v3,jev-1.13.0
nairaland-607caa72c5d5,not_about_candidate,0.92,0.02,strong,unclear,0.99,0.4,mixed,0.72,auto,v3,jev-1.13.0
nairaland-191f2139d422,not_about_candidate,1.0,0.02,strong,unclear,1.0,0.6,mixed,0.57,auto,v3,jev-1.13.0
nairaland-1b67dfa9183c,not_about_candidate,0.89,0.03,strong,unclear,0.95,0.63,mixed,0.87,auto,v3,jev-1.13.0
nairaland-5b3ae26da97a,not_about_candidate,0.97,0.02,very_strong,unclear,0.99,0.58,mixed,0.61,auto,v3,jev-1.13.0
nairaland-c0a5e2d8318f,not_about_candidate,0.31,0.03,calm,unclear,0.74,0.25,mixed,0.41,human_review,v3,jev-1.13.0
nairaland-52f26fbf6da5,not_about_candidate,0.72,0.02,moderate,unclear,1.0,0.58,english,0.99,human_review,v3,jev-1.13.0
nairaland-4b95c6f084f1,negative,0.9,0.03,strong,unclear,1.0,0.29,english,0.99,auto,v3,jev-1.13.0
nairaland-856a1e2201b6,not_about_candidate,0.57,0.91,very_strong,unclear,1.0,0.47,mixed,0.9,human_review,v3,jev-1.13.0
nairaland-2ec4d7ae67c7,not_about_candidate,0.98,0.02,moderate,unclear,1.0,0.28,mixed,0.92,auto,v3,jev-1.13.0
nairaland-53bdc212a0fb,not_about_candidate,0.59,0.84,very_strong,unclear,1.0,0.58,mixed,0.76,human_review,v3,jev-1.13.0
nairaland-189226a911f3,negative,0.32,0.04,calm,unclear,0.95,0.22,english,0.84,human_review,v3,jev-1.13.0
nairaland-e36a46fc6ce7,not_about_candidate,0.95,0.02,strong,unclear,1.0,0.7,english,1.0,auto,v3,jev-1.13.0
nairaland-084e1cef2a89,not_about_candidate,0.91,0.02,strong,unclear,0.96,0.68,mixed,0.76,auto,v3,jev-1.13.0
nairaland-21034b24cd90,negative,0.83,0.03,strong,unclear,1.0,0.16,english,0.99,auto,v3,jev-1.13.0
nairaland-1f7e69cb7855,not_about_candidate,0.59,0.89,strong,unclear,1.0,0.49,english,0.86,human_review,v3,jev-1.13.0
nairaland-2ce91b13a6dc,not_about_candidate,1.0,0.02,strong,unclear,1.0,0.53,mixed,0.76,auto,v3,jev-1.13.0
nairaland-94101030886e,not_about_candidate,1.0,0.01,strong,unclear,1.0,0.75,mixed,0.7,auto,v3,jev-1.13.0
nairaland-066df2a90a01,not_about_candidate,1.0,0.02,moderate,unclear,1.0,0.58,english,0.69,auto,v3,jev-1.13.0
nairaland-ea3c90202ca7,not_about_candidate,0.38,0.05,strong,unclear,0.95,0.68,mixed,0.89,human_review,v3,jev-1.13.0
nairaland-dde2dc8c3b72,not_about_candidate,0.97,0.02,strong,unclear,1.0,0.58,mixed,0.69,auto,v3,jev-1.13.0
nairaland-114bb3a88c8a,negative,0.46,0.04,strong,unclear,0.95,0.24,english,0.8,human_review,v3,jev-1.13.0
nairaland-27b78eb51147,not_about_candidate,0.87,0.02,very_strong,unclear,1.0,0.64,english,0.8,auto,v3,jev-1.13.0
nairaland-e8b8a3dd6df9,not_about_candidate,0.96,0.02,strong,unclear,1.0,0.19,mixed,0.52,auto,v3,jev-1.13.0
nairaland-a5019327957e,not_about_candidate,0.95,0.02,very_strong,unclear,1.0,0.52,mixed,0.79,auto,v3,jev-1.13.0
nairaland-64b61760d544,negative,0.92,0.03,strong,unclear,1.0,0.24,english,1.0,auto,v3,jev-1.13.0
nairaland-bd2412c8ab35,not_about_candidate,0.9,0.03,very_strong,unclear,1.0,0.55,mixed,0.38,auto,v3,jev-1.13.0
nairaland-3f0761c9b3dc,not_about_candidate,0.97,0.02,strong,unclear,1.0,0.1,mixed,0.64,auto,v3,jev-1.13.0
nairaland-b3daf2ac39a7,not_about_candidate,0.99,0.02,strong,unclear,0.99,0.72,mixed,0.52,auto,v3,jev-1.13.0
nairaland-e14e49e91dc3,not_about_candidate,0.9,0.03,very_strong,unclear,1.0,0.53,english,1.0,auto,v3,jev-1.13.0
nairaland-de16e7d6f1ff,not_about_candidate,0.9,0.02,moderate,unclear,1.0,0.52,english,0.99,auto,v3,jev-1.13.0
nairaland-f6be42bf2a9c,negative,0.74,0.9,very_strong,unclear,0.99,0.59,mixed,0.83,human_review,v3,jev-1.13.0
nairaland-8e6f23936699,not_about_candidate,0.42,0.03,mild,unclear,0.99,0.59,english,0.99,human_review,v3,jev-1.13.0
nairaland-f000ad7747b6,not_about_candidate,0.99,0.02,moderate,unclear,1.0,0.58,english,0.84,auto,v3,jev-1.13.0
nairaland-1e08d2e2748c,not_about_candidate,0.96,0.03,calm,unclear,1.0,0.85,english,0.76,auto,v3,jev-1.13.0
nairaland-ddec7ae1df2a,not_about_candidate,0.74,0.03,strong,unclear,1.0,0.69,mixed,0.71,human_review,v3,jev-1.13.0
nairaland-5a42d5934ba6,not_about_candidate,0.76,0.89,strong,unclear,1.0,0.42,mixed,0.72,human_review,v3,jev-1.13.0
nairaland-7ecd69eda983,not_about_candidate,0.99,0.02,mild,unclear,1.0,0.59,english,0.96,auto,v3,jev-1.13.0
nairaland-2ec84cdebb28,not_about_candidate,0.72,0.9,very_strong,unclear,1.0,0.59,mixed,0.73,human_review,v3,jev-1.13.0
nairaland-1acb4208a463,not_about_candidate,0.98,0.01,strong,unclear,1.0,0.62,english,0.37,auto,v3,jev-1.13.0
nairaland-793f427e0ca2,not_about_candidate,0.75,0.02,moderate,unclear,0.99,0.25,english,0.58,human_review,v3,jev-1.13.0
nairaland-d1981e16e806,not_about_candidate,0.86,0.03,moderate,unclear,0.99,0.75,english,0.88,auto,v3,jev-1.13.0
nairaland-a3935f0d62ca,negative,0.68,0.03,strong,unclear,1.0,0.57,english,0.97,human_review,v3,jev-1.13.0
nairaland-3dc1aea4ff16,not_about_candidate,0.97,0.02,strong,unclear,1.0,0.71,english,0.87,auto,v3,jev-1.13.0
nairaland-e04d1649b6de,not_about_candidate,0.94,0.02,strong,unclear,1.0,0.58,mixed,0.87,auto,v3,jev-1.13.0
nairaland-7e47de8bdb16,not_about_candidate,0.46,0.03,strong,unclear,0.97,0.56,mixed,0.95,human_review,v3,jev-1.13.0
nairaland-d7c2a3f6ffbf,not_about_candidate,0.98,0.02,strong,unclear,1.0,0.78,english,0.96,auto,v3,jev-1.13.0
nairaland-b24394057a6d,not_about_candidate,0.96,0.02,strong,unclear,1.0,0.74,english,0.94,auto,v3,jev-1.13.0
nairaland-1b0ab0edf965,not_about_candidate,0.86,0.03,moderate,unclear,0.97,0.5,mixed,0.49,auto,v3,jev-1.13.0
nairaland-6179b49540b0,not_about_candidate,0.71,0.03,moderate,unclear,0.93,0.13,english,0.46,human_review,v3,jev-1.13.0
nairaland-116dcd421a1a,not_about_candidate,0.99,0.02,strong,unclear,1.0,0.5,mixed,0.78,auto,v3,jev-1.13.0
nairaland-d5cc6f5ea957,not_about_candidate,0.94,0.02,strong,unclear,1.0,0.43,mixed,0.77,auto,v3,jev-1.13.0
nairaland-98e37edd3826,not_about_candidate,0.98,0.02,strong,unclear,1.0,0.56,english,0.43,auto,v3,jev-1.13.0
nairaland-1ac7582aaaa5,not_about_candidate,0.93,0.02,strong,unclear,1.0,0.5,mixed,0.57,auto,v3,jev-1.13.0
nairaland-aa35c0aadcdd,not_about_candidate,0.33,0.94,strong,unclear,1.0,0.58,english,0.97,human_review,v3,jev-1.13.0
nairaland-a58a8836fd98,not_about_candidate,0.38,0.92,strong,unclear,1.0,0.63,english,0.96,human_review,v3,jev-1.13.0
nairaland-16b3b47dfbf3,not_about_candidate,0.99,0.02,strong,unclear,1.0,0.51,english,0.51,auto,v3,jev-1.13.0
nairaland-6f485e964806,not_about_candidate,1.0,0.02,strong,unclear,1.0,0.46,mixed,0.36,auto,v3,jev-1.13.0
nairaland-16da26cdbded,not_about_candidate,0.99,0.02,strong,unclear,1.0,0.4,english,0.96,auto,v3,jev-1.13.0
nairaland-efa5b336889b,not_about_candidate,0.86,0.02,strong,unclear,1.0,0.52,english,0.96,auto,v3,jev-1.13.0
nairaland-c0ced73b9ece#1,not_about_candidate,0.99,0.02,very_strong,unclear,1.0,0.37,english,0.96,auto,v3,jev-1.13.0
nairaland-c0ced73b9ece#2,not_about_candidate,0.93,0.02,strong,unclear,1.0,0.35,english,1.0,auto,v3,jev-1.13.0
nairaland-c0ced73b9ece#3,not_about_candidate,1.0,0.01,strong,unclear,1.0,0.3,english,0.99,auto,v3,jev-1.13.0
nairaland-90704aea420a#1,not_about_candidate,1.0,0.02,very_strong,unclear,1.0,0.42,english,0.98,auto,v3,jev-1.13.0
nairaland-90704aea420a#2,not_about_candidate,0.95,0.02,strong,unclear,1.0,0.32,english,1.0,auto,v3,jev-1.13.0
nairaland-90704aea420a#3,not_about_candidate,1.0,0.01,strong,unclear,1.0,0.28,english,0.99,auto,v3,jev-1.13.0
nairaland-394edc99854b,not_about_candidate,0.95,0.02,mild,unclear,1.0,0.53,mixed,0.53,auto,v3,jev-1.13.0
nairaland-9eb257ea38f9,positive,0.42,0.05,calm,unclear,1.0,0.19,english,0.61,human_review,v3,jev-1.13.0
nairaland-d5d89b18e3a7,not_about_candidate,0.66,0.02,strong,unclear,1.0,0.9,mixed,0.51,human_review,v3,jev-1.13.0
nairaland-1c35ab93d28c,not_about_candidate,0.91,0.03,moderate,unclear,1.0,0.13,english,1.0,auto,v3,jev-1.13.0
nairaland-70b4c1ae8460,negative,0.62,0.06,mild,unclear,1.0,0.35,english,0.96,human_review,v3,jev-1.13.0
nairaland-94b54d5ea5f6,negative,0.8,0.04,strong,unclear,1.0,0.19,english,1.0,auto,v3,jev-1.13.0
nairaland-1d2f1396be0a,not_about_candidate,0.49,0.06,mild,unclear,1.0,0.18,mixed,0.51,human_review,v3,jev-1.13.0
nairaland-d39853ccb512,negative,0.57,0.03,strong,unclear,1.0,0.09,english,1.0,human_review,v3,jev-1.13.0
nairaland-43f77edeef20,not_about_candidate,0.98,0.02,very_strong,unclear,1.0,0.39,mixed,0.59,auto,v3,jev-1.13.0
nairaland-aa43e9910f22,not_about_candidate,0.98,0.02,mild,unclear,1.0,0.05,english,1.0,auto,v3,jev-1.13.0
nairaland-3a8038bd7078,not_about_candidate,0.33,0.03,strong,unclear,1.0,0.11,english,1.0,human_review,v3,jev-1.13.0
nairaland-9d6ca4ab025e,not_about_candidate,0.73,0.03,strong,unclear,1.0,0.3,mixed,0.68,human_review,v3,jev-1.13.0
nairaland-4c0c1ebaf701,not_about_candidate,0.81,0.02,strong,unclear,0.99,0.32,mixed,0.62,auto,v3,jev-1.13.0
nairaland-84192c0347a2,not_about_candidate,0.42,0.03,mild,unclear,0.99,0.17,mixed,0.84,human_review,v3,jev-1.13.0
nairaland-64beeabdf1ed,not_about_candidate,1.0,0.02,very_strong,unclear,1.0,0.3,english,0.47,auto,v3,jev-1.13.0
nairaland-1b47855a4cea,not_about_candidate,0.35,0.04,strong,unclear,1.0,0.2,mixed,0.67,human_review,v3,jev-1.13.0
nairaland-a312ddceee82,not_about_candidate,0.95,0.02,moderate,unclear,1.0,0.11,english,1.0,auto,v3,jev-1.13.0
nairaland-e5308742d2c4,not_about_candidate,0.95,0.02,strong,unclear,1.0,0.75,mixed,0.78,auto,v3,jev-1.13.0
nairaland-988820d14c0e,not_about_candidate,0.52,0.03,calm,unclear,1.0,0.11,english,0.99,human_review,v3,jev-1.13.0
nairaland-7cb0dc61b2f3,not_about_candidate,0.92,0.02,mild,unclear,1.0,0.28,english,0.97,auto,v3,jev-1.13.0
nairaland-eee29c2c7281,not_about_candidate,0.46,0.02,moderate,unclear,1.0,0.08,english,0.95,human_review,v3,jev-1.13.0
nairaland-704915edda82,not_about_candidate,0.93,0.02,strong,unclear,0.96,0.32,english,0.99,auto,v3,jev-1.13.0
nairaland-30601ceecc41,not_about_candidate,0.95,0.02,very_strong,unclear,0.91,0.28,english,0.99,auto,v3,jev-1.13.0
nairaland-2a6b1c59d9ec,not_about_candidate,0.87,0.02,very_strong,unclear,1.0,0.43,english,0.97,auto,v3,jev-1.13.0
nairaland-5b9d00a1e20a,negative,0.49,0.03,very_strong,unclear,1.0,0.25,english,0.99,human_review,v3,jev-1.13.0
nairaland-21d56aac0201,not_about_candidate,0.99,0.02,strong,unclear,1.0,0.32,english,0.99,auto,v3,jev-1.13.0
nairaland-e6f519bc6e7f,not_about_candidate,0.81,0.03,strong,unclear,1.0,0.25,english,0.99,auto,v3,jev-1.13.0
nairaland-3a8ec3b4fa39,not_about_candidate,0.99,0.02,very_strong,unclear,1.0,0.34,english,0.99,auto,v3,jev-1.13.0
nairaland-5e971d02e75a,not_about_candidate,0.82,0.02,very_strong,unclear,0.99,0.4,english,1.0,auto,v3,jev-1.13.0
nairaland-b13f96346a30,not_about_candidate,0.74,0.03,moderate,unclear,1.0,0.34,english,0.98,human_review,v3,jev-1.13.0
nairaland-cfd5cf8af993,negative,0.9,0.05,moderate,unclear,1.0,0.25,english,0.99,auto,v3,jev-1.13.0
nairaland-ce572234c432,not_about_candidate,0.98,0.02,strong,unclear,1.0,0.19,english,0.99,auto,v3,jev-1.13.0
nairaland-ff15d7c16ee4,not_about_candidate,0.84,0.02,strong,unclear,1.0,0.15,english,0.99,auto,v3,jev-1.13.0
nairaland-587a29eeb365,not_about_candidate,0.97,0.02,strong,unclear,1.0,0.39,english,0.96,auto,v3,jev-1.13.0
nairaland-963885cec2a8,not_about_candidate,0.71,0.02,strong,unclear,1.0,0.38,english,0.97,human_review,v3,jev-1.13.0
nairaland-88ac2d58b090,not_about_candidate,0.99,0.02,mild,unclear,1.0,0.27,english,0.67,auto,v3,jev-1.13.0
nairaland-a56334150de8,not_about_candidate,0.95,0.03,mild,unclear,1.0,0.19,english,0.88,auto,v3,jev-1.13.0
nairaland-1c74c531ff2b,not_about_candidate,0.94,0.03,strong,unclear,1.0,0.49,english,0.96,auto,v3,jev-1.13.0
nairaland-90e226538cfa,not_about_candidate,0.43,0.04,moderate,unclear,1.0,0.51,english,0.95,human_review,v3,jev-1.13.0
nairaland-c51e5251830a,not_about_candidate,0.34,0.02,strong,unclear,1.0,0.49,mixed,0.63,human_review,v3,jev-1.13.0
nairaland-79af9d25ea21,negative,0.39,0.02,very_strong,unclear,1.0,0.52,mixed,0.64,human_review,v3,jev-1.13.0
nairaland-55f4cd8d17a7,not_about_candidate,0.73,0.03,moderate,unclear,1.0,0.15,english,0.97,human_review,v3,jev-1.13.0
nairaland-eef8e4f78b5b,not_about_candidate,0.52,0.03,strong,unclear,0.81,0.32,english,0.98,human_review,v3,jev-1.13.0
nairaland-5345b648531a,not_about_candidate,0.84,0.02,strong,unclear,0.97,0.64,english,0.61,auto,v3,jev-1.13.0
nairaland-2c48030b1f28,not_about_candidate,0.95,0.02,strong,unclear,1.0,0.5,mixed,0.5,auto,v3,jev-1.13.0
nairaland-37c7cabffd93,not_about_candidate,0.96,0.02,strong,unclear,1.0,0.37,english,0.99,auto,v3,jev-1.13.0
nairaland-96f687c17107,not_about_candidate,0.75,0.02,strong,unclear,0.99,0.33,mixed,0.74,human_review,v3,jev-1.13.0
nairaland-13247abc8c10,not_about_candidate,0.49,0.02,moderate,unclear,1.0,0.53,mixed,0.4,human_review,v3,jev-1.13.0
nairaland-137bd6475cfd,negative,0.38,0.03,moderate,unclear,1.0,0.48,other,0.29,human_review,v3,jev-1.13.0
nairaland-d73ed9dbacbe,not_about_candidate,0.97,0.02,strong,unclear,1.0,0.82,english,0.98,auto,v3,jev-1.13.0
nairaland-288b8e870e15,not_about_candidate,0.84,0.02,very_strong,unclear,1.0,0.56,english,0.99,auto,v3,jev-1.13.0
nairaland-8f7ea51352ec,not_about_candidate,0.29,0.03,strong,unclear,1.0,0.64,english,0.42,human_review,v3,jev-1.13.0
nairaland-921d02c2f59f,not_about_candidate,0.31,0.03,strong,unclear,0.99,0.36,mixed,0.72,human_review,v3,jev-1.13.0
nairaland-a224a2fba155,not_about_candidate,0.68,0.02,strong,unclear,0.96,0.68,english,0.79,human_review,v3,jev-1.13.0
nairaland-2c83733ed265,not_about_candidate,0.58,0.03,moderate,unclear,0.6,0.31,mixed,0.57,human_review,v3,jev-1.13.0
nairaland-547d43e39149,negative,0.36,0.03,strong,unclear,0.98,0.47,english,0.9,human_review,v3,jev-1.13.0
nairaland-cc8a9614e92e,not_about_candidate,0.77,0.03,strong,unclear,1.0,0.57,mixed,0.61,human_review,v3,jev-1.13.0
nairaland-6cdb1eb403d0,not_about_candidate,0.92,0.02,strong,unclear,1.0,0.77,english,0.97,auto,v3,jev-1.13.0
nairaland-8be139ddc518,not_about_candidate,0.94,0.02,very_strong,unclear,1.0,0.3,mixed,0.61,auto,v3,jev-1.13.0
nairaland-8d7a0a7ed591,not_about_candidate,0.77,0.02,strong,unclear,0.99,0.74,english,0.65,human_review,v3,jev-1.13.0
nairaland-cb295c7050cf,negative,0.74,0.09,strong,unclear,0.96,0.52,mixed,0.82,human_review,v3,jev-1.13.0
nairaland-a342eb3bf4b5,not_about_candidate,0.81,0.05,calm,unclear,1.0,0.14,english,0.88,auto,v3,jev-1.13.0
nairaland-1db0264955cc,not_about_candidate,0.98,0.02,strong,unclear,1.0,0.67,english,0.62,auto,v3,jev-1.13.0
nairaland-4b3b659a6abc,not_about_candidate,0.98,0.02,strong,unclear,1.0,0.64,english,1.0,auto,v3,jev-1.13.0
nairaland-32a2acbaf719,not_about_candidate,0.87,0.02,strong,unclear,1.0,0.49,english,0.9,auto,v3,jev-1.13.0
nairaland-6b2ab7546c96,not_about_candidate,0.9,0.02,very_strong,unclear,1.0,0.74,english,0.99,auto,v3,jev-1.13.0
nairaland-139483d907a4,negative,0.68,0.03,strong,unclear,0.47,0.42,english,0.72,human_review,v3,jev-1.13.0
nairaland-e8a7c0cb5cac,not_about_candidate,0.94,0.02,strong,unclear,1.0,0.35,mixed,0.56,auto,v3,jev-1.13.0
nairaland-f69e4aed0474,not_about_candidate,1.0,0.02,moderate,unclear,0.99,0.07,mixed,0.51,auto,v3,jev-1.13.0
nairaland-0f9a4da2c604,not_about_candidate,0.98,0.02,strong,unclear,1.0,0.45,mixed,0.68,auto,v3,jev-1.13.0
nairaland-654b2a13336f,not_about_candidate,0.62,0.02,strong,unclear,1.0,0.3,english,0.86,human_review,v3,jev-1.13.0
nairaland-1b9a0fd54688,negative,0.65,0.05,strong,unclear,1.0,0.31,mixed,0.84,human_review,v3,jev-1.13.0
nairaland-cc270d6303db,not_about_candidate,0.61,0.03,mild,unclear,0.96,0.17,mixed,0.91,human_review,v3,jev-1.13.0
nairaland-f8d4bb33616b,negative,0.85,0.07,strong,unclear,1.0,0.34,english,0.99,auto,v3,jev-1.13.0
nairaland-539943dcd867,not_about_candidate,1.0,0.01,moderate,unclear,0.99,0.06,mixed,0.41,auto,v3,jev-1.13.0
nairaland-c7f3c83ae80a,negative,0.41,0.03,strong,unclear,0.99,0.25,mixed,0.84,human_review,v3,jev-1.13.0
nairaland-d250e6285d11,not_about_candidate,0.73,0.02,strong,unclear,1.0,0.6,mixed,0.75,human_review,v3,jev-1.13.0
nairaland-f26db97ac2ea,not_about_candidate,0.92,0.02,moderate,Warji,0.53,0.11,mixed,0.48,human_review,v3,jev-1.13.0
nairaland-386b6d9d6c96,not_about_candidate,0.62,0.02,strong,unclear,0.99,0.29,english,0.92,human_review,v3,jev-1.13.0
nairaland-940938c6e7ce,not_about_candidate,0.99,0.02,strong,unclear,0.99,0.08,mixed,0.46,auto,v3,jev-1.13.0
nairaland-adee7c062689,not_about_candidate,0.96,0.02,strong,unclear,1.0,0.76,mixed,0.51,auto,v3,jev-1.13.0
nairaland-c4910cc665bc,not_about_candidate,0.62,0.03,strong,unclear,0.92,0.36,mixed,0.49,human_review,v3,jev-1.13.0
nairaland-ca092f2582d8,not_about_candidate,0.72,0.02,moderate,unclear,0.46,0.26,mixed,0.49,human_review,v3,jev-1.13.0
nairaland-f3aa6fad1d53,not_about_candidate,0.69,0.03,moderate,unclear,0.68,0.13,mixed,0.55,human_review,v3,jev-1.13.0
nairaland-9f74869804f9,not_about_candidate,0.81,0.03,strong,unclear,0.44,0.15,mixed,0.65,human_review,v3,jev-1.13.0
nairaland-96ee2746b026,not_about_candidate,0.98,0.02,strong,unclear,1.0,0.74,english,0.98,auto,v3,jev-1.13.0
nairaland-243dc3682944,negative,0.29,0.05,strong,unclear,1.0,0.78,english,0.99,human_review,v3,jev-1.13.0
nairaland-9f01da69e313,not_about_candidate,0.99,0.01,strong,unclear,1.0,0.58,english,0.76,auto,v3,jev-1.13.0
nairaland-5402ed785ef4,not_about_candidate,0.99,0.02,very_strong,unclear,1.0,0.52,english,1.0,auto,v3,jev-1.13.0
nairaland-37e4502adc76,not_about_candidate,0.99,0.02,calm,unclear,0.99,0.36,english,0.94,auto,v3,jev-1.13.0
nairaland-c1744ab0da74,not_about_candidate,0.99,0.02,calm,unclear,0.81,0.1,english,0.89,auto,v3,jev-1.13.0
nairaland-d6fce8e21f49,negative,0.83,0.06,moderate,unclear,1.0,0.24,english,1.0,auto,v3,jev-1.13.0
nairaland-80ec75970cf4,not_about_candidate,0.64,0.02,strong,unclear,0.99,0.12,mixed,0.24,human_review,v3,jev-1.13.0
nairaland-eabbf795c408,not_about_candidate,0.99,0.02,moderate,unclear,1.0,0.85,english,0.96,auto,v3,jev-1.13.0
nairaland-4d09d87778bc,not_about_candidate,0.96,0.02,strong,unclear,1.0,0.82,english,0.69,auto,v3,jev-1.13.0
nairaland-8d5ec5d363bb,not_about_candidate,0.99,0.02,moderate,unclear,1.0,0.71,english,1.0,auto,v3,jev-1.13.0
nairaland-c96ea3b38da2,not_about_candidate,0.84,0.02,strong,unclear,0.99,0.5,english,0.68,auto,v3,jev-1.13.0
nairaland-be01b60daad1,not_about_candidate,0.95,0.02,strong,unclear,1.0,0.69,english,0.98,auto,v3,jev-1.13.0
nairaland-0ee192357ce1,not_about_candidate,0.98,0.02,strong,unclear,0.99,0.66,mixed,0.63,auto,v3,jev-1.13.0
nairaland-3a58147e3720,not_about_candidate,0.98,0.02,strong,unclear,1.0,0.76,english,0.41,auto,v3,jev-1.13.0
nairaland-ab421074ae28,not_about_candidate,0.99,0.02,strong,unclear,1.0,0.53,english,0.99,auto,v3,jev-1.13.0
nairaland-9ea58c79f4f0,negative,0.6,0.03,strong,unclear,1.0,0.36,english,0.95,human_review,v3,jev-1.13.0
nairaland-b849d11e446f,not_about_candidate,0.99,0.02,strong,unclear,1.0,0.62,english,0.68,auto,v3,jev-1.13.0
nairaland-fbb59a6ffdee,not_about_candidate,0.87,0.09,calm,unclear,1.0,0.24,english,0.96,auto,v3,jev-1.13.0
nairaland-8b61900ba655,not_about_candidate,0.7,0.02,strong,unclear,0.91,0.68,mixed,0.76,human_review,v3,jev-1.13.0
nairaland-b4df5a322be7,negative,0.86,0.03,very_strong,unclear,1.0,0.27,english,0.37,auto,v3,jev-1.13.0
nairaland-afe14741204f,not_about_candidate,0.38,0.04,calm,unclear,1.0,0.36,english,0.88,human_review,v3,jev-1.13.0
nairaland-8a561e2dc13c,not_about_candidate,0.98,0.02,strong,unclear,0.99,0.68,english,0.66,auto,v3,jev-1.13.0
nairaland-c3847d229be3,not_about_candidate,0.97,0.02,strong,unclear,1.0,0.68,english,0.76,auto,v3,jev-1.13.0
nairaland-4562bfec7d8a,not_about_candidate,0.94,0.02,calm,unclear,0.99,0.64,english,0.94,auto,v3,jev-1.13.0
nairaland-ee73fe491a39,negative,0.45,0.05,calm,unclear,0.98,0.37,english,0.77,human_review,v3,jev-1.13.0
nairaland-2b9fb82046d3,not_about_candidate,0.98,0.02,very_strong,unclear,1.0,0.47,mixed,0.61,auto,v3,jev-1.13.0
nairaland-0baaf2418845,not_about_candidate,0.96,0.02,strong,unclear,1.0,0.58,english,0.97,auto,v3,jev-1.13.0
nairaland-4bd6684db949,negative,0.86,0.05,strong,unclear,0.88,0.19,english,0.32,auto,v3,jev-1.13.0
nairaland-aaad099a7c63,negative,0.48,0.09,strong,unclear,0.55,0.79,english,0.7,human_review,v3,jev-1.13.0
nairaland-ddf9b88257e1,not_about_candidate,0.39,0.03,moderate,unclear,1.0,0.13,english,1.0,human_review,v3,jev-1.13.0
nairaland-8e0b605e71e3,not_about_candidate,0.91,0.02,strong,unclear,1.0,0.69,english,0.68,auto,v3,jev-1.13.0
nairaland-4d7d8e9d538a,not_about_candidate,0.84,0.02,strong,unclear,0.93,0.81,mixed,0.82,auto,v3,jev-1.13.0
nairaland-caecbd17c5ac,not_about_candidate,0.54,0.03,strong,unclear,0.99,0.23,english,0.9,human_review,v3,jev-1.13.0
nairaland-3f979e466d67,not_about_candidate,0.47,0.02,strong,unclear,0.93,0.25,english,0.65,human_review,v3,jev-1.13.0
nairaland-5d0a78d7c137,not_about_candidate,1.0,0.02,strong,unclear,1.0,0.65,english,1.0,auto,v3,jev-1.13.0
nairaland-30253be67595,not_about_candidate,0.6,0.02,strong,unclear,1.0,0.52,english,0.59,human_review,v3,jev-1.13.0
nairaland-93b58e48be4e,not_about_candidate,0.99,0.02,strong,unclear,1.0,0.74,mixed,0.59,auto,v3,jev-1.13.0
nairaland-719c421d1564,not_about_candidate,0.85,0.04,calm,unclear,0.64,0.22,english,0.98,human_review,v3,jev-1.13.0
nairaland-b5dcc7f79c3a,negative,0.6,0.04,strong,unclear,1.0,0.21,english,1.0,human_review,v3,jev-1.13.0
nairaland-4df30fb2c135,not_about_candidate,0.94,0.02,strong,unclear,0.99,0.18,mixed,0.38,auto,v3,jev-1.13.0
nairaland-15d68077e22c,not_about_candidate,0.94,0.03,moderate,unclear,1.0,0.19,mixed,0.49,auto,v3,jev-1.13.0
nairaland-32db2c4681fc,not_about_candidate,0.49,0.03,moderate,unclear,0.99,0.23,english,0.51,human_review,v3,jev-1.13.0
nairaland-2db6a24ca121,not_about_candidate,0.55,0.04,mild,unclear,0.98,0.34,english,0.74,human_review,v3,jev-1.13.0
nairaland-87b207477445,not_about_candidate,1.0,0.01,very_strong,unclear,1.0,0.51,english,0.95,auto,v3,jev-1.13.0
nairaland-207b20f8b95e,not_about_candidate,0.94,0.02,very_strong,unclear,1.0,0.21,english,0.49,auto,v3,jev-1.13.0
nairaland-a67d93c4cc2d,not_about_candidate,0.99,0.02,mild,unclear,1.0,0.57,english,0.89,auto,v3,jev-1.13.0
nairaland-07c1289f66ac,not_about_candidate,0.94,0.04,calm,unclear,1.0,0.5,english,0.82,auto,v3,jev-1.13.0
nairaland-9ffb494297c0,not_about_candidate,0.99,0.02,strong,unclear,1.0,0.72,english,0.77,auto,v3,jev-1.13.0
nairaland-17f3201bec6e,not_about_candidate,0.99,0.02,very_strong,unclear,1.0,0.73,english,0.86,auto,v3,jev-1.13.0
nairaland-44d8648bb1f3,not_about_candidate,0.98,0.02,very_strong,unclear,1.0,0.74,english,0.79,auto,v3,jev-1.13.0
nairaland-792fbbb2a8e5,not_about_candidate,0.95,0.02,very_strong,unclear,1.0,0.68,english,0.74,auto,v3,jev-1.13.0
nairaland-3c9ae2b66022,not_about_candidate,0.98,0.02,strong,unclear,1.0,0.74,english,0.97,auto,v3,jev-1.13.0
nairaland-d7d63c6f59a8,not_about_candidate,0.66,0.02,strong,unclear,1.0,0.76,english,0.97,human_review,v3,jev-1.13.0
nairaland-9b73da544bde,not_about_candidate,1.0,0.02,strong,unclear,1.0,0.81,english,0.99,auto,v3,jev-1.13.0
nairaland-e3470140abcb,not_about_candidate,1.0,0.02,strong,unclear,1.0,0.77,english,0.98,auto,v3,jev-1.13.0
nairaland-fde5a103013b,not_about_candidate,1.0,0.02,very_strong,unclear,1.0,0.7,mixed,0.55,auto,v3,jev-1.13.0
nairaland-05275535bee5,not_about_candidate,0.99,0.02,very_strong,unclear,1.0,0.43,mixed,0.49,auto,v3,jev-1.13.0
nairaland-47573d828042,not_about_candidate,1.0,0.02,strong,unclear,1.0,0.76,english,0.64,auto,v3,jev-1.13.0
nairaland-3addae3109fe,not_about_candidate,1.0,0.02,strong,unclear,1.0,0.78,english,0.49,auto,v3,jev-1.13.0
nairaland-5bb88a28ee7d,not_about_candidate,0.95,0.02,strong,unclear,0.98,0.92,english,0.65,auto,v3,jev-1.13.0
nairaland-eb40b3581505,not_about_candidate,0.62,0.02,strong,unclear,0.98,0.86,english,0.8,human_review,v3,jev-1.13.0
nairaland-59775fd07573,not_about_candidate,0.85,0.03,moderate,unclear,0.99,0.62,mixed,0.59,auto,v3,jev-1.13.0
nairaland-7573ca94885b,not_about_candidate,0.45,0.09,calm,unclear,0.98,0.24,english,0.67,human_review,v3,jev-1.13.0
nairaland-d1da0f433742,not_about_candidate,1.0,0.02,strong,unclear,1.0,0.75,english,0.93,auto,v3,jev-1.13.0
nairaland-66712eb942f1,not_about_candidate,1.0,0.02,strong,unclear,1.0,0.78,english,0.93,auto,v3,jev-1.13.0
nairaland-32d47a49f3dc,not_about_candidate,0.85,0.02,strong,unclear,1.0,0.53,mixed,0.35,auto,v3,jev-1.13.0
nairaland-e38a2ac22f36,negative,0.38,0.02,strong,unclear,0.94,0.39,english,0.41,human_review,v3,jev-1.13.0
nairaland-b5049414b346,not_about_candidate,0.99,0.01,very_strong,unclear,1.0,0.69,english,0.95,auto,v3,jev-1.13.0
nairaland-e602f2b8d892,not_about_candidate,0.96,0.02,very_strong,unclear,1.0,0.62,english,0.99,auto,v3,jev-1.13.0
nairaland-2dbd9e8f00d1,not_about_candidate,0.95,0.02,strong,unclear,1.0,0.66,english,0.48,auto,v3,jev-1.13.0
nairaland-147c8cfc2f98,negative,0.63,0.04,strong,unclear,0.98,0.5,mixed,0.7,human_review,v3,jev-1.13.0
nairaland-1ca6a6cf0ade,not_about_candidate,0.98,0.01,very_strong,unclear,1.0,0.7,english,0.97,auto,v3,jev-1.13.0
nairaland-2f936ebf0b50,not_about_candidate,0.96,0.01,very_strong,unclear,1.0,0.66,english,0.98,auto,v3,jev-1.13.0
nairaland-7622589f1c7f,not_about_candidate,0.99,0.02,mild,unclear,1.0,0.6,english,0.88,auto,v3,jev-1.13.0
nairaland-9046103d2f9a,not_about_candidate,0.96,0.02,mild,unclear,1.0,0.76,english,0.82,auto,v3,jev-1.13.0
nairaland-35e2a3628879,not_about_candidate,0.87,0.02,strong,unclear,0.99,0.45,english,0.95,auto,v3,jev-1.13.0
nairaland-051171dea52a,not_about_candidate,0.45,0.03,strong,unclear,1.0,0.19,english,0.99,human_review,v3,jev-1.13.0
nairaland-9313ccd434f3,not_about_candidate,0.93,0.02,strong,unclear,0.99,0.58,english,0.87,auto,v3,jev-1.13.0
nairaland-12cca95db3f0,negative,0.45,0.04,moderate,unclear,1.0,0.27,english,0.98,human_review,v3,jev-1.13.0
nairaland-0865bd622023,not_about_candidate,0.99,0.02,strong,unclear,1.0,0.7,english,0.95,auto,v3,jev-1.13.0
nairaland-d791d0383ccf,not_about_candidate,0.93,0.02,strong,unclear,1.0,0.51,english,0.98,auto,v3,jev-1.13.0
nairaland-736ebe72c419,not_about_candidate,0.99,0.02,strong,unclear,1.0,0.65,english,0.91,auto,v3,jev-1.13.0
nairaland-917985646f97,not_about_candidate,1.0,0.02,moderate,unclear,1.0,0.51,english,0.97,auto,v3,jev-1.13.0
nairaland-e8f44a075236,not_about_candidate,0.97,0.02,very_strong,unclear,1.0,0.63,english,0.91,auto,v3,jev-1.13.0
nairaland-64b5512ed078,not_about_candidate,0.4,0.03,strong,unclear,0.99,0.48,english,0.99,human_review,v3,jev-1.13.0
nairaland-8c064b9c6776,not_about_candidate,0.98,0.02,moderate,unclear,1.0,0.55,english,0.89,auto,v3,jev-1.13.0
nairaland-217000344d05,not_about_candidate,0.71,0.02,strong,unclear,1.0,0.51,english,0.86,human_review,v3,jev-1.13.0
nairaland-d148ea601052,not_about_candidate,0.87,0.02,moderate,unclear,0.99,0.52,english,0.9,auto,v3,jev-1.13.0
nairaland-e075bf137572,not_about_candidate,0.56,0.02,mild,unclear,0.84,0.43,english,0.92,human_review,v3,jev-1.13.0
nairaland-d1336a60665c,not_about_candidate,0.99,0.02,strong,unclear,1.0,0.69,english,0.93,auto,v3,jev-1.13.0
nairaland-fcb35b3b02ea,not_about_candidate,0.95,0.02,strong,unclear,1.0,0.65,english,0.76,auto,v3,jev-1.13.0
nairaland-511f6f10357f,not_about_candidate,0.95,0.02,moderate,unclear,0.99,0.56,english,0.9,auto,v3,jev-1.13.0
nairaland-f5d6097d7d5c,not_about_candidate,0.99,0.07,mild,unclear,1.0,0.15,english,1.0,auto,v3,jev-1.13.0
nairaland-886d043cd45a,not_about_candidate,0.98,0.02,moderate,unclear,1.0,0.61,mixed,0.78,auto,v3,jev-1.13.0
nairaland-928559311cff,not_about_candidate,0.84,0.02,moderate,unclear,1.0,0.35,mixed,0.77,auto,v3,jev-1.13.0
nairaland-a8f41f5035c3,not_about_candidate,0.71,0.03,very_strong,unclear,1.0,0.59,english,0.96,human_review,v3,jev-1.13.0
nairaland-ef32aca24ccd,not_about_candidate,0.58,0.03,very_strong,unclear,0.99,0.51,english,0.99,human_review,v3,jev-1.13.0
nairaland-645728ae2579,not_about_candidate,0.96,0.02,strong,unclear,1.0,0.62,english,0.9,auto,v3,jev-1.13.0
nairaland-b74d5e0f9bd0,not_about_candidate,0.59,0.05,strong,unclear,1.0,0.29,english,0.99,human_review,v3,jev-1.13.0
nairaland-c85086ea47bd,not_about_candidate,1.0,0.01,strong,unclear,1.0,0.75,english,0.97,auto,v3,jev-1.13.0
nairaland-5aa41855a602,not_about_candidate,0.94,0.02,strong,unclear,1.0,0.72,english,0.99,auto,v3,jev-1.13.0
nairaland-7f14659f9941,not_about_candidate,0.98,0.02,strong,unclear,1.0,0.62,mixed,0.67,auto,v3,jev-1.13.0
nairaland-55a5a8aa66ed,not_about_candidate,0.84,0.03,moderate,unclear,1.0,0.35,mixed,0.73,auto,v3,jev-1.13.0
nairaland-f0904ad1b4fa,not_about_candidate,0.95,0.02,strong,unclear,0.99,0.51,english,0.35,auto,v3,jev-1.13.0
nairaland-bf5a1f00ffab,not_about_candidate,0.54,0.03,strong,unclear,1.0,0.26,english,0.62,human_review,v3,jev-1.13.0
nairaland-b8b71f700d6f,not_about_candidate,0.99,0.02,very_strong,unclear,1.0,0.7,english,0.96,auto,v3,jev-1.13.0
nairaland-b9bbc93b1964,not_about_candidate,0.98,0.02,very_strong,unclear,1.0,0.65,english,0.99,auto,v3,jev-1.13.0
nairaland-19d4fbc92703,not_about_candidate,0.97,0.02,moderate,unclear,0.99,0.63,english,0.93,auto,v3,jev-1.13.0
nairaland-510ca521935f,not_about_candidate,0.79,0.03,moderate,unclear,0.99,0.37,english,0.97,human_review,v3,jev-1.13.0
nairaland-4888bd27a3ad,not_about_candidate,0.76,0.02,very_strong,unclear,1.0,0.6,english,0.93,human_review,v3,jev-1.13.0
nairaland-8e8d3f002245,not_about_candidate,0.42,0.03,very_strong,unclear,0.99,0.58,english,0.99,human_review,v3,jev-1.13.0
nairaland-94b608b30bc6,not_about_candidate,1.0,0.01,very_strong,unclear,1.0,0.8,english,0.88,auto,v3,jev-1.13.0
nairaland-cfdc90cf8d72,not_about_candidate,0.99,0.02,very_strong,unclear,1.0,0.85,english,0.92,auto,v3,jev-1.13.0
nairaland-65a89507d27f,not_about_candidate,0.99,0.01,very_strong,unclear,1.0,0.69,english,0.95,auto,v3,jev-1.13.0
nairaland-a42b3b02cbad,not_about_candidate,0.99,0.01,very_strong,unclear,1.0,0.43,english,0.98,auto,v3,jev-1.13.0
nairaland-676d83160de0,not_about_candidate,0.79,0.03,strong,unclear,0.98,0.66,mixed,0.86,human_review,v3,jev-1.13.0
nairaland-2ab7e30187e4,negative,0.58,0.04,moderate,unclear,0.93,0.25,mixed,0.85,human_review,v3,jev-1.13.0
nairaland-756545e577b1,not_about_candidate,0.99,0.01,very_strong,unclear,1.0,0.66,english,0.97,auto,v3,jev-1.13.0
nairaland-a327a51d7ad7,not_about_candidate,0.99,0.01,strong,unclear,1.0,0.67,english,1.0,auto,v3,jev-1.13.0
nairaland-7d297e049f49,not_about_candidate,0.92,0.02,mild,unclear,0.99,0.62,mixed,0.65,auto,v3,jev-1.13.0
nairaland-cd0c0b3e8b33,negative,0.39,0.06,mild,unclear,0.98,0.51,english,0.82,human_review,v3,jev-1.13.0
nairaland-319a030a3f38,not_about_candidate,0.94,0.02,strong,unclear,0.99,0.66,english,0.93,auto,v3,jev-1.13.0
nairaland-9a921b522ecc,negative,0.62,0.04,strong,unclear,0.95,0.5,english,0.9,human_review,v3,jev-1.13.0
nairaland-38c6ab58fa2e,not_about_candidate,1.0,0.02,moderate,unclear,1.0,0.6,english,0.97,auto,v3,jev-1.13.0
nairaland-8e4589d65860,not_about_candidate,1.0,0.02,moderate,unclear,1.0,0.56,english,0.98,auto,v3,jev-1.13.0
nairaland-ce08172c6568,not_about_candidate,0.91,0.02,strong,unclear,0.99,0.66,mixed,0.83,auto,v3,jev-1.13.0
nairaland-79488610a0af,negative,0.52,0.04,moderate,unclear,0.98,0.23,mixed,0.83,human_review,v3,jev-1.13.0
nairaland-39e051d9fe66,not_about_candidate,1.0,0.02,very_strong,unclear,1.0,0.49,english,0.95,auto,v3,jev-1.13.0
nairaland-9d1acdcee285,not_about_candidate,0.99,0.02,very_strong,unclear,1.0,0.44,english,0.99,auto,v3,jev-1.13.0
nairaland-74a1f3c47d6d,not_about_candidate,1.0,0.02,strong,unclear,1.0,0.65,english,0.97,auto,v3,jev-1.13.0
nairaland-cd311393d655,not_about_candidate,1.0,0.02,strong,unclear,1.0,0.65,english,0.97,auto,v3,jev-1.13.0
nairaland-745a866a0a21,not_about_candidate,1.0,0.01,strong,unclear,1.0,0.7,english,0.98,auto,v3,jev-1.13.0
nairaland-1cef3eff129a,not_about_candidate,1.0,0.01,strong,unclear,1.0,0.67,english,1.0,auto,v3,jev-1.13.0
nairaland-00b22d56c149,not_about_candidate,0.99,0.02,strong,unclear,1.0,0.4,english,0.96,auto,v3,jev-1.13.0
nairaland-9edc3486c63c,not_about_candidate,0.99,0.02,strong,unclear,1.0,0.08,english,0.95,auto,v3,jev-1.13.0
nairaland-830e8f03d5c5,not_about_candidate,0.97,0.02,strong,unclear,1.0,0.6,english,0.91,auto,v3,jev-1.13.0
nairaland-b1a5fadb2aeb,not_about_candidate,0.95,0.02,strong,unclear,1.0,0.46,english,0.92,auto,v3,jev-1.13.0
nairaland-05c6a5398359,not_about_candidate,0.98,0.02,strong,unclear,1.0,0.67,english,0.93,auto,v3,jev-1.13.0
nairaland-da732495b634,not_about_candidate,0.94,0.02,very_strong,unclear,0.99,0.66,english,0.95,auto,v3,jev-1.13.0
nairaland-0fcb49c80029,not_about_candidate,0.98,0.02,mild,unclear,1.0,0.55,english,0.93,auto,v3,jev-1.13.0
nairaland-fe921c088fc6,not_about_candidate,0.62,0.04,mild,unclear,1.0,0.15,english,1.0,human_review,v3,jev-1.13.0
nairaland-92acf808dd1f,not_about_candidate,1.0,0.01,strong,unclear,1.0,0.54,english,0.82,auto,v3,jev-1.13.0
nairaland-5e2a4da321d9,not_about_candidate,0.98,0.02,strong,unclear,1.0,0.53,english,0.98,auto,v3,jev-1.13.0
nairaland-072180cad2da,not_about_candidate,0.93,0.02,strong,unclear,1.0,0.59,english,0.92,auto,v3,jev-1.13.0
nairaland-ce0484447abe,negative,0.87,0.03,strong,unclear,0.97,0.44,english,0.97,auto,v3,jev-1.13.0
nairaland-d1e0c5ac964c,not_about_candidate,0.9,0.02,strong,unclear,1.0,0.56,english,0.77,auto,v3,jev-1.13.0
nairaland-77387cc63011,negative,0.6,0.02,strong,unclear,1.0,0.25,english,0.9,human_review,v3,jev-1.13.0
nairaland-9c331a928a0a,not_about_candidate,0.98,0.02,very_strong,unclear,1.0,0.2,english,0.97,auto,v3,jev-1.13.0
nairaland-a068ea129995,not_about_candidate,0.86,0.02,very_strong,unclear,1.0,0.08,english,1.0,auto,v3,jev-1.13.0
nairaland-cdc3c3e32f4f,not_about_candidate,0.98,0.02,strong,unclear,1.0,0.59,english,0.93,auto,v3,jev-1.13.0
nairaland-48ebb60ad4f9,not_about_candidate,0.92,0.04,calm,unclear,0.98,0.25,english,0.94,auto,v3,jev-1.13.0
nairaland-d0ac8d02dc83,not_about_candidate,0.8,0.02,strong,unclear,0.99,0.61,english,0.82,auto,v3,jev-1.13.0
nairaland-383164785768,negative,0.55,0.04,moderate,unclear,0.98,0.29,english,0.97,human_review,v3,jev-1.13.0
nairaland-46740dc9d622,not_about_candidate,0.99,0.02,strong,unclear,0.99,0.86,english,0.99,auto,v3,jev-1.13.0
nairaland-e6979565c06d,not_about_candidate,0.99,0.02,strong,unclear,0.99,0.87,english,0.99,auto,v3,jev-1.13.0
nairaland-e80b9801bac8,not_about_candidate,0.8,0.02,strong,unclear,0.99,0.64,english,0.95,auto,v3,jev-1.13.0
nairaland-d8624e9fa80c,negative,0.18,0.04,mild,unclear,1.0,0.34,english,1.0,human_review,v3,jev-1.13.0
nairaland-354cf27fdcea,not_about_candidate,0.93,0.02,strong,unclear,0.99,0.59,english,0.71,auto,v3,jev-1.13.0
nairaland-7fcd9df05926,negative,0.45,0.03,strong,unclear,1.0,0.26,english,0.74,human_review,v3,jev-1.13.0
nairaland-36872e6d7463,not_about_candidate,0.96,0.03,strong,unclear,1.0,0.56,mixed,0.87,auto,v3,jev-1.13.0
nairaland-26b01fe01e93,not_about_candidate,0.97,0.02,strong,unclear,1.0,0.11,mixed,0.75,auto,v3,jev-1.13.0
nairaland-f66d8664e418,not_about_candidate,0.93,0.02,strong,unclear,0.99,0.49,english,0.74,auto,v3,jev-1.13.0
nairaland-d9e738dd87bd,negative,0.45,0.03,moderate,unclear,1.0,0.17,english,0.89,human_review,v3,jev-1.13.0
nairaland-395d74814b5f,not_about_candidate,0.98,0.02,strong,unclear,1.0,0.66,mixed,0.6,auto,v3,jev-1.13.0
nairaland-e34a41e38733,not_about_candidate,0.91,0.02,strong,unclear,0.99,0.62,mixed,0.66,auto,v3,jev-1.13.0
nairaland-33d3ec9d3400,not_about_candidate,0.98,0.02,very_strong,unclear,1.0,0.83,mixed,0.72,auto,v3,jev-1.13.0
nairaland-d22ebcb6ef23,not_about_candidate,0.84,0.02,very_strong,unclear,1.0,0.82,mixed,0.77,auto,v3,jev-1.13.0
nairaland-571960f46f9f,not_about_candidate,1.0,0.02,mild,unclear,1.0,0.38,english,0.98,auto,v3,jev-1.13.0
nairaland-039e7a713c78,not_about_candidate,0.99,0.03,mild,unclear,1.0,0.41,english,0.98,auto,v3,jev-1.13.0
nairaland-b6feb362d39e,not_about_candidate,0.98,0.02,mild,unclear,0.99,0.57,english,0.92,auto,v3,jev-1.13.0
nairaland-abe9eb3e6915,not_about_candidate,0.76,0.09,mild,unclear,1.0,0.45,english,1.0,human_review,v3,jev-1.13.0
nairaland-41ef8db4165e,not_about_candidate,0.94,0.03,strong,unclear,1.0,0.57,english,0.9,auto,v3,jev-1.13.0
nairaland-4411b32c6290,negative,0.37,0.09,calm,unclear,1.0,0.34,english,1.0,human_review,v3,jev-1.13.0
nairaland-217543d8df13,not_about_candidate,0.99,0.02,very_strong,unclear,1.0,0.85,mixed,0.68,auto,v3,jev-1.13.0
nairaland-2d692efd0189,not_about_candidate,0.99,0.02,very_strong,unclear,1.0,0.84,mixed,0.73,auto,v3,jev-1.13.0
nairaland-5fc27db05340,not_about_candidate,0.99,0.02,strong,unclear,1.0,0.74,english,0.87,auto,v3,jev-1.13.0
nairaland-a8d92ebf4202,not_about_candidate,0.98,0.02,strong,unclear,1.0,0.74,english,0.95,auto,v3,jev-1.13.0
nairaland-75c1136bba44,not_about_candidate,0.99,0.02,strong,unclear,1.0,0.69,english,0.9,auto,v3,jev-1.13.0
nairaland-28c2317e29b4,not_about_candidate,0.98,0.02,strong,unclear,1.0,0.71,english,0.77,auto,v3,jev-1.13.0
nairaland-0cfa3f5c86d0,not_about_candidate,1.0,0.02,strong,unclear,1.0,0.66,english,0.94,auto,v3,jev-1.13.0
nairaland-0f1627fe5da5,not_about_candidate,0.99,0.02,strong,unclear,1.0,0.78,english,0.97,auto,v3,jev-1.13.0
nairaland-4febe1ae9d36,not_about_candidate,0.42,0.04,calm,unclear,1.0,0.57,mixed,0.78,human_review,v3,jev-1.13.0
nairaland-0640f126b9db,not_about_candidate,0.97,0.02,strong,unclear,0.99,0.72,mixed,0.84,auto,v3,jev-1.13.0
nairaland-2c011da01628,not_about_candidate,0.85,0.02,strong,unclear,1.0,0.17,english,0.98,auto,v3,jev-1.13.0
nairaland-9537145e37f6,not_about_candidate,0.98,0.02,very_strong,unclear,1.0,0.3,english,0.93,auto,v3,jev-1.13.0
nairaland-61d6f59e30c0,negative,0.63,0.02,very_strong,unclear,1.0,0.4,mixed,0.79,human_review,v3,jev-1.13.0
nairaland-7d541740bbfa,not_about_candidate,0.83,0.02,strong,unclear,0.98,0.69,english,0.73,auto,v3,jev-1.13.0
nairaland-9f2fe7a1a631,not_about_candidate,0.99,0.02,very_strong,unclear,1.0,0.42,mixed,0.35,auto,v3,jev-1.13.0
nairaland-a657996935bc,positive,0.64,0.03,strong,unclear,0.84,0.55,english,0.9,human_review,v3,jev-1.13.0
nairaland-c42c9b9f8ed1,not_about_candidate,0.98,0.03,calm,unclear,0.96,0.54,english,0.87,auto,v3,jev-1.13.0
nairaland-43c81250aaf2,not_about_candidate,0.68,0.03,moderate,unclear,0.98,0.33,english,0.93,human_review,v3,jev-1.13.0
nairaland-303275178686,not_about_candidate,0.99,0.01,very_strong,unclear,1.0,0.9,english,0.97,auto,v3,jev-1.13.0
nairaland-5e69f49142d5,negative,0.9,0.04,very_strong,unclear,1.0,0.46,mixed,0.86,auto,v3,jev-1.13.0
nairaland-51005d34f831,negative,0.37,0.03,mild,unclear,0.97,0.26,english,0.76,human_review,v3,jev-1.13.0
nairaland-17118eccf708,not_about_candidate,1.0,0.02,strong,unclear,1.0,0.85,english,0.48,auto,v3,jev-1.13.0
nairaland-e2437adfe91b,not_about_candidate,1.0,0.02,moderate,unclear,1.0,0.8,english,0.95,auto,v3,jev-1.13.0
nairaland-1c03319cbba5,not_about_candidate,1.0,0.02,mild,unclear,1.0,0.49,english,0.97,auto,v3,jev-1.13.0
nairaland-94cfe6f94888,not_about_candidate,0.92,0.02,strong,unclear,1.0,0.71,mixed,0.64,auto,v3,jev-1.13.0
nairaland-70a6a0c34e7c,not_about_candidate,0.41,0.03,strong,unclear,1.0,0.64,mixed,0.69,human_review,v3,jev-1.13.0
nairaland-cc6e42908f1e,not_about_candidate,1.0,0.01,very_strong,unclear,1.0,0.71,mixed,0.45,auto,v3,jev-1.13.0
nairaland-5d92472ed5b9,not_about_candidate,1.0,0.02,very_strong,unclear,1.0,0.73,english,0.69,auto,v3,jev-1.13.0
nairaland-cf49dd70e3e9,not_about_candidate,0.94,0.02,strong,unclear,0.99,0.72,mixed,0.42,auto,v3,jev-1.13.0
nairaland-6b9a67d22699,not_about_candidate,0.88,0.02,strong,unclear,1.0,0.62,english,0.35,auto,v3,jev-1.13.0
nairaland-0de0ed38af9f,not_about_candidate,0.97,0.02,very_strong,unclear,0.99,0.41,english,0.47,auto,v3,jev-1.13.0
nairaland-fe0e290621ce,not_about_candidate,0.89,0.02,very_strong,unclear,1.0,0.33,english,0.67,auto,v3,jev-1.13.0
nairaland-3b8c7cb24ef6,not_about_candidate,0.97,0.02,strong,unclear,0.98,0.53,english,0.84,auto,v3,jev-1.13.0
nairaland-cfd9d53ae1a9,not_about_candidate,0.92,0.02,moderate,unclear,0.98,0.36,mixed,0.4,auto,v3,jev-1.13.0
nairaland-3b7812509f7e,not_about_candidate,0.95,0.02,very_strong,unclear,0.99,0.6,english,0.57,auto,v3,jev-1.13.0
nairaland-6f0a8a2d8934,not_about_candidate,0.72,0.03,mild,unclear,0.99,0.22,english,0.57,human_review,v3,jev-1.13.0
nairaland-3ef5acdab969,not_about_candidate,1.0,0.01,strong,unclear,1.0,0.46,english,0.99,auto,v3,jev-1.13.0
nairaland-f6b5d82c1988,not_about_candidate,0.93,0.02,strong,unclear,1.0,0.48,english,0.99,auto,v3,jev-1.13.0
nairaland-766f20572dba,not_about_candidate,0.84,0.02,strong,unclear,0.99,0.37,english,0.99,auto,v3,jev-1.13.0
nairaland-f38c49e3fe76,negative,0.95,0.05,strong,unclear,1.0,0.21,english,0.98,auto,v3,jev-1.13.0
nairaland-4aef11f8d219,not_about_candidate,0.99,0.01,very_strong,unclear,1.0,0.51,english,0.6,auto,v3,jev-1.13.0
nairaland-301d896fec7c,not_about_candidate,0.54,0.03,very_strong,unclear,1.0,0.4,english,0.83,human_review,v3,jev-1.13.0
nairaland-8a99e5e767c3,not_about_candidate,0.99,0.02,strong,unclear,1.0,0.65,english,0.98,auto,v3,jev-1.13.0
nairaland-751944cdaa97,not_about_candidate,0.99,0.02,strong,unclear,1.0,0.56,english,0.94,auto,v3,jev-1.13.0
nairaland-830bae8a162d,not_about_candidate,0.96,0.02,strong,unclear,1.0,0.46,english,0.95,auto,v3,jev-1.13.0
nairaland-0b779410c6ef,not_about_candidate,0.9,0.04,mild,unclear,0.99,0.41,english,0.42,auto,v3,jev-1.13.0
nairaland-84a3a59670c6,not_about_candidate,0.86,0.02,strong,unclear,1.0,0.34,english,0.97,auto,v3,jev-1.13.0
nairaland-d36261e65636,not_about_candidate,0.39,0.03,strong,unclear,1.0,0.3,english,0.96,human_review,v3,jev-1.13.0
nairaland-f349228f8acc,not_about_candidate,0.95,0.02,strong,unclear,0.99,0.43,english,0.84,auto,v3,jev-1.13.0
nairaland-67ec65ab4658,not_about_candidate,0.86,0.03,moderate,unclear,0.99,0.36,english,0.52,auto,v3,jev-1.13.0
nairaland-ebdabbcbe290,not_about_candidate,0.98,0.02,strong,unclear,1.0,0.58,mixed,0.5,auto,v3,jev-1.13.0
nairaland-994dd39963fb,not_about_candidate,0.84,0.02,moderate,unclear,0.98,0.44,mixed,0.62,auto,v3,jev-1.13.0
nairaland-869c039bb189,not_about_candidate,0.95,0.02,strong,unclear,1.0,0.5,english,0.89,auto,v3,jev-1.13.0
nairaland-7eec1c77005e,negative,0.8,0.03,strong,unclear,0.98,0.32,english,0.73,auto,v3,jev-1.13.0
nairaland-562bc34d1d4d,not_about_candidate,0.94,0.02,strong,unclear,0.99,0.73,mixed,0.77,auto,v3,jev-1.13.0
nairaland-e0f0432c4216,not_about_candidate,0.84,0.03,moderate,unclear,0.99,0.74,mixed,0.75,auto,v3,jev-1.13.0
nairaland-25aa342ba787,not_about_candidate,0.9,0.02,strong,unclear,0.98,0.56,mixed,0.7,auto,v3,jev-1.13.0
nairaland-530c6358d562,not_about_candidate,0.47,0.03,mild,unclear,0.93,0.28,english,0.39,human_review,v3,jev-1.13.0
nairaland-e5b13f43425f,not_about_candidate,0.75,0.03,strong,unclear,1.0,0.14,english,1.0,human_review,v3,jev-1.13.0
nairaland-5eba4112429e,negative,0.58,0.03,strong,unclear,0.93,0.52,english,0.79,human_review,v3,jev-1.13.0
nairaland-a849362fcc2e,not_about_candidate,1.0,0.02,mild,unclear,1.0,0.09,english,1.0,auto,v3,jev-1.13.0
nairaland-e221dab286f8,not_about_candidate,0.96,0.02,mild,unclear,0.99,0.11,mixed,0.65,auto,v3,jev-1.13.0
nairaland-73d9cea55c71,not_about_candidate,0.38,0.02,strong,unclear,1.0,0.36,english,1.0,human_review,v3,jev-1.13.0
nairaland-5f2854248193,negative,0.3,0.03,strong,unclear,1.0,0.82,english,0.99,human_review,v3,jev-1.13.0
nairaland-4110273b2709,negative,0.45,0.04,strong,unclear,1.0,0.28,mixed,0.86,human_review,v3,jev-1.13.0
nairaland-57baee9897c4,not_about_candidate,0.42,0.03,strong,unclear,1.0,0.27,english,0.9,human_review,v3,jev-1.13.0
nairaland-3dbf106c11b1,not_about_candidate,0.58,0.02,very_strong,unclear,0.99,0.3,english,0.93,human_review,v3,jev-1.13.0
nairaland-a9d716e05f33,not_about_candidate,0.36,0.04,calm,unclear,1.0,0.5,english,1.0,human_review,v3,jev-1.13.0
nairaland-fe487d719476,negative,0.33,0.03,strong,unclear,0.99,0.38,english,0.99,human_review,v3,jev-1.13.0
nairaland-5009f9aa98da,not_about_candidate,0.45,0.03,moderate,unclear,0.93,0.45,english,0.85,human_review,v3,jev-1.13.0
nairaland-a2b70c01f4ea,not_about_candidate,0.66,0.02,strong,unclear,1.0,0.46,english,0.58,human_review,v3,jev-1.13.0
nairaland-b98e9b11d56a,not_about_candidate,0.62,0.04,mild,unclear,0.97,0.27,english,0.97,human_review,v3,jev-1.13.0
nairaland-788aeae3a61c,not_about_candidate,0.6,0.02,strong,unclear,0.99,0.51,mixed,0.82,human_review,v3,jev-1.13.0
nairaland-9c377cb9a769,not_about_candidate,0.52,0.02,strong,unclear,1.0,0.46,english,0.57,human_review,v3,jev-1.13.0
nairaland-bed5afbcf7af,negative,0.53,0.04,very_strong,unclear,1.0,0.23,english,0.79,human_review,v3,jev-1.13.0
nairaland-329f40b4a5e8,negative,0.65,0.04,strong,unclear,1.0,0.13,english,1.0,human_review,v3,jev-1.13.0
nairaland-06e67c001096,not_about_candidate,0.61,0.04,moderate,unclear,0.93,0.59,english,0.84,human_review,v3,jev-1.13.0
nairaland-6cd40d138a9b,negative,0.55,0.03,strong,unclear,0.99,0.32,english,0.99,human_review,v3,jev-1.13.0
nairaland-6443c67a266a,negative,0.68,0.03,strong,unclear,0.98,0.35,english,0.34,human_review,v3,jev-1.13.0
nairaland-d864841af36b,not_about_candidate,0.97,0.02,very_strong,unclear,1.0,0.74,mixed,0.63,auto,v3,jev-1.13.0
nairaland-94d697f2be00,negative,0.48,0.03,very_strong,unclear,1.0,0.15,english,0.99,human_review,v3,jev-1.13.0
nairaland-82ffa39e8e81,not_about_candidate,0.99,0.02,strong,unclear,1.0,0.09,english,0.94,auto,v3,jev-1.13.0
nairaland-fea5e1d0c3a6,not_about_candidate,0.49,0.03,moderate,unclear,0.98,0.49,english,0.84,human_review,v3,jev-1.13.0
nairaland-6569903116cd,not_about_candidate,0.7,0.02,mild,unclear,1.0,0.46,english,0.77,human_review,v3,jev-1.13.0
nairaland-64e15ae9bf9d,not_about_candidate,0.98,0.02,strong,unclear,1.0,0.14,english,0.8,auto,v3,jev-1.13.0
nairaland-6d140727fef5,negative,0.19,0.03,strong,unclear,1.0,0.81,english,1.0,human_review,v3,jev-1.13.0
nairaland-44f1d2e246ee,not_about_candidate,0.4,0.04,mild,unclear,0.96,0.16,mixed,0.39,human_review,v3,jev-1.13.0
nairaland-37f8a1272ad5,not_about_candidate,1.0,0.02,strong,unclear,1.0,0.04,english,1.0,auto,v3,jev-1.13.0
news_punch-850a95251dd9,not_about_candidate,1.0,0.01,moderate,unclear,1.0,0.04,english,1.0,auto,v3,jev-1.13.0
news_punch-984b4656e645,not_about_candidate,0.99,0.02,mild,unclear,1.0,0.1,english,1.0,auto,v3,jev-1.13.0
news_punch-6c554d2ad834,not_about_candidate,1.0,0.02,moderate,unclear,1.0,0.71,english,1.0,auto,v3,jev-1.13.0
news_vanguard-da24cac3626e,not_about_candidate,1.0,0.02,calm,unclear,1.0,0.14,english,1.0,auto,v3,jev-1.13.0
news_vanguard-5b36b3c5e078,not_about_candidate,1.0,0.02,strong,unclear,1.0,0.89,english,1.0,auto,v3,jev-1.13.0
news_dailypost-d7de3d91c0e0,not_about_candidate,1.0,0.01,mild,unclear,1.0,0.15,english,1.0,auto,v3,jev-1.13.0
news_dailypost-f0a997ae0f55,not_about_candidate,1.0,0.02,moderate,unclear,0.99,0.36,english,0.58,auto,v3,jev-1.13.0
news_dailypost-91f6895d5370,not_about_candidate,1.0,0.02,strong,unclear,1.0,0.08,english,1.0,auto,v3,jev-1.13.0
news_dailypost-bbd8dfe784cc,not_about_candidate,1.0,0.02,moderate,unclear,1.0,0.58,english,1.0,auto,v3,jev-1.13.0
news_dailypost-2c321c66d6dc,not_about_candidate,1.0,0.02,calm,unclear,1.0,0.63,english,1.0,auto,v3,jev-1.13.0
news_dailypost-34aa345358ca,not_about_candidate,1.0,0.02,calm,unclear,0.97,0.52,english,1.0,auto,v3,jev-1.13.0
news_dailypost-05165a878c69,not_about_candidate,1.0,0.02,moderate,unclear,0.8,0.92,english,1.0,auto,v3,jev-1.13.0
news_dailypost-5f28b7c29f8f,not_about_candidate,0.38,0.72,mild,unclear,0.99,0.14,english,1.0,human_review,v3,jev-1.13.0
news_tribune-a543f30728ee,not_about_candidate,1.0,0.01,moderate,unclear,1.0,0.2,english,1.0,auto,v3,jev-1.13.0
news_tribune-4e27b6580e9b,not_about_candidate,1.0,0.02,strong,unclear,1.0,0.84,english,1.0,auto,v3,jev-1.13.0
news_tribune-7830f9c818a9,not_about_candidate,1.0,0.02,strong,unclear,1.0,0.62,english,0.94,auto,v3,jev-1.13.0
news_tribune-18293efbf8ae,not_about_candidate,1.0,0.02,calm,unclear,1.0,0.08,english,1.0,auto,v3,jev-1.13.0
news_tribune-ee7e172f3317,not_about_candidate,1.0,0.02,moderate,unclear,1.0,0.11,english,1.0,auto,v3,jev-1.13.0
news_dailytrust-675dd10ab516,not_about_candidate,1.0,0.01,calm,unclear,1.0,0.22,english,1.0,auto,v3,jev-1.13.0
news_dailytrust-7f176c03f990,not_about_candidate,1.0,0.01,calm,unclear,1.0,0.03,english,1.0,auto,v3,jev-1.13.0
news_dailytrust-5590699ed560,not_about_candidate,1.0,0.02,mild,unclear,1.0,0.16,english,1.0,auto,v3,jev-1.13.0
news_dailytrust-765409c50e50,not_about_candidate,0.98,0.03,moderate,unclear,1.0,0.33,english,0.98,auto,v3,jev-1.13.0
news_dailytrust-a1e3bef70136,not_about_candidate,1.0,0.02,moderate,unclear,1.0,0.07,english,1.0,auto,v3,jev-1.13.0
news_dailytrust-f5a738f98a10,not_about_candidate,1.0,0.02,strong,unclear,0.98,0.33,english,1.0,auto,v3,jev-1.13.0
news_premiumtimes-2a5dcfec59d7,not_about_candidate,1.0,0.01,mild,unclear,1.0,0.02,english,1.0,auto,v3,jev-1.13.0
news_premiumtimes-97df39902c56,not_about_candidate,1.0,0.01,strong,unclear,1.0,0.74,english,1.0,auto,v3,jev-1.13.0
news_premiumtimes-aec3f12b99c4,not_about_candidate,1.0,0.02,calm,unclear,0.69,0.07,english,1.0,human_review,v3,jev-1.13.0
news_premiumtimes-92c557821844,not_about_candidate,1.0,0.02,mild,unclear,0.99,0.61,english,1.0,auto,v3,jev-1.13.0
news_rfi_hausa-8ea9238d7b5b,not_about_candidate,1.0,0.02,moderate,unclear,1.0,0.02,hausa,0.9,auto,v3,jev-1.13.0
news_rfi_hausa-911ed2bedc1e,not_about_candidate,1.0,0.02,calm,unclear,1.0,0.02,hausa,0.95,auto,v3,jev-1.13.0
news_rfi_hausa-b61be76aeb2a,not_about_candidate,1.0,0.02,calm,unclear,1.0,0.02,hausa,0.73,auto,v3,jev-1.13.0
news_rfi_hausa-647fff775af3,not_about_candidate,1.0,0.02,calm,unclear,1.0,0.02,hausa,0.69,auto,v3,jev-1.13.0
news_rfi_hausa-23e40462a371,not_about_candidate,1.0,0.01,calm,unclear,1.0,0.02,hausa,0.96,auto,v3,jev-1.13.0
news_rfi_hausa-b90afaa1bbe5,not_about_candidate,1.0,0.02,calm,unclear,1.0,0.06,hausa,0.96,auto,v3,jev-1.13.0
news_rfi_hausa-bc2bea92b34a,not_about_candidate,1.0,0.01,calm,unclear,1.0,0.02,hausa,0.86,auto,v3,jev-1.13.0
news_rfi_hausa-dcb0e898ff43,not_about_candidate,1.0,0.02,calm,unclear,1.0,0.02,hausa,0.94,auto,v3,jev-1.13.0
news_rfi_hausa-ef7b1d234be5,not_about_candidate,1.0,0.01,moderate,unclear,1.0,0.02,hausa,0.96,auto,v3,jev-1.13.0
news_rfi_hausa-8c46fca4f239,not_about_candidate,1.0,0.02,mild,unclear,1.0,0.06,hausa,0.86,auto,v3,jev-1.13.0
news_rfi_hausa-382835901768,not_about_candidate,1.0,0.01,calm,unclear,1.0,0.02,hausa,0.92,auto,v3,jev-1.13.0
news_rfi_hausa-825d4a098557,not_about_candidate,1.0,0.02,calm,unclear,0.97,0.12,hausa,0.87,auto,v3,jev-1.13.0
news_rfi_hausa-ddacbae6506b,not_about_candidate,1.0,0.01,calm,unclear,1.0,0.02,hausa,0.98,auto,v3,jev-1.13.0
nairaland-bf623aef747d,not_about_candidate,0.94,0.02,strong,unclear,0.99,0.54,mixed,0.92,auto,v3,jev-1.13.0
nairaland-d00a8f95a8d5,not_about_candidate,0.4,0.04,strong,unclear,1.0,0.37,mixed,0.39,human_review,v3,jev-1.13.0
nairaland-d0cef9998817,not_about_candidate,1.0,0.02,strong,unclear,1.0,0.64,english,0.44,auto,v3,jev-1.13.0
nairaland-958bfcfc4f1c,not_about_candidate,0.98,0.02,strong,unclear,1.0,0.65,mixed,0.39,auto,v3,jev-1.13.0
nairaland-978afd8f41c3,not_about_candidate,0.89,0.03,strong,unclear,1.0,0.68,english,0.89,auto,v3,jev-1.13.0
nairaland-d7c405643e1e,negative,0.44,0.11,strong,unclear,1.0,0.41,english,0.94,human_review,v3,jev-1.13.0
nairaland-ac5606ad0a29,not_about_candidate,0.99,0.02,mild,unclear,0.99,0.65,english,0.91,auto,v3,jev-1.13.0
nairaland-c46fbcfb6110,not_about_candidate,0.68,0.04,moderate,unclear,1.0,0.3,english,0.98,human_review,v3,jev-1.13.0
nairaland-d298acf65237,not_about_candidate,1.0,0.02,very_strong,unclear,1.0,0.77,english,0.41,auto,v3,jev-1.13.0
nairaland-cea62fb5f196,not_about_candidate,0.99,0.02,very_strong,unclear,1.0,0.62,english,0.41,auto,v3,jev-1.13.0
nairaland-02173e3fc9ad,not_about_candidate,0.74,0.02,strong,unclear,1.0,0.75,english,0.91,human_review,v3,jev-1.13.0
nairaland-d516c4061f4a,negative,0.48,0.02,strong,unclear,0.99,0.68,english,0.87,human_review,v3,jev-1.13.0
nairaland-e126609b6b31,not_about_candidate,0.98,0.02,strong,unclear,1.0,0.57,english,0.92,auto,v3,jev-1.13.0
nairaland-e6f3bf9b1691,not_about_candidate,0.86,0.02,strong,unclear,1.0,0.18,english,0.97,auto,v3,jev-1.13.0
nairaland-09eb76f4b529,not_about_candidate,0.96,0.02,moderate,unclear,0.99,0.56,english,0.9,auto,v3,jev-1.13.0
nairaland-93266a29bd61,not_about_candidate,0.69,0.05,mild,unclear,0.94,0.28,english,0.83,human_review,v3,jev-1.13.0
nairaland-941ac9874a45,not_about_candidate,1.0,0.02,strong,unclear,1.0,0.34,english,0.65,auto,v3,jev-1.13.0
nairaland-3587a15a1bc6,not_about_candidate,0.99,0.02,strong,unclear,1.0,0.29,english,0.72,auto,v3,jev-1.13.0
nairaland-5d09cc52ee50,not_about_candidate,0.89,0.16,strong,unclear,0.99,0.73,mixed,0.8,auto,v3,jev-1.13.0
nairaland-4e6e6fdecfeb,not_about_candidate,0.45,0.06,strong,unclear,0.88,0.59,mixed,0.53,human_review,v3,jev-1.13.0
nairaland-87afb28b0010,not_about_candidate,0.75,0.03,mild,unclear,0.98,0.31,english,0.98,human_review,v3,jev-1.13.0
nairaland-a52b9e917cab,not_about_candidate,0.49,0.03,moderate,unclear,0.98,0.6,mixed,0.35,human_review,v3,jev-1.13.0
nairaland-543f77c58f2c,not_about_candidate,0.94,0.02,moderate,unclear,1.0,0.78,english,0.95,auto,v3,jev-1.13.0
nairaland-98d9a4087f13,negative,0.71,0.06,strong,unclear,1.0,0.22,english,1.0,human_review,v3,jev-1.13.0
nairaland-7e7de920a2b3,not_about_candidate,0.99,0.01,very_strong,unclear,1.0,0.62,english,0.95,auto,v3,jev-1.13.0
nairaland-f2dd9e4795e3,not_about_candidate,0.98,0.02,strong,unclear,1.0,0.67,english,0.93,auto,v3,jev-1.13.0
nairaland-c83b2d0761b3,not_about_candidate,0.93,0.02,moderate,unclear,0.99,0.12,english,0.7,auto,v3,jev-1.13.0
nairaland-e6f52c506ecf,negative,0.4,0.03,strong,unclear,0.99,0.46,english,0.54,human_review,v3,jev-1.13.0
nairaland-4446409e0220,not_about_candidate,0.99,0.02,very_strong,unclear,1.0,0.68,english,0.49,auto,v3,jev-1.13.0
nairaland-70dd378b0536,not_about_candidate,0.37,0.03,mild,unclear,0.95,0.28,mixed,0.42,human_review,v3,jev-1.13.0
nairaland-f30f62bce7f8,not_about_candidate,0.79,0.02,strong,unclear,0.96,0.51,english,0.94,human_review,v3,jev-1.13.0
nairaland-a878d5b70d89,not_about_candidate,0.52,0.02,strong,unclear,1.0,0.48,english,0.94,human_review,v3,jev-1.13.0
nairaland-3bbe29ec8397,not_about_candidate,0.99,0.01,very_strong,unclear,1.0,0.72,english,0.98,auto,v3,jev-1.13.0
nairaland-3f3030ac83da,not_about_candidate,0.91,0.02,strong,unclear,1.0,0.61,mixed,0.43,auto,v3,jev-1.13.0
nairaland-2a9dbbcafd83,not_about_candidate,0.46,0.03,strong,unclear,0.99,0.36,mixed,0.4,human_review,v3,jev-1.13.0
nairaland-ede2bf95d602,not_about_candidate,0.99,0.02,strong,unclear,0.99,0.39,english,0.66,auto,v3,jev-1.13.0
nairaland-68bef66be54d,not_about_candidate,0.99,0.02,strong,unclear,1.0,0.64,english,0.85,auto,v3,jev-1.13.0
nairaland-3d59e56ee182,not_about_candidate,0.99,0.01,very_strong,unclear,1.0,0.72,english,0.96,auto,v3,jev-1.13.0
nairaland-d2046a0fa911,not_about_candidate,0.67,0.03,strong,unclear,1.0,0.27,english,0.97,human_review,v3,jev-1.13.0
nairaland-13a0af5cc113,negative,0.76,0.03,moderate,unclear,0.99,0.26,english,0.91,human_review,v3,jev-1.13.0
nairaland-f190c1ed8076,negative,0.66,0.04,strong,unclear,1.0,0.33,english,1.0,human_review,v3,jev-1.13.0
nairaland-9c0cdb6b4d7a,not_about_candidate,0.55,0.02,strong,unclear,1.0,0.32,english,0.96,human_review,v3,jev-1.13.0
nairaland-db5e6e8fa80d,not_about_candidate,0.93,0.02,strong,unclear,1.0,0.42,english,0.9,auto,v3,jev-1.13.0
nairaland-ebcc2ef0562f,negative,0.91,0.05,mild,unclear,1.0,0.32,english,1.0,auto,v3,jev-1.13.0
nairaland-c271a1c14c66,not_about_candidate,0.38,0.02,strong,unclear,1.0,0.41,english,0.43,human_review,v3,jev-1.13.0
nairaland-3bfabf554ef0,not_about_candidate,0.97,0.02,strong,unclear,1.0,0.6,english,0.85,auto,v3,jev-1.13.0
nairaland-676b8e6ed210,not_about_candidate,0.58,0.03,strong,unclear,0.97,0.49,english,0.97,human_review,v3,jev-1.13.0
nairaland-02fd6c085721,not_about_candidate,0.8,0.02,strong,unclear,1.0,0.81,english,0.93,auto,v3,jev-1.13.0
nairaland-51bc7f4739d0,not_about_candidate,0.98,0.02,very_strong,unclear,1.0,0.56,english,0.86,auto,v3,jev-1.13.0
nairaland-ddebb846c8dc,not_about_candidate,0.91,0.02,strong,unclear,1.0,0.22,english,1.0,auto,v3,jev-1.13.0
nairaland-3b92fd1367ef,not_about_candidate,0.56,0.02,strong,unclear,0.61,0.46,mixed,0.88,human_review,v3,jev-1.13.0
nairaland-89f4382e2927,not_about_candidate,0.86,0.02,strong,unclear,1.0,0.68,mixed,0.34,auto,v3,jev-1.13.0
nairaland-8e1260f9debd,not_about_candidate,0.99,0.01,very_strong,unclear,1.0,0.67,mixed,0.65,auto,v3,jev-1.13.0
nairaland-0c47c9c0a6d6,not_about_candidate,0.86,0.02,strong,unclear,1.0,0.61,mixed,0.74,auto,v3,jev-1.13.0
nairaland-2b88f3438356,not_about_candidate,0.64,0.03,mild,unclear,0.99,0.27,english,0.9,human_review,v3,jev-1.13.0
nairaland-2c7618647c3b,not_about_candidate,0.99,0.01,strong,unclear,1.0,0.62,english,0.98,auto,v3,jev-1.13.0
nairaland-513bb7af5687,not_about_candidate,0.8,0.02,strong,unclear,1.0,0.18,english,0.97,auto,v3,jev-1.13.0
nairaland-0fab1aeede04,not_about_candidate,0.82,0.02,strong,unclear,1.0,0.46,english,0.42,auto,v3,jev-1.13.0
nairaland-522e74f89ad2,not_about_candidate,0.99,0.02,strong,unclear,1.0,0.69,english,0.56,auto,v3,jev-1.13.0
nairaland-a9caff375fed,not_about_candidate,0.86,0.02,strong,unclear,1.0,0.76,english,0.96,auto,v3,jev-1.13.0
nairaland-68a7ccbe3e95,not_about_candidate,0.69,0.02,very_strong,unclear,0.98,0.89,mixed,0.9,human_review,v3,jev-1.13.0
nairaland-8e2ef2e23a72,not_about_candidate,0.45,0.09,strong,unclear,0.99,0.71,english,0.86,human_review,v3,jev-1.13.0
nairaland-3ec361751ed6,not_about_candidate,0.77,0.03,strong,unclear,1.0,0.63,english,0.87,human_review,v3,jev-1.13.0
nairaland-5d83f6d1b849,not_about_candidate,0.65,0.03,strong,unclear,0.95,0.67,english,0.89,human_review,v3,jev-1.13.0
nairaland-c374e4b33be5,not_about_candidate,0.58,0.03,strong,unclear,0.99,0.59,english,1.0,human_review,v3,jev-1.13.0
nairaland-7a62b9b002bd,not_about_candidate,0.94,0.02,strong,unclear,1.0,0.55,english,0.94,auto,v3,jev-1.13.0
nairaland-8d0b3291fd50,negative,0.4,0.03,strong,unclear,0.97,0.4,english,0.82,human_review,v3,jev-1.13.0
nairaland-e9ee7a41dc23,not_about_candidate,0.99,0.02,very_strong,unclear,1.0,0.74,mixed,0.57,auto,v3,jev-1.13.0
nairaland-625cfeb681bb,not_about_candidate,0.97,0.02,very_strong,unclear,1.0,0.73,mixed,0.45,auto,v3,jev-1.13.0
nairaland-1c6a777128f2,not_about_candidate,1.0,0.02,very_strong,unclear,1.0,0.64,english,0.56,auto,v3,jev-1.13.0
nairaland-465b3ed2c603,not_about_candidate,0.99,0.01,very_strong,unclear,1.0,0.71,english,0.71,auto,v3,jev-1.13.0
nairaland-47404828c89f,not_about_candidate,0.98,0.02,strong,unclear,1.0,0.66,english,0.94,auto,v3,jev-1.13.0
nairaland-b428685cdf4f,negative,0.47,0.03,strong,unclear,0.99,0.65,english,0.94,human_review,v3,jev-1.13.0
nairaland-8c810f70e747,not_about_candidate,0.99,0.01,strong,unclear,1.0,0.58,english,0.99,auto,v3,jev-1.13.0
nairaland-ab1b388b91a8,not_about_candidate,0.97,0.02,strong,unclear,0.99,0.6,english,0.98,auto,v3,jev-1.13.0
nairaland-8dcc7e33dbc7,not_about_candidate,0.84,0.02,strong,unclear,1.0,0.55,mixed,0.83,auto,v3,jev-1.13.0
nairaland-6d8e91a21785,negative,0.5,0.03,strong,unclear,1.0,0.3,mixed,0.44,human_review,v3,jev-1.13.0
nairaland-00700853c7b7,not_about_candidate,1.0,0.02,mild,unclear,1.0,0.75,english,1.0,auto,v3,jev-1.13.0
nairaland-c04895bba592,not_about_candidate,1.0,0.01,moderate,unclear,1.0,0.76,english,1.0,auto,v3,jev-1.13.0
nairaland-9c00e21cf945,not_about_candidate,0.99,0.02,strong,unclear,1.0,0.65,mixed,0.51,auto,v3,jev-1.13.0
nairaland-725b999b4134,not_about_candidate,0.94,0.02,strong,unclear,1.0,0.52,mixed,0.73,auto,v3,jev-1.13.0
nairaland-1ff00432e615,not_about_candidate,1.0,0.01,very_strong,unclear,1.0,0.68,english,0.99,auto,v3,jev-1.13.0
nairaland-801973577443,not_about_candidate,1.0,0.01,very_strong,unclear,1.0,0.55,english,0.98,auto,v3,jev-1.13.0
nairaland-56780cec2cfc,not_about_candidate,0.99,0.01,strong,unclear,1.0,0.61,english,0.52,auto,v3,jev-1.13.0
nairaland-e78abc81574f,not_about_candidate,0.98,0.01,strong,unclear,1.0,0.58,english,0.71,auto,v3,jev-1.13.0
nairaland-6afa89efb013,not_about_candidate,1.0,0.02,strong,unclear,1.0,0.73,english,0.74,auto,v3,jev-1.13.0
nairaland-d6a1c969d19c,not_about_candidate,0.99,0.01,strong,unclear,1.0,0.67,english,0.53,auto,v3,jev-1.13.0
nairaland-20e416a73505,not_about_candidate,0.99,0.01,very_strong,unclear,1.0,0.63,english,0.9,auto,v3,jev-1.13.0
nairaland-abc0126e1509,not_about_candidate,0.99,0.01,very_strong,unclear,1.0,0.64,english,0.97,auto,v3,jev-1.13.0
nairaland-4e36161e01fa,not_about_candidate,0.99,0.02,strong,unclear,0.99,0.59,english,0.99,auto,v3,jev-1.13.0
nairaland-f501c2dbd815,not_about_candidate,0.97,0.02,strong,unclear,0.82,0.58,english,0.99,auto,v3,jev-1.13.0
nairaland-0fc14d0d0014,not_about_candidate,0.91,0.02,strong,unclear,1.0,0.66,english,0.97,auto,v3,jev-1.13.0
nairaland-4d0180363a7f,not_about_candidate,0.3,0.03,strong,unclear,1.0,0.52,english,1.0,human_review,v3,jev-1.13.0
nairaland-f946c7869b26,not_about_candidate,0.81,0.02,strong,unclear,1.0,0.55,english,0.93,auto,v3,jev-1.13.0
nairaland-a670ef7a5676,negative,0.73,0.04,strong,unclear,1.0,0.19,english,0.99,human_review,v3,jev-1.13.0
nairaland-876b1d090f84,not_about_candidate,0.96,0.02,strong,unclear,1.0,0.63,english,0.86,auto,v3,jev-1.13.0
nairaland-00952df3b0cf,not_about_candidate,0.73,0.04,strong,unclear,1.0,0.34,english,0.8,human_review,v3,jev-1.13.0
nairaland-5c3f905b0152,not_about_candidate,0.9,0.02,moderate,unclear,1.0,0.23,english,0.99,auto,v3,jev-1.13.0
nairaland-8a32e436ff93,positive,0.87,0.08,strong,unclear,0.94,0.4,english,0.64,auto,v3,jev-1.13.0
nairaland-6bf144b0e428,not_about_candidate,0.96,0.04,moderate,unclear,1.0,0.23,mixed,0.35,auto,v3,jev-1.13.0
nairaland-a2f25e3a20d6,negative,0.47,0.03,strong,unclear,1.0,0.59,english,1.0,human_review,v3,jev-1.13.0
nairaland-2cb280d08c3e,not_about_candidate,0.92,0.02,strong,unclear,1.0,0.51,english,0.55,auto,v3,jev-1.13.0
nairaland-898548b1b029,negative,0.48,0.1,very_strong,unclear,0.97,0.38,english,0.96,human_review,v3,jev-1.13.0
nairaland-c6270040d9b3,not_about_candidate,0.37,0.03,strong,unclear,0.99,0.73,mixed,0.73,human_review,v3,jev-1.13.0
nairaland-c80b39abe2dd,not_about_candidate,0.75,0.07,calm,unclear,1.0,0.15,mixed,0.32,human_review,v3,jev-1.13.0
nairaland-a70e070e1bd9,not_about_candidate,0.91,0.02,moderate,unclear,1.0,0.46,mixed,0.45,auto,v3,jev-1.13.0
nairaland-c28744108c52,not_about_candidate,0.81,0.02,moderate,unclear,1.0,0.58,english,0.99,auto,v3,jev-1.13.0
nairaland-902f88a4ca49,negative,0.43,0.04,strong,unclear,0.98,0.5,mixed,0.7,human_review,v3,jev-1.13.0
nairaland-0b13a2bc4dd6,negative,0.76,0.14,very_strong,unclear,0.9,0.51,english,0.68,human_review,v3,jev-1.13.0
nairaland-58eee8946956,positive,0.34,0.04,moderate,unclear,1.0,0.54,english,0.98,human_review,v3,jev-1.13.0
nairaland-d0844dabd9b0,not_about_candidate,0.41,0.05,mild,unclear,0.99,0.42,english,0.99,human_review,v3,jev-1.13.0
nairaland-aee1aa13a3d6,not_about_candidate,0.8,0.02,moderate,unclear,1.0,0.55,english,0.83,auto,v3,jev-1.13.0
nairaland-3711f08d3aba,not_about_candidate,0.46,0.03,moderate,unclear,1.0,0.77,english,1.0,human_review,v3,jev-1.13.0
nairaland-a41bb0c66dca,not_about_candidate,0.58,0.02,moderate,unclear,1.0,0.13,english,0.5,human_review,v3,jev-1.13.0
nairaland-266bbf3b250e,not_about_candidate,0.98,0.02,strong,unclear,1.0,0.31,english,0.92,auto,v3,jev-1.13.0
nairaland-9a401295651c,not_about_candidate,0.47,0.03,strong,unclear,0.99,0.51,english,0.97,human_review,v3,jev-1.13.0
nairaland-f2e63df55e0c,not_about_candidate,0.89,0.02,moderate,unclear,1.0,0.51,english,0.99,auto,v3,jev-1.13.0
nairaland-22e60e5dc9e1,negative,0.35,0.02,mild,unclear,0.99,0.22,english,0.38,human_review,v3,jev-1.13.0
nairaland-c7befa345ff5,not_about_candidate,0.41,0.02,very_strong,unclear,1.0,0.24,english,0.96,human_review,v3,jev-1.13.0
nairaland-60e5fb4b93ed,not_about_candidate,0.72,0.02,calm,unclear,0.98,0.2,english,0.97,human_review,v3,jev-1.13.0
nairaland-436f172f9e88,not_about_candidate,0.99,0.02,calm,unclear,1.0,0.05,english,1.0,auto,v3,jev-1.13.0
nairaland-5a582239aea6,not_about_candidate,0.91,0.02,strong,unclear,1.0,0.4,english,0.91,auto,v3,jev-1.13.0
nairaland-adcd4e628753,not_about_candidate,0.32,0.04,strong,unclear,1.0,0.53,english,0.54,human_review,v3,jev-1.13.0
nairaland-c2190b4250cc,not_about_candidate,0.66,0.03,mild,unclear,0.97,0.6,english,0.61,human_review,v3,jev-1.13.0
nairaland-0bad34f59a9c,not_about_candidate,0.6,0.03,mild,unclear,1.0,0.6,english,0.78,human_review,v3,jev-1.13.0
nairaland-0490992d4580,not_about_candidate,0.74,0.02,strong,unclear,1.0,0.38,english,0.88,human_review,v3,jev-1.13.0
nairaland-6751675528fd,negative,0.72,0.02,strong,unclear,1.0,0.37,english,0.85,human_review,v3,jev-1.13.0
nairaland-0c4b70ed1f03,not_about_candidate,1.0,0.02,very_strong,unclear,1.0,0.78,english,0.98,auto,v3,jev-1.13.0
nairaland-c7b90eb673a9,not_about_candidate,0.98,0.02,very_strong,unclear,1.0,0.77,english,0.97,auto,v3,jev-1.13.0
nairaland-df0c7a8c8643,not_about_candidate,0.97,0.02,very_strong,unclear,0.99,0.71,english,0.85,auto,v3,jev-1.13.0
nairaland-b4f5edc7df03,not_about_candidate,0.96,0.02,strong,unclear,0.99,0.6,english,0.89,auto,v3,jev-1.13.0
nairaland-225dbaa2b026,not_about_candidate,1.0,0.01,mild,unclear,1.0,0.86,english,0.96,auto,v3,jev-1.13.0
nairaland-fd407615f5fa,not_about_candidate,1.0,0.01,mild,unclear,1.0,0.86,english,0.95,auto,v3,jev-1.13.0
nairaland-19b3a2ac7f5f,not_about_candidate,0.99,0.02,strong,unclear,1.0,0.1,english,0.99,auto,v3,jev-1.13.0
nairaland-907779515cb6,not_about_candidate,0.98,0.02,strong,unclear,1.0,0.13,english,0.4,auto,v3,jev-1.13.0
nairaland-acdfb298c0b7,not_about_candidate,0.49,0.02,strong,unclear,0.98,0.14,english,0.53,human_review,v3,jev-1.13.0
nairaland-16cfb0c07dd2,not_about_candidate,0.38,0.02,strong,unclear,0.96,0.14,english,0.32,human_review,v3,jev-1.13.0
nairaland-9980a9e8ddb1,not_about_candidate,0.97,0.02,strong,unclear,1.0,0.08,mixed,0.52,auto,v3,jev-1.13.0
nairaland-85a04326fde0,not_about_candidate,0.98,0.02,strong,unclear,1.0,0.13,english,0.67,auto,v3,jev-1.13.0
nairaland-d5bf8a8b538c,negative,0.53,0.03,strong,unclear,1.0,0.13,english,1.0,human_review,v3,jev-1.13.0
nairaland-ae99e405fd61,not_about_candidate,0.96,0.02,very_strong,unclear,1.0,0.19,english,0.58,auto,v3,jev-1.13.0
nairaland-38f464209ee9,not_about_candidate,0.98,0.02,strong,unclear,1.0,0.11,english,0.89,auto,v3,jev-1.13.0
nairaland-29016db5a9f3,not_about_candidate,0.97,0.03,mild,unclear,1.0,0.11,english,0.51,auto,v3,jev-1.13.0
nairaland-68e9b6f05017,not_about_candidate,0.98,0.02,calm,unclear,1.0,0.1,english,0.95,auto,v3,jev-1.13.0
nairaland-d47d36e5579c,not_about_candidate,0.76,0.05,moderate,unclear,1.0,0.16,english,0.88,human_review,v3,jev-1.13.0
nairaland-57790eff55a1,not_about_candidate,0.77,0.05,calm,unclear,1.0,0.18,english,0.95,human_review,v3,jev-1.13.0
nairaland-2b9ba4f440a5,not_about_candidate,1.0,0.02,moderate,unclear,1.0,0.12,english,0.99,auto,v3,jev-1.13.0
nairaland-cb03f284a99b,not_about_candidate,1.0,0.01,moderate,unclear,1.0,0.23,english,1.0,auto,v3,jev-1.13.0
nairaland-d5eca95ca618,not_about_candidate,0.85,0.04,mild,unclear,1.0,0.14,english,0.96,auto,v3,jev-1.13.0
nairaland-14649c618676,not_about_candidate,0.78,0.04,mild,unclear,1.0,0.12,english,0.99,human_review,v3,jev-1.13.0
nairaland-58d9ac2adf1a,not_about_candidate,0.98,0.02,strong,unclear,0.99,0.36,mixed,0.56,auto,v3,jev-1.13.0
nairaland-a15c4cded9d8,negative,0.94,0.03,strong,unclear,0.98,0.33,mixed,0.8,auto,v3,jev-1.13.0
nairaland-5afdc9079511,not_about_candidate,0.46,0.11,calm,unclear,0.97,0.2,english,0.24,human_review,v3,jev-1.13.0
nairaland-c47602eba80e,negative,0.42,0.03,moderate,unclear,1.0,0.1,english,0.99,human_review,v3,jev-1.13.0
nairaland-5ffc3716c4f2,negative,0.48,0.04,moderate,unclear,1.0,0.14,english,1.0,human_review,v3,jev-1.13.0
nairaland-7680a96de556,not_about_candidate,0.99,0.02,strong,unclear,1.0,0.49,english,0.99,auto,v3,jev-1.13.0
nairaland-0aeac35fe377,not_about_candidate,0.98,0.02,strong,unclear,1.0,0.28,english,0.95,auto,v3,jev-1.13.0
nairaland-db30c015f5d8,not_about_candidate,0.92,0.02,strong,unclear,0.99,0.44,english,0.98,auto,v3,jev-1.13.0
nairaland-25081e277004,not_about_candidate,0.25,0.03,strong,unclear,1.0,0.31,mixed,0.78,human_review,v3,jev-1.13.0
nairaland-689d89b235ea#1,not_about_candidate,0.98,0.02,strong,unclear,1.0,0.36,english,0.99,auto,v3,jev-1.13.0
nairaland-689d89b235ea#2,not_about_candidate,0.94,0.02,strong,unclear,1.0,0.28,english,1.0,auto,v3,jev-1.13.0
nairaland-689d89b235ea#3,not_about_candidate,0.99,0.02,very_strong,unclear,1.0,0.42,mixed,0.58,auto,v3,jev-1.13.0
nairaland-a41a9b4d4658,not_about_candidate,0.99,0.02,strong,unclear,1.0,0.36,english,0.96,auto,v3,jev-1.13.0
nairaland-59f32bb55220,not_about_candidate,0.67,0.03,strong,unclear,1.0,0.56,english,0.95,human_review,v3,jev-1.13.0
nairaland-db41cef0db62,negative,0.45,0.03,strong,unclear,1.0,0.41,mixed,0.8,human_review,v3,jev-1.13.0
nairaland-db0d4a51be04,not_about_candidate,0.97,0.02,strong,unclear,1.0,0.21,english,0.97,auto,v3,jev-1.13.0
nairaland-62aa5f84811c,negative,0.85,0.04,strong,unclear,0.98,0.29,mixed,0.66,auto,v3,jev-1.13.0
nairaland-c9cd7b8459bd,not_about_candidate,0.96,0.02,mild,unclear,1.0,0.35,english,0.83,auto,v3,jev-1.13.0
nairaland-33b9f0fa73fe,not_about_candidate,0.43,0.03,moderate,unclear,0.97,0.24,english,0.36,human_review,v3,jev-1.13.0
nairaland-45c240183e07,negative,0.7,0.12,strong,unclear,0.97,0.14,mixed,0.51,human_review,v3,jev-1.13.0
nairaland-f6468c033baa,not_about_candidate,0.7,0.03,strong,unclear,0.98,0.47,mixed,0.86,human_review,v3,jev-1.13.0
nairaland-aeb2b53bf5dc,not_about_candidate,0.86,0.04,strong,unclear,1.0,0.14,english,0.99,auto,v3,jev-1.13.0
nairaland-e454380593e1,not_about_candidate,1.0,0.01,strong,unclear,1.0,0.02,english,0.99,auto,v3,jev-1.13.0
nairaland-792d5530a957,not_about_candidate,0.98,0.02,strong,unclear,1.0,0.3,english,0.96,auto,v3,jev-1.13.0
nairaland-b742c48da479,not_about_candidate,0.96,0.02,moderate,unclear,1.0,0.43,english,0.92,auto,v3,jev-1.13.0
nairaland-df199b17f009,not_about_candidate,0.77,0.03,moderate,unclear,1.0,0.41,english,0.96,human_review,v3,jev-1.13.0
nairaland-8e7cfac9c9de,not_about_candidate,0.98,0.03,mild,unclear,1.0,0.32,english,0.97,auto,v3,jev-1.13.0
nairaland-4a82d868ee30,not_about_candidate,0.84,0.04,mild,unclear,1.0,0.45,english,0.93,auto,v3,jev-1.13.0
nairaland-f971dbdf5812,not_about_candidate,0.99,0.02,strong,unclear,1.0,0.88,english,0.99,auto,v3,jev-1.13.0
nairaland-06148e088f7b,not_about_candidate,0.98,0.02,strong,unclear,0.99,0.83,english,0.99,auto,v3,jev-1.13.0
nairaland-df9f0e161146,not_about_candidate,0.99,0.02,strong,unclear,1.0,0.81,english,0.99,auto,v3,jev-1.13.0
nairaland-5f2c9aa95c39,not_about_candidate,0.98,0.02,strong,unclear,1.0,0.77,english,0.95,auto,v3,jev-1.13.0
nairaland-2e88c45df1e8#1,not_about_candidate,0.99,0.02,strong,unclear,1.0,0.57,english,0.98,auto,v3,jev-1.13.0
nairaland-2e88c45df1e8#2,not_about_candidate,0.89,0.02,strong,unclear,1.0,0.28,english,1.0,auto,v3,jev-1.13.0
nairaland-2e88c45df1e8#3,not_about_candidate,1.0,0.02,very_strong,unclear,1.0,0.56,english,1.0,auto,v3,jev-1.13.0
nairaland-d9b9f93f2ac7#1,not_about_candidate,0.99,0.02,strong,unclear,1.0,0.4,english,0.99,auto,v3,jev-1.13.0
nairaland-d9b9f93f2ac7#2,not_about_candidate,0.94,0.02,strong,unclear,1.0,0.28,english,1.0,auto,v3,jev-1.13.0
nairaland-d9b9f93f2ac7#3,not_about_candidate,1.0,0.02,very_strong,unclear,1.0,0.57,english,0.99,auto,v3,jev-1.13.0
nairaland-add4cf390984,not_about_candidate,0.95,0.02,moderate,unclear,1.0,0.34,english,0.98,auto,v3,jev-1.13.0
nairaland-08f882f7adc6,negative,0.78,0.02,moderate,unclear,1.0,0.15,english,0.99,human_review,v3,jev-1.13.0
nairaland-05329067a24d,not_about_candidate,0.98,0.02,strong,unclear,1.0,0.89,mixed,0.5,auto,v3,jev-1.13.0
nairaland-7426ee0e139d,not_about_candidate,0.45,0.02,strong,unclear,1.0,0.51,english,0.93,human_review,v3,jev-1.13.0
nairaland-261c245b87b2,not_about_candidate,0.72,0.03,moderate,unclear,1.0,0.41,english,0.87,human_review,v3,jev-1.13.0
nairaland-116028a1be4a,negative,0.53,0.03,moderate,unclear,1.0,0.21,english,0.92,human_review,v3,jev-1.13.0
nairaland_search-cde55644621d,not_about_candidate,1.0,0.02,mild,unclear,1.0,0.42,english,1.0,auto,v3,jev-1.13.0
nairaland_search-93efc379c00b,not_about_candidate,1.0,0.02,mild,unclear,1.0,0.43,english,1.0,auto,v3,jev-1.13.0
nairaland_search-6df2856e0689,not_about_candidate,0.95,0.02,moderate,unclear,0.99,0.97,english,0.98,auto,v3,jev-1.13.0
nairaland_search-420e2bbe7da8,not_about_candidate,0.94,0.02,moderate,unclear,1.0,0.96,english,1.0,auto,v3,jev-1.13.0
nairaland_search-f28c7ca8d07b,not_about_candidate,0.59,0.02,strong,unclear,1.0,0.77,english,0.98,human_review,v3,jev-1.13.0
nairaland_search-c4f0040d478a,not_about_candidate,0.99,0.02,strong,unclear,1.0,0.79,mixed,0.5,auto,v3,jev-1.13.0
nairaland_search-d88ecbaa0723,not_about_candidate,0.79,0.02,strong,unclear,1.0,0.55,english,0.96,human_review,v3,jev-1.13.0
nairaland_search-e64e331a6efd,not_about_candidate,0.49,0.02,strong,unclear,0.97,0.58,english,0.94,human_review,v3,jev-1.13.0
nairaland_search-9c3c387f4b77,not_about_candidate,0.97,0.02,mild,unclear,1.0,0.55,english,0.92,auto,v3,jev-1.13.0
nairaland_search-bde447b1375f,not_about_candidate,0.91,0.03,moderate,unclear,1.0,0.15,english,1.0,auto,v3,jev-1.13.0
nairaland_search-e1fb6a3453a4,not_about_candidate,0.98,0.02,moderate,unclear,1.0,0.35,mixed,0.65,auto,v3,jev-1.13.0
nairaland_search-d0b99fcfe029,not_about_candidate,0.81,0.05,calm,unclear,1.0,0.25,english,0.99,auto,v3,jev-1.13.0
nairaland_search-f01c23d2fb00,not_about_candidate,0.96,0.03,mild,unclear,1.0,0.37,english,0.96,auto,v3,jev-1.13.0
nairaland_search-03daf9aeba8d,negative,0.36,0.02,very_strong,unclear,0.98,0.58,mixed,0.83,human_review,v3,jev-1.13.0
nairaland_search-5c983bf2d284,not_about_candidate,0.94,0.02,very_strong,unclear,1.0,0.8,english,0.7,auto,v3,jev-1.13.0
nairaland_search-3aa5b33d987a,not_about_candidate,0.8,0.02,strong,unclear,0.94,0.53,mixed,0.44,auto,v3,jev-1.13.0
nairaland_search-5ba9cca6e55d,not_about_candidate,0.9,0.02,moderate,unclear,1.0,0.37,english,0.92,auto,v3,jev-1.13.0
nairaland_search-6a39c9353b18,not_about_candidate,0.77,0.03,moderate,unclear,1.0,0.39,mixed,0.55,human_review,v3,jev-1.13.0
nairaland_search-e1067d0c8de0,not_about_candidate,0.69,0.03,mild,unclear,0.96,0.5,english,0.69,human_review,v3,jev-1.13.0
nairaland_search-7802f9cf88d4,not_about_candidate,0.7,0.02,very_strong,unclear,1.0,0.46,mixed,0.95,human_review,v3,jev-1.13.0
nairaland_search-61c092663887,not_about_candidate,0.61,0.03,mild,unclear,1.0,0.95,mixed,0.5,human_review,v3,jev-1.13.0
nairaland_search-5a092e80581c,not_about_candidate,0.95,0.02,strong,unclear,1.0,0.95,mixed,0.42,auto,v3,jev-1.13.0
nairaland_search-9b6ffd95b9ce,not_about_candidate,0.73,0.03,strong,unclear,1.0,0.96,mixed,0.63,human_review,v3,jev-1.13.0
nairaland_search-0b43d470a9b7,not_about_candidate,0.98,0.03,mild,unclear,1.0,0.41,english,0.5,auto,v3,jev-1.13.0
nairaland_search-8310f49d98d8,negative,0.32,0.03,strong,unclear,0.96,0.38,english,0.58,human_review,v3,jev-1.13.0
nairaland_search-729bd9021ee6,not_about_candidate,0.86,0.03,calm,unclear,1.0,0.12,mixed,0.82,auto,v3,jev-1.13.0
nairaland_search-04e30005e76c,not_about_candidate,0.76,0.03,moderate,unclear,0.96,0.48,english,0.45,human_review,v3,jev-1.13.0
nairaland_search-5af9374ba9d1,not_about_candidate,0.69,0.04,strong,unclear,0.99,0.56,mixed,0.43,human_review,v3,jev-1.13.0
nairaland_search-f886267fe613,not_about_candidate,0.93,0.02,mild,unclear,0.99,0.51,english,0.89,auto,v3,jev-1.13.0
nairaland_search-bb7f4f48bede,not_about_candidate,0.38,0.03,very_strong,unclear,1.0,0.18,mixed,0.34,human_review,v3,jev-1.13.0
nairaland_search-36b0b1e15685,negative,0.42,0.05,mild,unclear,0.93,0.26,mixed,0.92,human_review,v3,jev-1.13.0
nairaland_search-353dc888c482,not_about_candidate,0.95,0.02,strong,unclear,1.0,0.75,mixed,0.79,auto,v3,jev-1.13.0
nairaland_search-11884e53a412,negative,0.45,0.03,strong,unclear,1.0,0.61,mixed,0.73,human_review,v3,jev-1.13.0
nairaland_search-c43847d19057,not_about_candidate,0.97,0.02,strong,unclear,1.0,0.37,mixed,0.49,auto,v3,jev-1.13.0
nairaland_search-ff312a5efda4,not_about_candidate,1.0,0.02,calm,unclear,0.97,0.41,english,1.0,auto,v3,jev-1.13.0
nairaland_search-d3f9341c101a,not_about_candidate,1.0,0.02,calm,unclear,0.96,0.34,english,0.99,auto,v3,jev-1.13.0
nairaland_search-de95afb914be,not_about_candidate,0.37,0.05,calm,unclear,0.93,0.53,english,0.99,human_review,v3,jev-1.13.0
nairaland_search-19ce49c0f1a5,neutral,0.81,0.17,calm,unclear,0.95,0.54,english,1.0,auto,v3,jev-1.13.0
nairaland_search-45fd74f19a74,not_about_candidate,0.65,0.03,moderate,unclear,0.97,0.44,english,0.41,human_review,v3,jev-1.13.0
nairaland_search-4243fa37ca31,not_about_candidate,0.43,0.03,strong,unclear,0.94,0.35,english,0.77,human_review,v3,jev-1.13.0
nairaland_search-7846b34b1257,negative,0.57,0.08,strong,unclear,0.99,0.66,english,0.97,human_review,v3,jev-1.13.0
nairaland_search-06cbd6d48952,not_about_candidate,0.89,0.03,calm,unclear,0.98,0.3,english,1.0,auto,v3,jev-1.13.0
nairaland_search-f1fa89d29e54,not_about_candidate,0.95,0.02,strong,unclear,1.0,0.26,english,0.97,auto,v3,jev-1.13.0
nairaland_search-bc9001fd233d,not_about_candidate,0.91,0.02,mild,unclear,1.0,0.2,english,1.0,auto,v3,jev-1.13.0
nairaland_search-8d580b717e8e,not_about_candidate,0.84,0.03,mild,unclear,1.0,0.21,mixed,0.59,auto,v3,jev-1.13.0
nairaland_search-ce254fc2e3c1,not_about_candidate,0.38,0.04,calm,unclear,0.94,0.32,mixed,0.49,human_review,v3,jev-1.13.0
nairaland_search-13e849262360,negative,0.36,0.03,moderate,unclear,1.0,0.28,english,1.0,human_review,v3,jev-1.13.0
nairaland_search-ad68339bba76,not_about_candidate,0.32,0.03,moderate,unclear,0.98,0.36,english,0.72,human_review,v3,jev-1.13.0
nairaland_search-4995013781af,negative,0.69,0.04,mild,unclear,0.97,0.39,english,0.36,human_review,v3,jev-1.13.0
nairaland_search-854b8974af93,not_about_candidate,0.88,0.02,very_strong,unclear,1.0,0.64,mixed,0.36,auto,v3,jev-1.13.0
nairaland_search-49c3078fa7f3,not_about_candidate,0.96,0.13,calm,unclear,1.0,0.2,english,0.97,auto,v3,jev-1.13.0
nairaland_search-48984b83dcf8,not_about_candidate,0.79,0.03,mild,unclear,1.0,0.79,mixed,0.89,human_review,v3,jev-1.13.0
nairaland_search-a0571c1aba4f,not_about_candidate,0.41,0.03,calm,unclear,0.99,0.43,english,0.98,human_review,v3,jev-1.13.0
nairaland_search-a172a285b43d,not_about_candidate,0.95,0.02,strong,unclear,0.93,0.9,mixed,0.36,auto,v3,jev-1.13.0
nairaland_search-c563360a7461,not_about_candidate,0.99,0.02,strong,unclear,0.97,0.92,english,0.64,auto,v3,jev-1.13.0
nairaland_search-c58a93311c1a,positive,0.65,0.05,moderate,unclear,1.0,0.46,english,1.0,human_review,v3,jev-1.13.0
nairaland_search-b521f36b8cb3,not_about_candidate,0.8,0.02,strong,unclear,0.97,0.52,mixed,0.83,auto,v3,jev-1.13.0
nairaland_search-c675ab101f2a,positive,0.65,0.03,mild,unclear,1.0,0.9,english,0.99,human_review,v3,jev-1.13.0
nairaland_search-dca7f3652506,not_about_candidate,0.96,0.02,very_strong,unclear,1.0,0.86,english,0.61,auto,v3,jev-1.13.0
nairaland_search-2317861685c2,not_about_candidate,0.85,0.02,very_strong,unclear,1.0,0.61,mixed,0.54,auto,v3,jev-1.13.0
nairaland_search-6ae59b31d605,not_about_candidate,0.84,0.02,strong,unclear,1.0,0.47,english,0.87,auto,v3,jev-1.13.0
nairaland_search-2c8f8eac1000,not_about_candidate,0.86,0.02,strong,unclear,0.91,0.9,mixed,0.5,auto,v3,jev-1.13.0
nairaland_search-46c429238056,negative,0.69,0.04,moderate,unclear,1.0,0.19,mixed,0.36,human_review,v3,jev-1.13.0
nairaland_search-89ddb0cfcbd0,not_about_candidate,0.85,0.03,calm,unclear,1.0,0.53,english,0.95,auto,v3,jev-1.13.0
nairaland_search-0b841fa068f2,not_about_candidate,0.81,0.02,strong,unclear,1.0,0.59,mixed,0.5,auto,v3,jev-1.13.0
nairaland_search-cbb4accd4355,neutral,0.66,0.84,calm,Shira,1.0,0.32,mixed,0.56,human_review,v3,jev-1.13.0
nairaland_search-f3ed425664f1,neutral,0.7,0.81,calm,Shira,1.0,0.29,mixed,0.5,human_review,v3,jev-1.13.0
nairaland_search-07e76000d90d,neutral,0.77,0.14,calm,unclear,0.94,0.56,english,0.99,human_review,v3,jev-1.13.0
nairaland_search-f49a695f0474,not_about_candidate,1.0,0.03,calm,unclear,0.98,0.48,english,0.99,auto,v3,jev-1.13.0
nairaland_search-d14a50125d3f,negative,0.63,0.03,strong,unclear,0.99,0.44,english,0.93,human_review,v3,jev-1.13.0
nairaland_search-0ac6a19ab629,negative,0.74,0.91,mild,unclear,0.99,0.69,english,0.87,human_review,v3,jev-1.13.0
nairaland_search-1f108a460447,not_about_candidate,0.56,0.03,mild,unclear,0.81,0.51,english,0.91,human_review,v3,jev-1.13.0
nairaland_search-efa07e97b9d4,not_about_candidate,0.84,0.02,moderate,unclear,1.0,0.45,mixed,0.79,auto,v3,jev-1.13.0
nairaland_search-b230734cfeb8,not_about_candidate,0.94,0.02,strong,unclear,1.0,0.25,english,0.96,auto,v3,jev-1.13.0
nairaland_search-0d82ea5d4297,positive,0.54,0.05,moderate,unclear,0.91,0.38,mixed,0.93,human_review,v3,jev-1.13.0
nairaland_search-3defd9f8a14a,not_about_candidate,0.88,0.02,moderate,unclear,0.99,0.37,english,0.99,auto,v3,jev-1.13.0
nairaland_search-603c306767a4,negative,0.91,0.94,strong,unclear,0.97,0.56,english,0.59,auto,v3,jev-1.13.0
nairaland_search-26113464ea06,not_about_candidate,0.38,0.02,strong,unclear,0.91,0.69,mixed,0.93,human_review,v3,jev-1.13.0
nairaland_search-9953d68622c2,not_about_candidate,0.81,0.02,strong,unclear,1.0,0.47,english,0.99,auto,v3,jev-1.13.0
nairaland_search-b482c3558b3d,not_about_candidate,0.89,0.02,strong,unclear,0.98,0.95,english,0.99,auto,v3,jev-1.13.0
nairaland_search-94e4c311f4fd,not_about_candidate,0.98,0.02,strong,unclear,1.0,0.61,english,0.89,auto,v3,jev-1.13.0
nairaland_search-83564437dacd,not_about_candidate,0.96,0.02,strong,unclear,1.0,0.46,english,1.0,auto,v3,jev-1.13.0
nairaland_search-254eda6ba483,not_about_candidate,0.95,0.02,strong,unclear,1.0,0.5,english,0.98,auto,v3,jev-1.13.0
nairaland_search-e13131693fc8,not_about_candidate,0.28,0.03,moderate,unclear,1.0,0.74,mixed,0.77,human_review,v3,jev-1.13.0
nairaland_search-45e821d4cc86,not_about_candidate,0.27,0.04,moderate,unclear,1.0,0.84,mixed,0.71,human_review,v3,jev-1.13.0
nairaland_search-fdf7e46bfafc,not_about_candidate,0.82,0.02,strong,unclear,1.0,0.62,english,0.98,auto,v3,jev-1.13.0
nairaland_search-c411137d75b1,not_about_candidate,0.67,0.03,moderate,unclear,1.0,0.67,mixed,0.88,human_review,v3,jev-1.13.0
nairaland_search-30ab412aeea1,not_about_candidate,0.96,0.02,moderate,unclear,1.0,0.4,english,0.98,auto,v3,jev-1.13.0
nairaland_search-4e4c34932e08,not_about_candidate,0.4,0.02,strong,unclear,0.98,0.96,english,0.4,human_review,v3,jev-1.13.0
nairaland_search-34e6e09419a1,not_about_candidate,0.46,0.02,strong,unclear,1.0,0.5,english,0.67,human_review,v3,jev-1.13.0
nairaland_search-bd7b4264990b,not_about_candidate,0.99,0.02,strong,unclear,1.0,0.32,english,0.92,auto,v3,jev-1.13.0
nairaland_search-1a6456922d55,neutral,0.29,0.95,mild,unclear,0.99,0.27,english,0.99,human_review,v3,jev-1.13.0
nairaland_search-b0a30546378d,negative,0.82,0.92,mild,unclear,0.94,0.42,mixed,0.36,auto,v3,jev-1.13.0
nairaland_search-adf3f052228c,not_about_candidate,0.7,0.13,calm,unclear,1.0,0.28,english,1.0,human_review,v3,jev-1.13.0
nairaland_search-7d90448b854d,not_about_candidate,0.87,0.02,strong,unclear,0.95,0.45,english,0.85,auto,v3,jev-1.13.0
nairaland_search-a303dec4def6,not_about_candidate,0.99,0.05,calm,unclear,1.0,0.18,english,0.99,auto,v3,jev-1.13.0
nairaland_search-e26f37e648c9,not_about_candidate,0.79,0.02,strong,unclear,1.0,0.45,english,0.94,human_review,v3,jev-1.13.0
nairaland_search-2738a7888f82,not_about_candidate,1.0,0.03,calm,unclear,1.0,0.07,english,1.0,auto,v3,jev-1.13.0
nairaland_search-817a9b2a9b02,not_about_candidate,1.0,0.02,calm,unclear,1.0,0.07,english,1.0,auto,v3,jev-1.13.0
nairaland_search-aa4d29ec364f,not_about_candidate,0.76,0.04,mild,unclear,0.99,0.25,english,1.0,human_review,v3,jev-1.13.0
nairaland_search-b2f444412e5a,not_about_candidate,0.46,0.05,strong,unclear,1.0,0.23,english,1.0,human_review,v3,jev-1.13.0
nairaland_search-39b73fff1cc7,not_about_candidate,0.47,0.09,moderate,unclear,1.0,0.18,english,1.0,human_review,v3,jev-1.13.0
nairaland_search-4087b4d24acc,negative,0.36,0.04,calm,unclear,0.91,0.21,mixed,0.79,human_review,v3,jev-1.13.0
nairaland_search-47e98b3e7a89,not_about_candidate,0.46,0.03,moderate,unclear,0.98,0.25,english,0.88,human_review,v3,jev-1.13.0
nairaland_search-84ff90bb4a67,not_about_candidate,0.86,0.02,moderate,unclear,0.98,0.19,english,0.68,auto,v3,jev-1.13.0
nairaland_search-b4fe9bb6b9a1,not_about_candidate,0.17,0.05,very_strong,unclear,0.98,0.3,mixed,0.41,human_review,v3,jev-1.13.0
nairaland_search-26124b6f87c1,not_about_candidate,1.0,0.02,strong,unclear,1.0,0.13,english,0.52,auto,v3,jev-1.13.0
nairaland_search-43933cbacf74,not_about_candidate,0.67,0.04,mild,unclear,1.0,0.15,english,0.85,human_review,v3,jev-1.13.0
nairaland_search-a7f5668652bb,negative,0.51,0.04,moderate,unclear,0.99,0.18,mixed,0.46,human_review,v3,jev-1.13.0
nairaland_search-b009d1d3a6c2,not_about_candidate,0.74,0.02,strong,unclear,1.0,0.14,english,1.0,human_review,v3,jev-1.13.0
nairaland_search-aa9a5f000e89,not_about_candidate,0.79,0.02,strong,unclear,1.0,0.17,english,1.0,human_review,v3,jev-1.13.0
nairaland_search-9eb773987463,not_about_candidate,0.5,0.04,moderate,unclear,0.98,0.27,mixed,0.92,human_review,v3,jev-1.13.0
nairaland_search-2cccd366b815,not_about_candidate,0.66,0.03,mild,unclear,1.0,0.13,mixed,0.68,human_review,v3,jev-1.13.0
nairaland_search-9d58d04598c9,not_about_candidate,0.7,0.04,mild,unclear,0.98,0.2,english,0.75,human_review,v3,jev-1.13.0
nairaland_search-53abf3cc5e19,not_about_candidate,0.98,0.02,strong,unclear,1.0,0.3,mixed,0.6,auto,v3,jev-1.13.0
nairaland_search-bd5043fc77e5,not_about_candidate,0.38,0.03,strong,unclear,1.0,0.18,english,0.99,human_review,v3,jev-1.13.0
nairaland_search-2430fdf90bfb,not_about_candidate,0.47,0.02,strong,unclear,1.0,0.18,english,0.99,human_review,v3,jev-1.13.0
nairaland_search-6b9a95cb50c4,not_about_candidate,0.94,0.02,strong,unclear,1.0,0.13,mixed,0.39,auto,v3,jev-1.13.0
nairaland_search-898d21abdbe8,not_about_candidate,0.36,0.04,moderate,unclear,1.0,0.23,english,0.85,human_review,v3,jev-1.13.0
nairaland_search-c8bb3fbc21d9,not_about_candidate,0.93,0.02,very_strong,unclear,1.0,0.14,mixed,0.87,auto,v3,jev-1.13.0
nairaland_search-a201e9754680,not_about_candidate,0.79,0.02,very_strong,unclear,1.0,0.15,mixed,0.86,human_review,v3,jev-1.13.0
nairaland_search-8e2e74fe6af5,negative,0.39,0.04,strong,unclear,0.97,0.23,mixed,0.94,human_review,v3,jev-1.13.0
nairaland_search-7ddde4af2033,not_about_candidate,0.53,0.04,strong,unclear,1.0,0.21,english,0.95,human_review,v3,jev-1.13.0
nairaland_search-da5fbfbeaaee,negative,1.0,0.08,mild,unclear,0.99,0.25,english,0.63,auto,v3,jev-1.13.0
nairaland_search-e65843ffe2bd,not_about_candidate,0.86,0.03,mild,unclear,1.0,0.06,mixed,0.84,auto,v3,jev-1.13.0
nairaland_search-9d0617bfb3fe,negative,0.4,0.03,strong,unclear,1.0,0.18,english,1.0,human_review,v3,jev-1.13.0
nairaland_search-f78839e4e26d,not_about_candidate,0.77,0.03,moderate,unclear,1.0,0.21,english,0.99,human_review,v3,jev-1.13.0
nairaland_search-e702dc618b8d,not_about_candidate,0.8,0.03,moderate,unclear,1.0,0.2,english,0.98,auto,v3,jev-1.13.0
nairaland_search-b828e2800e19,not_about_candidate,0.64,0.04,mild,unclear,0.99,0.22,english,0.63,human_review,v3,jev-1.13.0
nairaland_search-39224b0babc6,negative,0.72,0.05,strong,unclear,1.0,0.24,english,0.99,human_review,v3,jev-1.13.0
nairaland_search-990024a72e21,not_about_candidate,0.97,0.02,strong,unclear,1.0,0.12,english,0.97,auto,v3,jev-1.13.0
nairaland_search-f60a4b2c4337,not_about_candidate,0.83,0.02,strong,unclear,1.0,0.13,english,1.0,auto,v3,jev-1.13.0
nairaland_search-f72b26c09ead,not_about_candidate,0.83,0.02,strong,unclear,1.0,0.12,english,0.99,auto,v3,jev-1.13.0
nairaland_search-e7966edcbb44,not_about_candidate,1.0,0.01,moderate,unclear,1.0,0.08,english,1.0,auto,v3,jev-1.13.0
nairaland_search-44b8e94b20f7,not_about_candidate,1.0,0.01,moderate,unclear,1.0,0.05,english,1.0,auto,v3,jev-1.13.0
nairaland_search-2ea2dd0e4ef4,not_about_candidate,0.52,0.05,very_strong,unclear,0.8,0.17,english,0.99,human_review,v3,jev-1.13.0
nairaland_search-ef71218248d2,not_about_candidate,0.92,0.02,strong,unclear,1.0,0.13,english,0.99,auto,v3,jev-1.13.0
nairaland_search-fac41121d73a,negative,0.49,0.04,strong,unclear,1.0,0.25,english,0.95,human_review,v3,jev-1.13.0
nairaland_search-0dcf976c9aab,not_about_candidate,0.65,0.04,strong,unclear,0.91,0.19,mixed,0.4,human_review,v3,jev-1.13.0
nairaland_search-a9e2d187dff0,not_about_candidate,0.57,0.03,mild,unclear,1.0,0.14,english,0.99,human_review,v3,jev-1.13.0
nairaland_search-2cd0746f1a07,not_about_candidate,0.6,0.03,moderate,unclear,0.88,0.25,english,0.78,human_review,v3,jev-1.13.0
nairaland_search-2a4b8449ed12,not_about_candidate,0.4,0.02,mild,unclear,0.87,0.44,mixed,0.55,human_review,v3,jev-1.13.0
nairaland_search-70d3bc46c352,not_about_candidate,0.94,0.06,calm,unclear,1.0,0.17,english,1.0,auto,v3,jev-1.13.0
nairaland_search-bb000ed41785,not_about_candidate,0.8,0.03,moderate,unclear,0.99,0.19,english,0.87,auto,v3,jev-1.13.0
nairaland_search-45dc8476b4e5,not_about_candidate,0.36,0.05,strong,unclear,1.0,0.21,english,1.0,human_review,v3,jev-1.13.0
nairaland_search-22d1523230eb,not_about_candidate,0.99,0.03,calm,unclear,1.0,0.1,english,1.0,auto,v3,jev-1.13.0
nairaland_search-5cdf0da3b2aa,negative,0.44,0.03,strong,unclear,0.93,0.25,mixed,0.87,human_review,v3,jev-1.13.0
nairaland_search-8f4b92992c68,negative,0.48,0.03,strong,unclear,0.98,0.26,mixed,0.83,human_review,v3,jev-1.13.0
nairaland_search-430277990533,negative,0.36,0.1,moderate,unclear,1.0,0.28,english,1.0,human_review,v3,jev-1.13.0
nairaland_search-15ea172517c9,not_about_candidate,0.73,0.02,strong,unclear,0.86,0.18,mixed,0.45,human_review,v3,jev-1.13.0
nairaland_search-dcdb4e245f87,not_about_candidate,0.72,0.04,moderate,unclear,0.99,0.13,mixed,0.72,human_review,v3,jev-1.13.0
nairaland_search-fb70d18b63b8,not_about_candidate,0.62,0.02,strong,unclear,1.0,0.22,english,0.58,human_review,v3,jev-1.13.0
nairaland_search-7f8957c7dd3c,negative,0.39,0.04,strong,unclear,0.99,0.26,mixed,0.95,human_review,v3,jev-1.13.0
nairaland_search-ab2953860859,negative,0.85,0.03,strong,unclear,1.0,0.18,english,1.0,auto,v3,jev-1.13.0
nairaland_search-c894b50cb729,not_about_candidate,0.35,0.04,strong,unclear,0.99,0.25,english,0.78,human_review,v3,jev-1.13.0
nairaland_search-f8ff0b92ba7c,not_about_candidate,0.76,0.03,strong,unclear,0.99,0.12,mixed,0.94,human_review,v3,jev-1.13.0
nairaland_search-5a8fb3a3d0bc,negative,0.75,0.03,strong,unclear,1.0,0.29,english,1.0,human_review,v3,jev-1.13.0
nairaland_search-9e9254ff23fc,not_about_candidate,0.18,0.04,strong,unclear,0.99,0.2,mixed,0.98,human_review,v3,jev-1.13.0
nairaland_search-0d1def9732f9,negative,0.19,0.05,strong,unclear,0.99,0.24,mixed,0.98,human_review,v3,jev-1.13.0
nairaland_search-a4fbb450e4c0,not_about_candidate,0.98,0.05,calm,unclear,1.0,0.08,english,1.0,auto,v3,jev-1.13.0
nairaland_search-93ff69eac682,not_about_candidate,0.61,0.03,strong,unclear,1.0,0.2,mixed,0.59,human_review,v3,jev-1.13.0
nairaland_search-e26f5b56ebbe,not_about_candidate,0.76,0.02,strong,unclear,0.99,0.17,english,0.94,human_review,v3,jev-1.13.0
nairaland_search-e141f81c7581,not_about_candidate,0.75,0.03,strong,unclear,1.0,0.22,mixed,0.95,human_review,v3,jev-1.13.0
nairaland_search-286a80ec34d8,negative,0.49,0.06,mild,unclear,1.0,0.2,english,1.0,human_review,v3,jev-1.13.0
nairaland_search-d99204e5a90b,negative,0.35,0.04,moderate,unclear,1.0,0.16,english,0.89,human_review,v3,jev-1.13.0
nairaland_search-d245124b7b31,negative,0.64,0.04,mild,unclear,0.99,0.24,mixed,0.96,human_review,v3,jev-1.13.0
nairaland_search-090ead52e76f,not_about_candidate,0.57,0.04,moderate,unclear,0.98,0.13,mixed,0.82,human_review,v3,jev-1.13.0
nairaland_search-50925b79e45a,not_about_candidate,0.67,0.04,moderate,unclear,1.0,0.12,mixed,0.86,human_review,v3,jev-1.13.0
nairaland_search-ebb695d04f8c,not_about_candidate,1.0,0.02,calm,unclear,0.98,0.39,english,1.0,auto,v3,jev-1.13.0
nairaland_search-99d8e748cbb3,not_about_candidate,1.0,0.02,calm,unclear,0.95,0.35,english,0.99,auto,v3,jev-1.13.0
nairaland_search-418a6f98eba0,not_about_candidate,0.51,0.06,calm,unclear,0.92,0.51,english,0.99,human_review,v3,jev-1.13.0
nairaland_search-82fd334d14a2,neutral,0.69,0.15,calm,unclear,0.96,0.53,english,0.99,human_review,v3,jev-1.13.0
nairaland_search-854198f00cab,not_about_candidate,0.64,0.02,moderate,unclear,0.96,0.44,english,0.52,human_review,v3,jev-1.13.0
nairaland_search-5997acf7f9d8,not_about_candidate,0.42,0.03,strong,unclear,0.93,0.35,english,0.78,human_review,v3,jev-1.13.0
nairaland_search-0c34518282ae,negative,0.53,0.05,strong,unclear,0.99,0.64,english,0.95,human_review,v3,jev-1.13.0
nairaland_search-87d839bb2948,not_about_candidate,0.92,0.02,calm,unclear,0.98,0.32,english,1.0,auto,v3,jev-1.13.0
nairaland_search-8c98f2853989,not_about_candidate,0.96,0.02,strong,unclear,1.0,0.26,english,0.97,auto,v3,jev-1.13.0
nairaland_search-b1618e65a01a,not_about_candidate,0.93,0.02,mild,unclear,1.0,0.18,english,1.0,auto,v3,jev-1.13.0
nairaland_search-2910c2c5d53c,not_about_candidate,0.83,0.03,mild,unclear,1.0,0.21,mixed,0.61,auto,v3,jev-1.13.0
nairaland_search-9678ee719bd7,not_about_candidate,0.39,0.04,mild,unclear,0.94,0.3,mixed,0.43,human_review,v3,jev-1.13.0
nairaland_search-8f5b8e3a2f06,negative,0.33,0.03,moderate,unclear,1.0,0.29,english,1.0,human_review,v3,jev-1.13.0
nairaland_search-295a99439c15,not_about_candidate,0.35,0.03,moderate,unclear,0.99,0.36,english,0.74,human_review,v3,jev-1.13.0
nairaland_search-0508aeabd04e,negative,0.73,0.04,mild,unclear,0.98,0.39,english,0.4,human_review,v3,jev-1.13.0
nairaland_search-e60b394978a0,not_about_candidate,0.89,0.02,very_strong,unclear,1.0,0.63,mixed,0.37,auto,v3,jev-1.13.0
nairaland_search-7d42f5cb4433,not_about_candidate,0.97,0.11,calm,unclear,1.0,0.2,english,0.97,auto,v3,jev-1.13.0
nairaland_search-6e6a1d28798a,not_about_candidate,0.78,0.03,mild,unclear,1.0,0.75,mixed,0.92,human_review,v3,jev-1.13.0
nairaland_search-7d33d8914aac,not_about_candidate,0.46,0.03,calm,unclear,0.99,0.41,english,0.98,human_review,v3,jev-1.13.0
nairaland_search-2570f3ac9d04,not_about_candidate,0.95,0.02,strong,unclear,0.9,0.91,mixed,0.42,auto,v3,jev-1.13.0
nairaland_search-6a10b3329104,not_about_candidate,0.96,0.02,strong,unclear,0.95,0.92,english,0.64,auto,v3,jev-1.13.0
nairaland_search-40486d3551c8,positive,0.69,0.05,moderate,unclear,1.0,0.44,english,1.0,human_review,v3,jev-1.13.0
nairaland_search-a01f962909b2,not_about_candidate,0.79,0.02,strong,unclear,0.98,0.53,mixed,0.84,human_review,v3,jev-1.13.0
nairaland_search-93b6fef4e788,positive,0.69,0.03,mild,unclear,1.0,0.88,english,0.99,human_review,v3,jev-1.13.0
nairaland_search-5afa57d40c30,not_about_candidate,0.97,0.02,very_strong,unclear,1.0,0.87,english,0.59,auto,v3,jev-1.13.0
nairaland_search-af7c0ee9a3a2,not_about_candidate,0.85,0.02,very_strong,unclear,1.0,0.62,mixed,0.48,auto,v3,jev-1.13.0
nairaland_search-540c1db65c6a,not_about_candidate,0.71,0.03,strong,unclear,1.0,0.5,english,0.81,human_review,v3,jev-1.13.0
nairaland_search-b5c38534f54d,not_about_candidate,0.81,0.02,strong,unclear,0.93,0.9,mixed,0.59,auto,v3,jev-1.13.0
nairaland_search-08d6fa421f17,negative,0.68,0.04,moderate,unclear,1.0,0.17,english,0.34,human_review,v3,jev-1.13.0
nairaland_search-6307b905c7b9,not_about_candidate,0.8,0.02,calm,unclear,1.0,0.5,english,0.95,auto,v3,jev-1.13.0
nairaland_search-44222ae77be2,not_about_candidate,0.83,0.02,strong,unclear,1.0,0.62,mixed,0.62,auto,v3,jev-1.13.0
nairaland_search-ca5ebe9d039d,not_about_candidate,1.0,0.01,calm,unclear,1.0,0.51,english,1.0,auto,v3,jev-1.13.0
nairaland_search-9e9c0b3d166f,not_about_candidate,1.0,0.01,calm,unclear,1.0,0.61,english,1.0,auto,v3,jev-1.13.0
nairaland_search-64e81acc97c3,not_about_candidate,0.99,0.02,mild,unclear,1.0,0.91,english,0.98,auto,v3,jev-1.13.0
nairaland_search-3cfcff8a85c2,not_about_candidate,0.55,0.03,mild,unclear,1.0,0.36,english,0.99,human_review,v3,jev-1.13.0
nairaland_search-6665ad64309d,not_about_candidate,0.96,0.02,strong,unclear,1.0,0.57,english,0.94,auto,v3,jev-1.13.0
nairaland_search-f988ab41a68b,not_about_candidate,0.99,0.02,strong,unclear,1.0,0.64,english,0.96,auto,v3,jev-1.13.0
nairaland_search-c32a58cd3bb7,not_about_candidate,0.25,0.04,very_strong,unclear,1.0,0.91,english,0.91,human_review,v3,jev-1.13.0
nairaland_search-12bc9f2ad33a,neutral,0.38,0.08,calm,unclear,0.94,0.54,english,0.99,human_review,v3,jev-1.13.0
nairaland_search-3f0fb4dcce66,negative,0.51,0.03,moderate,unclear,0.99,0.35,english,0.99,human_review,v3,jev-1.13.0
nairaland_search-8b51f6ac5216,not_about_candidate,0.87,0.02,strong,unclear,0.99,0.29,english,1.0,auto,v3,jev-1.13.0
nairaland_search-b64f717e05ee,not_about_candidate,0.96,0.02,moderate,unclear,1.0,0.58,english,0.96,auto,v3,jev-1.13.0
nairaland_search-08fe88640786,not_about_candidate,0.91,0.02,strong,unclear,1.0,0.15,mixed,0.5,auto,v3,jev-1.13.0
nairaland_search-2b5640e15f1a,negative,0.56,0.03,strong,unclear,0.95,0.24,mixed,0.4,human_review,v3,jev-1.13.0
nairaland_search-0bc58e9b8c4d,not_about_candidate,0.88,0.02,strong,unclear,1.0,0.45,english,0.91,auto,v3,jev-1.13.0
nairaland_search-09dfbba6169c,not_about_candidate,0.94,0.02,moderate,unclear,0.97,0.34,english,0.77,auto,v3,jev-1.13.0
nairaland_search-3b7d9acb8d27,positive,0.33,0.04,mild,unclear,1.0,0.12,english,0.99,human_review,v3,jev-1.13.0
nairaland_search-74f65cd004a8,not_about_candidate,0.33,0.05,mild,unclear,1.0,0.15,english,1.0,human_review,v3,jev-1.13.0
nairaland_search-d8962c7e5d54,negative,0.75,0.04,moderate,unclear,1.0,0.22,english,1.0,human_review,v3,jev-1.13.0
nairaland_search-bf344b92cdac,not_about_candidate,0.86,0.02,strong,unclear,1.0,0.23,english,0.91,auto,v3,jev-1.13.0
nairaland_search-5eb77e6597a3,not_about_candidate,0.94,0.02,mild,unclear,1.0,0.39,english,0.96,auto,v3,jev-1.13.0
nairaland_search-0a1c6eae9303,not_about_candidate,0.91,0.02,strong,unclear,1.0,0.77,english,0.89,auto,v3,jev-1.13.0
nairaland_search-e35f7bd2bc3d,not_about_candidate,0.5,0.04,strong,unclear,0.99,0.54,english,0.43,human_review,v3,jev-1.13.0
nairaland_search-84228c701a2d,not_about_candidate,0.54,0.89,mild,unclear,1.0,0.61,english,0.94,human_review,v3,jev-1.13.0
nairaland_search-45e1ac47b645,not_about_candidate,0.55,0.06,calm,unclear,0.95,0.26,english,0.99,human_review,v3,jev-1.13.0
nairaland_search-e3572cfdf8cc,not_about_candidate,0.79,0.05,calm,unclear,0.97,0.46,mixed,0.51,human_review,v3,jev-1.13.0
nairaland_search-1cb44c006dee,not_about_candidate,0.97,0.02,mild,unclear,0.97,0.27,english,0.64,auto,v3,jev-1.13.0
nairaland_search-cc2e6009140f,not_about_candidate,0.82,0.03,moderate,unclear,1.0,0.4,english,0.99,auto,v3,jev-1.13.0
nairaland_search-daeaffc3ede5,not_about_candidate,0.55,0.03,moderate,unclear,0.98,0.79,mixed,0.65,human_review,v3,jev-1.13.0
nairaland_search-376d54301894,not_about_candidate,0.38,0.03,very_strong,unclear,1.0,0.62,english,0.51,human_review,v3,jev-1.13.0
nairaland_search-5d2bd3eb63de,not_about_candidate,0.74,0.02,mild,unclear,1.0,0.45,mixed,0.85,human_review,v3,jev-1.13.0
nairaland_search-e237b386683d,not_about_candidate,0.63,0.02,strong,unclear,0.99,0.65,mixed,0.88,human_review,v3,jev-1.13.0
nairaland_search-7d2616e34a9f,not_about_candidate,0.99,0.01,strong,unclear,1.0,0.38,mixed,0.51,auto,v3,jev-1.13.0
nairaland_search-b3bd85da88c8,not_about_candidate,0.6,0.02,very_strong,unclear,0.99,0.89,english,0.85,human_review,v3,jev-1.13.0
nairaland_search-a303b7b3a906,not_about_candidate,0.72,0.03,moderate,unclear,1.0,0.52,english,0.88,human_review,v3,jev-1.13.0
nairaland_search-ce8959dc4596,not_about_candidate,1.0,0.02,moderate,unclear,0.99,0.13,english,1.0,auto,v3,jev-1.13.0
nairaland_search-3b9d71e51910,not_about_candidate,1.0,0.01,moderate,unclear,1.0,0.14,english,1.0,auto,v3,jev-1.13.0
nairaland_search-e2fba3aa3b7b,not_about_candidate,0.65,0.03,strong,unclear,0.96,0.22,mixed,0.71,human_review,v3,jev-1.13.0
nairaland_search-58a3184781d2,negative,0.44,0.03,strong,unclear,0.96,0.2,mixed,0.64,human_review,v3,jev-1.13.0
nairaland_search-142129777ff4,not_about_candidate,0.94,0.08,calm,unclear,1.0,0.2,english,0.78,auto,v3,jev-1.13.0
nairaland_search-0a3b59f941c0,not_about_candidate,0.71,0.03,strong,unclear,0.82,0.14,mixed,0.52,human_review,v3,jev-1.13.0
nairaland_search-07e64a9e0e79,not_about_candidate,0.76,0.03,strong,unclear,0.76,0.12,mixed,0.6,human_review,v3,jev-1.13.0
nairaland_search-037a0c5afb25,not_about_candidate,1.0,0.02,calm,unclear,0.97,0.06,english,0.96,auto,v3,jev-1.13.0
nairaland_search-10dcc2c01ee5,not_about_candidate,0.99,0.03,calm,unclear,0.98,0.11,english,0.99,auto,v3,jev-1.13.0
nairaland_search-a200910339be,not_about_candidate,1.0,0.02,calm,unclear,1.0,0.06,english,0.93,auto,v3,jev-1.13.0
nairaland_search-a15163a82b3d,not_about_candidate,1.0,0.02,calm,unclear,1.0,0.08,english,0.91,auto,v3,jev-1.13.0
nairaland_search-fa50d51b466c,not_about_candidate,0.99,0.02,moderate,unclear,1.0,0.08,english,0.96,auto,v3,jev-1.13.0
nairaland_search-35cf84a999e6,not_about_candidate,0.99,0.02,moderate,unclear,1.0,0.08,english,0.97,auto,v3,jev-1.13.0
nairaland_search-1eab67846040,not_about_candidate,0.83,0.06,calm,unclear,0.99,0.18,english,0.7,auto,v3,jev-1.13.0
nairaland_search-18bcfcd78fe4,not_about_candidate,0.9,0.07,calm,unclear,1.0,0.15,english,0.38,auto,v3,jev-1.13.0
nairaland_search-90079ee5b8b3,not_about_candidate,0.94,0.07,calm,unclear,1.0,0.18,english,0.81,auto,v3,jev-1.13.0
nairaland_search-0db93620c90b,not_about_candidate,0.95,0.13,calm,unclear,1.0,0.21,other,0.52,auto,v3,jev-1.13.0
nairaland_search-0f9a4583378f,not_about_candidate,0.54,0.05,calm,unclear,1.0,0.18,english,0.99,human_review,v3,jev-1.13.0
nairaland_search-317bd1ce36d6,not_about_candidate,0.79,0.07,calm,unclear,1.0,0.18,english,1.0,human_review,v3,jev-1.13.0
nairaland_search-1e9beeec05e8,not_about_candidate,1.0,0.03,calm,unclear,1.0,0.09,english,0.81,auto,v3,jev-1.13.0
nairaland_search-3a6762bce2c5,not_about_candidate,0.85,0.04,calm,unclear,1.0,0.13,english,0.89,auto,v3,jev-1.13.0
nairaland_search-d6aeed978592,not_about_candidate,1.0,0.06,calm,unclear,1.0,0.12,english,0.98,auto,v3,jev-1.13.0
nairaland_search-0a122a886027,negative,0.25,0.07,mild,unclear,1.0,0.13,english,0.98,human_review,v3,jev-1.13.0
nairaland_search-3ea479a17aab,negative,0.26,0.06,moderate,unclear,1.0,0.12,english,0.98,human_review,v3,jev-1.13.0
nairaland_search-68cc0ea2c4c4,not_about_candidate,0.97,0.02,strong,unclear,0.99,0.1,english,0.54,auto,v3,jev-1.13.0
nairaland_search-233c81226def,not_about_candidate,0.65,0.03,strong,unclear,0.99,0.15,mixed,0.63,human_review,v3,jev-1.13.0
nairaland_search-c7f58a87d515,not_about_candidate,0.79,0.05,moderate,unclear,1.0,0.08,english,0.87,human_review,v3,jev-1.13.0
nairaland_search-673807e71c89,negative,0.36,0.1,moderate,unclear,1.0,0.13,english,0.78,human_review,v3,jev-1.13.0
nairaland_search-c3850f421315,not_about_candidate,0.98,0.05,calm,unclear,0.96,0.12,english,0.72,auto,v3,jev-1.13.0
nairaland_search-059d9b489490,positive,0.49,0.05,mild,unclear,0.99,0.13,english,1.0,human_review,v3,jev-1.13.0
nairaland_search-08ab9f8576bb,not_about_candidate,0.79,0.05,calm,unclear,1.0,0.16,english,0.98,human_review,v3,jev-1.13.0
nairaland_search-c9738081ee52,not_about_candidate,0.75,0.04,calm,unclear,1.0,0.12,english,0.98,human_review,v3,jev-1.13.0
nairaland_search-1b75ee677f7e,not_about_candidate,1.0,0.02,mild,unclear,1.0,0.16,english,0.96,auto,v3,jev-1.13.0
nairaland_search-0f3a43f03d95,not_about_candidate,1.0,0.02,mild,unclear,1.0,0.16,english,0.96,auto,v3,jev-1.13.0
nairaland_search-a806f67a3535,not_about_candidate,0.67,0.07,calm,unclear,0.92,0.23,hausa,0.14,human_review,v3,jev-1.13.0
nairaland_search-211a8b788fc2,not_about_candidate,0.42,0.07,calm,unclear,0.89,0.23,other,0.43,human_review,v3,jev-1.13.0
nairaland_search-8020f3199bc9,not_about_candidate,0.85,0.05,mild,unclear,1.0,0.22,english,0.86,auto,v3,jev-1.13.0
nairaland_search-95379476490d,not_about_candidate,0.91,0.04,mild,unclear,1.0,0.2,english,0.91,auto,v3,jev-1.13.0
nairaland_search-bf462875c8f6,not_about_candidate,1.0,0.02,calm,unclear,1.0,0.08,english,0.81,auto,v3,jev-1.13.0
nairaland_search-43c40e9d958e,not_about_candidate,0.9,0.03,mild,unclear,1.0,0.11,english,0.85,auto,v3,jev-1.13.0
nairaland_search-1baf494d172f,not_about_candidate,1.0,0.02,calm,unclear,1.0,0.07,english,0.83,auto,v3,jev-1.13.0
nairaland_search-c5115e6bb916,not_about_candidate,1.0,0.02,calm,unclear,1.0,0.1,english,0.58,auto,v3,jev-1.13.0
nairaland_search-cdf558aca3c3,not_about_candidate,0.98,0.03,moderate,unclear,1.0,0.11,english,0.99,auto,v3,jev-1.13.0
nairaland_search-7a41754414cd,not_about_candidate,0.98,0.02,moderate,unclear,1.0,0.12,english,1.0,auto,v3,jev-1.13.0
nairaland_search-7d685582a3f1,not_about_candidate,1.0,0.06,calm,unclear,1.0,0.1,english,0.98,auto,v3,jev-1.13.0
nairaland_search-db1d0da81f4e,not_about_candidate,0.69,0.08,calm,unclear,0.84,0.25,english,0.7,human_review,v3,jev-1.13.0
nairaland_search-5036bc2311c1,not_about_candidate,0.78,0.12,calm,unclear,0.97,0.26,english,0.59,human_review,v3,jev-1.13.0
nairaland_search-380197b1eaf0,not_about_candidate,0.9,0.05,calm,unclear,1.0,0.13,english,0.99,auto,v3,jev-1.13.0
nairaland_search-f919353e3014,not_about_candidate,0.91,0.04,calm,unclear,1.0,0.12,english,0.99,auto,v3,jev-1.13.0
nairaland_search-045ed053f4b1,not_about_candidate,0.99,0.02,strong,unclear,1.0,0.11,english,0.99,auto,v3,jev-1.13.0
nairaland_search-49622907acb5,not_about_candidate,1.0,0.01,strong,unclear,1.0,0.1,english,0.99,auto,v3,jev-1.13.0
nairaland_search-7eb35d229730,not_about_candidate,1.0,0.01,strong,unclear,1.0,0.15,english,1.0,auto,v3,jev-1.13.0
nairaland_search-3219a5fa07e1,not_about_candidate,1.0,0.01,strong,unclear,1.0,0.13,english,1.0,auto,v3,jev-1.13.0
nairaland_search-9c5a2a13be06,not_about_candidate,1.0,0.02,strong,unclear,1.0,0.12,english,0.62,auto,v3,jev-1.13.0
nairaland_search-ccb4afb706ec,not_about_candidate,0.99,0.02,strong,unclear,1.0,0.12,english,0.71,auto,v3,jev-1.13.0
nairaland_search-1d958c3fc35f,not_about_candidate,1.0,0.01,moderate,unclear,1.0,0.15,english,1.0,auto,v3,jev-1.13.0
nairaland_search-cf61d186b383,not_about_candidate,1.0,0.01,moderate,unclear,1.0,0.14,english,1.0,auto,v3,jev-1.13.0
nairaland_search-68c4273a0983,not_about_candidate,0.92,0.03,mild,unclear,0.99,0.12,english,0.56,auto,v3,jev-1.13.0
nairaland_search-04a69fc4ed68,not_about_candidate,0.94,0.03,mild,unclear,0.99,0.12,english,0.43,auto,v3,jev-1.13.0
news_vanguard-002c0b5b91ce,not_about_candidate,1.0,0.02,mild,unclear,1.0,0.61,english,1.0,auto,v3,jev-1.13.0
news_dailypost-129aa3349be0,not_about_candidate,1.0,0.02,calm,unclear,1.0,0.64,english,1.0,auto,v3,jev-1.13.0
news_dailypost-a13d65fdaa82,not_about_candidate,1.0,0.01,mild,unclear,1.0,0.17,english,1.0,auto,v3,jev-1.13.0
